# 3ds Max Wavefront OBJ Exporter v0.97b - (c)2007 guruware
# File Created: 06.09.2017 20:56:53

mtllib Jar.mtl

#
# object Cylinder002
#

v  1024579.0000 170853.6719 -2194516.5000
v  1025952.5000 170853.6719 -2175410.7500
v  1025880.5000 59119.0039 -2175410.7500
v  1024507.7500 59119.0039 -2194506.2500
v  1020514.1250 170853.6719 -2213235.5000
v  1020445.0000 59119.0039 -2213215.0000
v  1019174.5625 284263.0938 -2212842.0000
v  1023197.1250 284263.1250 -2194317.7500
v  1024556.3750 284263.1250 -2175410.7500
v  1013813.5625 170853.6719 -2231180.2500
v  1013748.0000 59119.0039 -2231150.5000
v  1004639.6250 170853.6719 -2247995.7500
v  1004579.0000 59119.0039 -2247956.7500
v  1003465.1250 284263.0938 -2247241.0000
v  1012543.6250 284263.1250 -2230600.2500
v  993154.8125 170853.6719 -2263326.0000
v  993100.3750 59119.0039 -2263278.7500
v  979615.0625 170853.6719 -2276875.5000
v  979567.8750 59119.0039 -2276821.2500
v  978700.7500 284263.0938 -2275820.5000
v  992099.7500 284263.1250 -2262411.7500
v  964276.3750 170853.6719 -2288349.2500
v  964237.4375 59119.0039 -2288288.7500
v  947467.7500 170853.6719 -2297535.5000
v  947437.8125 59119.0039 -2297470.0000
v  946887.7500 284263.0938 -2296265.5000
v  963521.6250 284263.1250 -2287174.7500
v  929517.8750 170853.6719 -2304223.0000
v  929497.6250 59119.0039 -2304153.7500
v  910802.0625 170853.6719 -2308301.5000
v  910791.8125 59119.0039 -2308230.2500
v  910603.3750 284263.0938 -2306919.5000
v  929124.5625 284263.1250 -2302883.5000
v  891695.2500 170853.6719 -2309661.0000
v  891695.2500 59119.0039 -2309589.0000
v  872588.4375 170853.6719 -2308301.5000
v  872598.6875 59119.0039 -2308230.2500
v  872787.1250 284263.0938 -2306919.5000
v  891695.2500 284263.1250 -2308265.0000
v  853872.5625 170853.6719 -2304223.0000
v  853892.8750 59119.0039 -2304153.7500
v  835922.7500 170853.6719 -2297535.5000
v  835952.6875 59119.0039 -2297470.0000
v  836502.7500 284263.0938 -2296265.5000
v  854265.8750 284263.1250 -2302883.5000
v  819114.0625 170853.6719 -2288349.2500
v  819153.0000 59119.0039 -2288288.5000
v  803775.4375 170853.6719 -2276875.5000
v  803822.6250 59119.0039 -2276821.2500
v  804689.6875 284263.0938 -2275820.5000
v  819868.8750 284263.1250 -2287174.7500
v  790235.6875 170853.6719 -2263326.0000
v  790290.1250 59119.0039 -2263278.7500
v  778750.8750 170853.6719 -2247995.7500
v  778811.4375 59119.0039 -2247956.7500
v  779925.3750 284263.0938 -2247241.0000
v  791290.7500 284263.1250 -2262411.7500
v  769576.9375 170853.6719 -2231180.2500
v  769642.5000 59119.0039 -2231150.5000
v  762876.3750 170853.6719 -2213235.5000
v  762945.5000 59119.0039 -2213215.0000
v  764215.9375 284263.0938 -2212842.0000
v  770846.8750 284263.1250 -2230600.2500
v  758811.5000 170853.6719 -2194516.5000
v  758882.7500 59119.0039 -2194506.2500
v  757438.0000 170853.6719 -2175410.7500
v  757510.0000 59119.0039 -2175410.7500
v  758834.1250 284263.0938 -2175410.7500
v  760193.3750 284263.1250 -2194318.0000
v  758811.5000 170853.6719 -2156305.0000
v  758882.7500 59119.0039 -2156315.2500
v  762876.3750 170853.6719 -2137586.2500
v  762945.5000 59119.0039 -2137606.5000
v  764215.9375 284263.0938 -2137979.5000
v  760193.3750 284263.1250 -2156503.7500
v  769576.9375 170853.6719 -2119641.2500
v  769642.4375 59119.0039 -2119671.2500
v  778750.8125 170853.6719 -2102825.7500
v  778811.4375 59119.0039 -2102864.7500
v  779925.3750 284263.0938 -2103580.7500
v  770846.8750 284263.1250 -2120221.2500
v  790235.6250 170853.6719 -2087495.6250
v  790290.1250 59119.0039 -2087542.7500
v  803775.3750 170853.6719 -2073945.8750
v  803822.5625 59119.0039 -2074000.3750
v  804689.6875 284263.0938 -2075001.0000
v  791290.7500 284263.1250 -2088409.7500
v  819114.0000 170853.6719 -2062472.2500
v  819153.0000 59119.0039 -2062532.8750
v  835922.6875 170853.6719 -2053286.1250
v  835952.6250 59119.0039 -2053351.6250
v  836502.6875 284263.0938 -2054556.0000
v  819868.8125 284263.1250 -2063646.7500
v  853872.5000 170853.6719 -2046598.6250
v  853892.8125 59119.0039 -2046667.7500
v  872588.3750 170853.6719 -2042520.0000
v  872598.6250 59119.0039 -2042591.3750
v  872787.0625 284263.0938 -2043902.0000
v  854265.8125 284263.1250 -2047938.1250
v  891695.1250 170853.6719 -2041160.5000
v  891695.1250 59119.0039 -2041232.5000
v  910801.9375 170853.6719 -2042520.0000
v  910791.6875 59119.0039 -2042591.2500
v  910603.2500 284263.0938 -2043902.0000
v  891695.1250 284263.1250 -2042556.6250
v  929517.8125 170853.6719 -2046598.5000
v  929497.5000 59119.0039 -2046667.7500
v  947467.6250 170853.6719 -2053286.0000
v  947437.6875 59119.0039 -2053351.5000
v  946887.6250 284263.0938 -2054556.0000
v  929124.5000 284263.1250 -2047938.1250
v  964276.3125 170853.6719 -2062472.2500
v  964237.3750 59119.0039 -2062532.7500
v  979615.0000 170853.6719 -2073945.7500
v  979567.8125 59119.0039 -2074000.2500
v  978700.6875 284263.0938 -2075001.0000
v  963521.5000 284263.1250 -2063646.6250
v  993154.7500 170853.6719 -2087495.5000
v  993100.2500 59119.0039 -2087542.6250
v  1004639.5625 170853.6719 -2102825.7500
v  1004579.0000 59119.0039 -2102864.5000
v  1003465.0625 284263.0938 -2103580.5000
v  992099.6250 284263.1250 -2088409.6250
v  1013813.5000 170853.6719 -2119641.0000
v  1013748.0000 59119.0039 -2119671.0000
v  1020514.1250 170853.6719 -2137586.0000
v  1020445.0000 59119.0039 -2137606.2500
v  1019174.5000 284263.1250 -2137979.2500
v  1012543.5625 284263.1250 -2120221.0000
v  1024579.0000 170853.6719 -2156304.7500
v  1024507.6875 59119.0039 -2156315.0000
v  1023197.1250 284263.1250 -2156503.5000
v  891695.2500 0.8117 -2175410.7500
v  965047.0000 45.2697 -2164864.2500
v  976160.9375 79.8481 -2150609.2500
v  959104.5000 45.2697 -2144626.0000
v  947700.8750 45.2697 -2126881.5000
v  965752.1250 79.8481 -2127817.2500
v  949343.6875 79.8481 -2108880.7500
v  931759.9375 45.2697 -2113068.7500
v  912573.3125 45.2697 -2104306.5000
v  928264.8750 79.8481 -2095334.2500
v  904223.3750 79.8481 -2088275.1250
v  891695.1875 45.2697 -2101304.7500
v  870817.1250 45.2697 -2104306.5000
v  879167.0000 79.8481 -2088275.1250
v  855125.5000 79.8481 -2095334.3750
v  851630.4375 45.2697 -2113068.7500
v  835689.5625 45.2697 -2126881.5000
v  834046.7500 79.8481 -2108881.0000
v  817638.3125 79.8481 -2127817.2500
v  824286.0000 45.2697 -2144626.0000
v  818343.4375 45.2697 -2164864.2500
v  807229.5000 79.8481 -2150609.5000
v  803663.6250 79.8481 -2175410.7500
v  818343.4375 45.2697 -2185957.2500
v  824286.0000 45.2697 -2206195.5000
v  807229.5000 79.8481 -2200212.2500
v  817638.3125 79.8481 -2223004.2500
v  835689.6250 45.2697 -2223940.0000
v  851630.4375 45.2697 -2237752.7500
v  834046.7500 79.8481 -2241940.7500
v  855125.5625 79.8481 -2255487.2500
v  870817.1250 45.2697 -2246515.0000
v  891695.2500 45.2697 -2249516.7500
v  879167.0000 79.8481 -2262546.5000
v  904223.4375 79.8481 -2262546.2500
v  912573.3125 45.2697 -2246515.0000
v  931760.0000 45.2697 -2237752.7500
v  928264.9375 79.8481 -2255487.2500
v  949343.7500 79.8481 -2241940.7500
v  947700.8750 45.2697 -2223940.0000
v  959104.5000 45.2697 -2206195.5000
v  965752.1875 79.8481 -2223004.2500
v  976161.0000 79.8481 -2200212.2500
v  965047.0000 45.2697 -2185957.2500
v  979726.8750 79.8481 -2175410.7500
v  1024293.8125 20095.7949 -2194475.5000
v  1025664.3750 20095.7949 -2175410.7500
v  1023866.0000 17517.2363 -2194414.0000
v  1025232.1250 17517.2383 -2175410.7500
v  1019822.9375 17517.2383 -2213032.5000
v  1020237.6250 20095.7949 -2213154.2500
v  1013551.4375 20095.7949 -2231060.5000
v  1013158.3125 17517.2363 -2230881.0000
v  1004033.6250 17517.2383 -2247606.2500
v  1004397.2500 20095.7949 -2247840.0000
v  992937.0625 20095.7949 -2263137.2500
v  992610.3750 17517.2363 -2262854.2500
v  979143.3125 17517.2383 -2276331.2500
v  979426.3750 20095.7949 -2276657.7500
v  964120.6250 20095.7949 -2288106.7500
v  963886.9375 17517.2363 -2287743.2500
v  947168.4375 17517.2383 -2296880.2500
v  947348.0000 20095.7949 -2297273.2500
v  929436.7500 20095.7949 -2303946.5000
v  929314.9375 17517.2363 -2303531.7500
v  910699.5000 17517.2383 -2307588.5000
v  910761.0000 20095.7949 -2308016.2500
v  891695.2500 20095.7949 -2309372.7500
v  891695.2500 17517.2363 -2308940.5000
v  872690.9375 17517.2383 -2307588.5000
v  872629.4375 20095.7949 -2308016.2500
v  853953.7500 20095.7949 -2303946.5000
v  854075.5000 17517.2363 -2303531.7500
v  836222.0000 17517.2383 -2296880.2500
v  836042.4375 20095.7949 -2297273.2500
v  819269.8750 20095.7949 -2288106.7500
v  819503.5000 17517.2363 -2287743.2500
v  804247.1875 17517.2383 -2276331.2500
v  803964.1250 20095.7949 -2276657.7500
v  790453.4375 20095.7949 -2263137.2500
v  790780.1250 17517.2363 -2262854.2500
v  779356.8750 17517.2383 -2247606.2500
v  778993.2500 20095.7949 -2247840.0000
v  769839.0625 20095.7949 -2231060.5000
v  770232.1875 17517.2363 -2230881.0000
v  763567.5625 17517.2383 -2213032.5000
v  763152.8750 20095.7949 -2213154.2500
v  759096.6875 20095.7949 -2194475.5000
v  759524.5000 17517.2363 -2194414.0000
v  758158.3750 17517.2383 -2175410.7500
v  757726.1250 20095.7949 -2175410.7500
v  759096.6875 20095.7949 -2156346.0000
v  759524.5000 17517.2363 -2156407.5000
v  763567.5625 17517.2383 -2137789.0000
v  763152.8125 20095.7949 -2137667.2500
v  769839.0000 20095.7949 -2119761.0000
v  770232.1875 17517.2363 -2119940.5000
v  779356.8750 17517.2383 -2103215.2500
v  778993.2500 20095.7949 -2102981.5000
v  790453.4375 20095.7949 -2087684.2500
v  790780.0625 17517.2363 -2087967.3750
v  804247.1250 17517.2383 -2074490.3750
v  803964.1250 20095.7949 -2074163.7500
v  819269.8125 20095.7949 -2062714.7500
v  819503.5000 17517.2363 -2063078.2500
v  836221.9375 17517.2383 -2053941.3750
v  836042.3750 20095.7949 -2053548.2500
v  853953.6875 20095.7949 -2046875.1250
v  854075.4375 17517.2363 -2047289.7500
v  872690.8750 17517.2383 -2043233.1250
v  872629.3750 20095.7949 -2042805.2500
v  891695.1250 20095.7949 -2041448.6250
v  891695.1250 17517.2363 -2041880.8750
v  910699.4375 17517.2383 -2043233.1250
v  910760.9375 20095.7949 -2042805.2500
v  929436.6250 20095.7949 -2046875.0000
v  929314.8750 17517.2363 -2047289.7500
v  947168.3750 17517.2383 -2053941.2500
v  947347.9375 20095.7949 -2053548.1250
v  964120.5000 20095.7949 -2062714.6250
v  963886.8750 17517.2363 -2063078.2500
v  979143.1875 17517.2383 -2074490.2500
v  979426.2500 20095.7949 -2074163.6250
v  992936.9375 20095.7949 -2087684.1250
v  992610.3125 17517.2363 -2087967.1250
v  1004033.5000 17517.2383 -2103215.2500
v  1004397.1250 20095.7949 -2102981.5000
v  1013551.3750 20095.7949 -2119760.7500
v  1013158.2500 17517.2363 -2119940.2500
v  1019822.8750 17517.2383 -2137789.0000
v  1020237.6250 20095.7949 -2137667.2500
v  1024293.7500 20095.7949 -2156346.0000
v  1023865.9375 17517.2363 -2156407.5000
v  1023152.9375 15116.5068 -2194311.5000
v  1024511.6875 15116.5068 -2175410.7500
v  1022154.6875 12893.6113 -2194168.0000
v  1023503.1250 12893.6133 -2175410.7500
v  1018164.0000 12893.6113 -2212545.2500
v  1019131.6875 15116.5068 -2212829.5000
v  1020871.2500 10848.5459 -2193983.5000
v  1022206.3750 10848.5459 -2175410.7500
v  1019302.5625 8981.3135 -2193758.0000
v  1020621.5000 8981.3135 -2175410.7500
v  1015399.0625 8981.3135 -2211733.5000
v  1016919.7500 10848.5459 -2212180.0000
v  1017448.6250 7291.9116 -2193491.2500
v  1018748.4375 7291.9116 -2175410.7500
v  1015309.5625 5780.3423 -2193183.7500
v  1016587.2500 5780.3423 -2175410.7500
v  1011528.2500 5780.3433 -2210597.0000
v  1013601.8750 7291.9116 -2211205.7500
v  1012885.2500 4446.6045 -2192835.2500
v  1014137.8750 4446.6045 -2175410.7500
v  1010175.6875 3290.6987 -2192445.7500
v  1011400.3125 3290.6982 -2175410.7500
v  1006551.4375 3290.6990 -2209135.5000
v  1009178.0625 4446.6045 -2209906.7500
v  1007180.9375 2312.6240 -2192015.0000
v  1008374.6250 2312.6240 -2175410.7500
v  1003901.0000 1512.3813 -2191543.5000
v  1005060.7500 1512.3813 -2175410.7500
v  1000468.6250 1512.3812 -2207349.5000
v  1003648.2500 2312.6240 -2208283.0000
v  1000335.8125 889.9703 -2191031.0000
v  1001458.6875 889.9703 -2175410.7500
v  996485.3750 445.3910 -2190477.2500
v  997568.5000 445.3910 -2175410.7500
v  993279.8750 445.3910 -2205238.7500
v  997012.5000 889.9703 -2206334.7500
v  992349.7500 178.6435 -2189882.7500
v  993390.1250 178.6435 -2175410.7500
v  989270.8125 178.6435 -2204061.5000
v  1012503.0000 15116.5068 -2230581.7500
v  1011585.6250 12893.6113 -2230162.7500
v  1002579.1250 12893.6113 -2246671.5000
v  1003427.5625 15116.5068 -2247216.7500
v  1010406.1250 10848.5459 -2229624.2500
v  1008964.5625 8981.3135 -2228965.7500
v  1000154.9375 8981.3135 -2245113.5000
v  1001488.2500 10848.5459 -2245970.5000
v  1007260.8750 7291.9116 -2228187.7500
v  1005295.0625 5780.3423 -2227290.0000
v  996761.0625 5780.3433 -2242932.5000
v  998579.1875 7291.9116 -2244101.0000
v  1003067.1250 4446.6045 -2226272.5000
v  1000577.1250 3290.6987 -2225135.5000
v  992397.5625 3290.6990 -2240128.2500
v  994700.5000 4446.6045 -2241608.2500
v  997825.0000 2312.6240 -2223878.5000
v  994810.7500 1512.3813 -2222502.0000
v  987064.3750 1512.3812 -2236700.7500
v  989852.1875 2312.6240 -2238492.5000
v  991534.3750 889.9703 -2221005.7500
v  987995.9375 445.3910 -2219389.7500
v  980761.5000 445.3910 -2232650.2500
v  984034.1250 889.9703 -2234753.2500
v  984195.3750 178.6435 -2217654.2500
v  977246.4375 178.6435 -2230391.2500
v  992066.0000 15116.5068 -2262382.5000
v  991303.8125 12893.6113 -2261722.0000
v  978011.0625 12893.6113 -2275024.5000
v  978671.5000 15116.5068 -2275786.7500
v  990323.8125 10848.5459 -2260873.0000
v  989126.1250 8981.3135 -2259835.0000
v  976124.0000 8981.3135 -2272846.7500
v  977161.8750 10848.5459 -2274044.5000
v  987710.6250 7291.9116 -2258608.5000
v  986077.3750 5780.3423 -2257193.2500
v  973482.1250 5780.3433 -2269797.7500
v  974897.3750 7291.9116 -2271431.2500
v  984226.3750 4446.6045 -2255589.5000
v  982157.5625 3290.6987 -2253796.7500
v  970085.3750 3290.6990 -2265877.7500
v  971878.1250 4446.6045 -2267946.7500
v  979871.0000 2312.6240 -2251815.5000
v  977366.6875 1512.3813 -2249645.5000
v  965933.8750 1512.3812 -2261086.7500
v  968104.0000 2312.6240 -2263591.2500
v  974644.6250 889.9703 -2247286.7500
v  971704.7500 445.3910 -2244739.2500
v  961027.5000 445.3910 -2255424.5000
v  963575.0000 889.9703 -2258364.5000
v  968547.1250 178.6435 -2242003.2500
v  958291.2500 178.6435 -2252266.7500
v  963497.5000 15116.5068 -2287137.2500
v  962952.2500 12893.6113 -2286288.7500
v  946450.2500 12893.6113 -2295307.5000
v  946869.1875 15116.5068 -2296224.7500
v  962251.1875 10848.5459 -2285198.0000
v  961394.3750 8981.3135 -2283864.7500
v  945253.1250 8981.3135 -2292686.2500
v  945911.5625 10848.5459 -2294128.0000
v  960381.8125 7291.9116 -2282289.0000
v  959213.4375 5780.3423 -2280471.0000
v  943577.2500 5780.3433 -2289016.5000
v  944475.0625 7291.9116 -2290982.5000
v  957889.2500 4446.6045 -2278410.7500
v  956409.3125 3290.6987 -2276107.7500
v  941422.5000 3290.6990 -2284298.2500
v  942559.7500 4446.6045 -2286788.5000
v  954773.5625 2312.6240 -2273562.5000
v  952982.0625 1512.3813 -2270775.0000
v  938789.0000 1512.3812 -2278531.5000
v  940165.6250 2312.6240 -2281546.0000
v  951034.7500 889.9703 -2267744.7500
v  948931.6875 445.3910 -2264472.2500
v  935676.6250 445.3910 -2271716.5000
v  937292.6250 889.9703 -2275255.0000
v  946672.8125 178.6435 -2260957.5000
v  933940.8750 178.6435 -2267915.7500
v  929112.0000 15116.5068 -2302840.5000
v  928827.8750 12893.6113 -2301873.0000
v  910453.4375 12893.6113 -2305877.0000
v  910597.0000 15116.5068 -2306875.2500
v  928462.5625 10848.5459 -2300628.7500
v  928016.0625 8981.3135 -2299108.0000
v  910043.3750 8981.3135 -2303024.7500
v  910268.9375 10848.5459 -2304593.5000
v  927488.3750 7291.9116 -2297311.0000
v  926879.5625 5780.3423 -2295237.5000
v  909469.2500 5780.3433 -2299031.5000
v  909776.8125 7291.9116 -2301170.7500
v  926189.5000 4446.6045 -2292887.5000
v  925418.3125 3290.6987 -2290261.0000
v  908731.0625 3290.6990 -2293897.5000
v  909120.6250 4446.6045 -2296607.0000
v  924565.8750 2312.6240 -2287358.0000
v  923632.3125 1512.3813 -2284178.5000
v  907828.8125 1512.3812 -2287622.2500
v  908300.4375 2312.6240 -2290902.5000
v  922617.5625 889.9703 -2280722.5000
v  921521.6250 445.3910 -2276990.0000
v  906762.5625 445.3910 -2280206.5000
v  907316.1875 889.9703 -2284057.0000
v  920344.5000 178.6435 -2272981.2500
v  906167.9375 178.6435 -2276070.5000
v  891695.2500 15116.5068 -2308220.2500
v  891695.2500 12893.6113 -2307211.7500
v  872937.0000 12893.6113 -2305877.0000
v  872793.5000 15116.5068 -2306875.2500
v  891695.2500 10848.5459 -2305915.0000
v  891695.2500 8981.3135 -2304330.2500
v  873347.1250 8981.3135 -2303024.7500
v  873121.5625 10848.5459 -2304593.5000
v  891695.2500 7291.9116 -2302457.2500
v  891695.2500 5780.3423 -2300296.2500
v  873921.2500 5780.3433 -2299031.5000
v  873613.6875 7291.9116 -2301170.7500
v  891695.2500 4446.6045 -2297847.0000
v  891695.2500 3290.6987 -2295109.5000
v  874659.4375 3290.6990 -2293897.5000
v  874269.8125 4446.6045 -2296607.0000
v  891695.2500 2312.6240 -2292084.0000
v  891695.2500 1512.3813 -2288770.2500
v  875561.6250 1512.3812 -2287622.2500
v  875090.0000 2312.6240 -2290902.5000
v  891695.2500 889.9703 -2285168.5000
v  891695.2500 445.3910 -2281278.5000
v  876627.8750 445.3910 -2280206.5000
v  876074.2500 889.9703 -2284057.0000
v  891695.2500 178.6435 -2277100.2500
v  877222.5625 178.6435 -2276070.5000
v  854278.5000 15116.5068 -2302840.5000
v  854562.6250 12893.6113 -2301872.7500
v  836940.2500 12893.6113 -2295307.5000
v  836521.2500 15116.5068 -2296224.7500
v  854927.9375 10848.5459 -2300628.7500
v  855374.3750 8981.3135 -2299108.0000
v  838137.3125 8981.3135 -2292686.2500
v  837478.9375 10848.5459 -2294127.7500
v  855902.0625 7291.9116 -2297311.0000
v  856510.9375 5780.3423 -2295237.5000
v  839813.2500 5780.3433 -2289016.5000
v  838915.4375 7291.9116 -2290982.5000
v  857201.0000 4446.6045 -2292887.5000
v  857972.1875 3290.6987 -2290261.0000
v  841967.9375 3290.6990 -2284298.2500
v  840830.7500 4446.6045 -2286788.5000
v  858824.5625 2312.6240 -2287358.0000
v  859758.1250 1512.3813 -2284178.5000
v  844601.5000 1512.3812 -2278531.5000
v  843224.8750 2312.6240 -2281546.0000
v  860772.9375 889.9703 -2280722.5000
v  861868.8750 445.3910 -2276990.0000
v  847713.8750 445.3910 -2271716.5000
v  846097.8750 889.9703 -2275255.0000
v  863046.0000 178.6435 -2272981.2500
v  849449.6250 178.6435 -2267915.7500
v  819893.0000 15116.5068 -2287137.2500
v  820438.2500 12893.6113 -2286288.7500
v  805379.4375 12893.6113 -2275024.5000
v  804718.9375 15116.5068 -2275786.7500
v  821139.2500 10848.5459 -2285198.0000
v  821996.0625 8981.3135 -2283864.7500
v  807266.5000 8981.3135 -2272846.7500
v  806228.6250 10848.5459 -2274044.5000
v  823008.6875 7291.9116 -2282289.0000
v  824177.0625 5780.3423 -2280471.0000
v  809908.3750 5780.3433 -2269797.7500
v  808493.0625 7291.9116 -2271431.2500
v  825501.2500 4446.6045 -2278410.5000
v  826981.1875 3290.6987 -2276107.7500
v  813305.0625 3290.6990 -2265877.7500
v  811512.3750 4446.6045 -2267946.7500
v  828616.9375 2312.6240 -2273562.5000
v  830408.4375 1512.3813 -2270775.0000
v  817456.6250 1512.3812 -2261086.7500
v  815286.5000 2312.6240 -2263591.0000
v  832355.7500 889.9703 -2267744.7500
v  834458.8125 445.3910 -2264472.2500
v  822363.0000 445.3910 -2255424.5000
v  819815.4375 889.9703 -2258364.5000
v  836717.6875 178.6435 -2260957.5000
v  825099.2500 178.6435 -2252266.5000
v  791324.5000 15116.5068 -2262382.5000
v  792086.6875 12893.6113 -2261722.0000
v  780811.3750 12893.6113 -2246671.5000
v  779962.9375 15116.5068 -2247216.7500
v  793066.6250 10848.5459 -2260873.0000
v  794264.3750 8981.3135 -2259835.0000
v  783235.5625 8981.3135 -2245113.5000
v  781902.2500 10848.5459 -2245970.5000
v  795679.8750 7291.9116 -2258608.5000
v  797313.1250 5780.3423 -2257193.2500
v  786629.4375 5780.3433 -2242932.5000
v  784811.2500 7291.9116 -2244101.0000
v  799164.1250 4446.6045 -2255589.5000
v  801232.9375 3290.6987 -2253796.7500
v  790992.9375 3290.6990 -2240128.2500
v  788690.0000 4446.6045 -2241608.2500
v  803519.5000 2312.6240 -2251815.5000
v  806023.8125 1512.3813 -2249645.5000
v  796326.1250 1512.3812 -2236700.7500
v  793538.3125 2312.6240 -2238492.2500
v  808745.8750 889.9703 -2247286.7500
v  811685.7500 445.3910 -2244739.2500
v  802629.0000 445.3910 -2232650.2500
v  799356.3750 889.9703 -2234753.2500
v  814843.3750 178.6435 -2242003.2500
v  806144.0625 178.6435 -2230391.2500
v  770887.5000 15116.5068 -2230581.7500
v  771804.8750 12893.6113 -2230162.7500
v  765226.5000 12893.6113 -2212545.2500
v  764258.8125 15116.5068 -2212829.5000
v  772984.3125 10848.5459 -2229624.2500
v  774425.9375 8981.3135 -2228965.7500
v  767991.4375 8981.3135 -2211733.5000
v  766470.7500 10848.5459 -2212180.0000
v  776129.6250 7291.9116 -2228187.7500
v  778095.4375 5780.3423 -2227290.0000
v  771862.2500 5780.3433 -2210597.0000
v  769788.6250 7291.9116 -2211205.7500
v  780323.3750 4446.6045 -2226272.5000
v  782813.3750 3290.6987 -2225135.5000
v  776839.0625 3290.6990 -2209135.5000
v  774212.4375 4446.6045 -2209906.7500
v  785565.5000 2312.6240 -2223878.5000
v  788579.7500 1512.3813 -2222502.0000
v  782921.8750 1512.3812 -2207349.5000
v  779742.2500 2312.6240 -2208283.2500
v  791856.1250 889.9703 -2221005.7500
v  795394.5625 445.3910 -2219389.7500
v  790110.6250 445.3910 -2205238.7500
v  786378.0000 889.9703 -2206334.7500
v  799195.1250 178.6435 -2217654.2500
v  794119.6875 178.6435 -2204061.5000
v  760237.5625 15116.5068 -2194311.5000
v  761235.8125 12893.6113 -2194168.0000
v  759887.3750 12893.6113 -2175410.7500
v  758878.8125 15116.5068 -2175410.7500
v  762519.2500 10848.5459 -2193983.5000
v  764087.9375 8981.3135 -2193758.0000
v  762769.0000 8981.3135 -2175410.7500
v  761184.1250 10848.5459 -2175410.7500
v  765941.8750 7291.9116 -2193491.2500
v  768080.9375 5780.3423 -2193183.7500
v  766803.2500 5780.3433 -2175410.7500
v  764642.0625 7291.9116 -2175410.7500
v  770505.2500 4446.6045 -2192835.2500
v  773214.8125 3290.6987 -2192445.7500
v  771990.1875 3290.6990 -2175410.7500
v  769252.6250 4446.6045 -2175410.7500
v  776209.5625 2312.6240 -2192015.0000
v  779489.5000 1512.3813 -2191543.5000
v  778329.7500 1512.3812 -2175410.7500
v  775015.8750 2312.6240 -2175410.7500
v  783054.6875 889.9703 -2191031.0000
v  786905.1250 445.3910 -2190477.2500
v  785822.0000 445.3910 -2175410.7500
v  781931.8125 889.9703 -2175410.7500
v  791040.7500 178.6435 -2189882.7500
v  790000.3750 178.6435 -2175410.7500
v  760237.5625 15116.5068 -2156510.0000
v  761235.8125 12893.6113 -2156653.5000
v  765226.5000 12893.6113 -2138276.2500
v  764258.7500 15116.5068 -2137992.0000
v  762519.2500 10848.5459 -2156838.0000
v  764087.9375 8981.3135 -2157063.5000
v  767991.3750 8981.3135 -2139088.0000
v  766470.6875 10848.5459 -2138641.5000
v  765941.8750 7291.9116 -2157330.2500
v  768080.9375 5780.3423 -2157637.7500
v  771862.2500 5780.3433 -2140224.7500
v  769788.5625 7291.9116 -2139615.7500
v  770505.2500 4446.6045 -2157986.2500
v  773214.8125 3290.6987 -2158375.7500
v  776839.0625 3290.6990 -2141686.0000
v  774212.4375 4446.6045 -2140914.7500
v  776209.5625 2312.6240 -2158806.5000
v  779489.5000 1512.3813 -2159278.0000
v  782921.8750 1512.3812 -2143472.0000
v  779742.2500 2312.6240 -2142538.5000
v  783054.6875 889.9703 -2159790.5000
v  786905.1250 445.3910 -2160344.2500
v  790110.6250 445.3910 -2145582.7500
v  786378.0000 889.9703 -2144486.7500
v  791040.6875 178.6435 -2160938.7500
v  794119.6875 178.6435 -2146760.0000
v  770887.4375 15116.5068 -2120239.7500
v  771804.8125 12893.6113 -2120658.7500
v  780811.3750 12893.6113 -2104150.0000
v  779962.9375 15116.5068 -2103604.7500
v  772984.3125 10848.5459 -2121197.2500
v  774425.9375 8981.3135 -2121855.7500
v  783235.5625 8981.3135 -2105708.0000
v  781902.2500 10848.5459 -2104851.2500
v  776129.6250 7291.9116 -2122633.7500
v  778095.4375 5780.3423 -2123531.5000
v  786629.3750 5780.3433 -2107889.0000
v  784811.2500 7291.9116 -2106720.7500
v  780323.3750 4446.6045 -2124549.0000
v  782813.3750 3290.6987 -2125686.0000
v  790992.9375 3290.6990 -2110693.2500
v  788689.9375 4446.6045 -2109213.2500
v  785565.5000 2312.6240 -2126943.0000
v  788579.7500 1512.3813 -2128319.5000
v  796326.1250 1512.3812 -2114120.7500
v  793538.3125 2312.6240 -2112329.2500
v  791856.1250 889.9703 -2129815.7500
v  795394.5625 445.3910 -2131431.7500
v  802629.0000 445.3910 -2118171.2500
v  799356.3125 889.9703 -2116068.2500
v  799195.1250 178.6435 -2133167.5000
v  806144.0000 178.6435 -2120430.2500
v  791324.5000 15116.5068 -2088439.0000
v  792086.6875 12893.6113 -2089099.5000
v  805379.3750 12893.6113 -2075797.0000
v  804718.9375 15116.5068 -2075034.7500
v  793066.6250 10848.5459 -2089948.6250
v  794264.3750 8981.3135 -2090986.5000
v  807266.4375 8981.3135 -2077974.8750
v  806228.5625 10848.5459 -2076777.0000
v  795679.8125 7291.9116 -2092213.0000
v  797313.0625 5780.3423 -2093628.2500
v  809908.3750 5780.3433 -2081023.7500
v  808493.0625 7291.9116 -2079390.3750
v  799164.1250 4446.6045 -2095232.1250
v  801232.8750 3290.6987 -2097024.7500
v  813305.0625 3290.6990 -2084943.7500
v  811512.3750 4446.6045 -2082874.8750
v  803519.4375 2312.6240 -2099006.0000
v  806023.7500 1512.3813 -2101176.0000
v  817456.6250 1512.3812 -2089734.8750
v  815286.5000 2312.6240 -2087230.3750
v  808745.8750 889.9703 -2103534.7500
v  811685.7500 445.3910 -2106082.2500
v  822362.9375 445.3910 -2095397.1250
v  819815.4375 889.9703 -2092457.1250
v  814843.3750 178.6435 -2108818.2500
v  825099.1875 178.6435 -2098555.0000
v  819892.9375 15116.5068 -2063684.3750
v  820438.1875 12893.6113 -2064532.7500
v  836940.1875 12893.6113 -2055514.1250
v  836521.2500 15116.5068 -2054596.7500
v  821139.2500 10848.5459 -2065623.5000
v  821996.0625 8981.3135 -2066956.7500
v  838137.2500 8981.3135 -2058135.3750
v  837478.8750 10848.5459 -2056693.6250
v  823008.6250 7291.9116 -2068532.3750
v  824177.0000 5780.3423 -2070350.5000
v  839813.1875 5780.3433 -2061805.0000
v  838915.3750 7291.9116 -2059839.1250
v  825501.1875 4446.6045 -2072410.8750
v  826981.1250 3290.6987 -2074713.7500
v  841967.8750 3290.6990 -2066523.2500
v  840830.6875 4446.6045 -2064033.0000
v  828616.8750 2312.6240 -2077259.0000
v  830408.3750 1512.3813 -2080046.6250
v  844601.4375 1512.3812 -2072289.8750
v  843224.8125 2312.6240 -2069275.5000
v  832355.6875 889.9703 -2083076.7500
v  834458.8125 445.3910 -2086349.1250
v  847713.8750 445.3910 -2079105.0000
v  846097.8125 889.9703 -2075566.3750
v  836717.6875 178.6435 -2089864.0000
v  849449.6250 178.6435 -2082905.8750
v  854278.4375 15116.5068 -2047981.0000
v  854562.5625 12893.6113 -2048948.6250
v  872936.9375 12893.6113 -2044944.5000
v  872793.4375 15116.5068 -2043946.2500
v  854927.8750 10848.5459 -2050192.7500
v  855374.3750 8981.3135 -2051713.3750
v  873347.0625 8981.3135 -2047796.7500
v  873121.5000 10848.5459 -2046228.0000
v  855902.0000 7291.9116 -2053510.5000
v  856510.8750 5780.3423 -2055584.0000
v  873921.1875 5780.3433 -2051790.0000
v  873613.6250 7291.9116 -2049650.7500
v  857200.9375 4446.6045 -2057934.1250
v  857972.1250 3290.6987 -2060560.6250
v  874659.3750 3290.6990 -2056924.1250
v  874269.7500 4446.6045 -2054214.5000
v  858824.5000 2312.6240 -2063463.6250
v  859758.1250 1512.3813 -2066643.0000
v  875561.5625 1512.3812 -2063199.1250
v  875090.0000 2312.6240 -2059919.0000
v  860772.8750 889.9703 -2070099.0000
v  861868.8125 445.3910 -2073831.3750
v  876627.8125 445.3910 -2070615.1250
v  876074.1875 889.9703 -2066764.5000
v  863045.9375 178.6435 -2077840.2500
v  877222.5000 178.6435 -2074751.0000
v  891695.1875 15116.5068 -2042601.2500
v  891695.1875 12893.6113 -2043609.7500
v  910453.3750 12893.6113 -2044944.5000
v  910596.8750 15116.5068 -2043946.1250
v  891695.1875 10848.5459 -2044906.3750
v  891695.1875 8981.3135 -2046491.2500
v  910043.2500 8981.3135 -2047796.7500
v  910268.8125 10848.5459 -2046228.0000
v  891695.1875 7291.9116 -2048364.2500
v  891695.1875 5780.3423 -2050525.2500
v  909469.1250 5780.3433 -2051790.0000
v  909776.6875 7291.9116 -2049650.7500
v  891695.1875 4446.6045 -2052974.5000
v  891695.1875 3290.6987 -2055712.0000
v  908730.9375 3290.6990 -2056924.1250
v  909120.5625 4446.6045 -2054214.3750
v  891695.1875 2312.6240 -2058737.5000
v  891695.1875 1512.3813 -2062051.2500
v  907828.7500 1512.3812 -2063199.1250
v  908300.3750 2312.6240 -2059919.0000
v  891695.1875 889.9703 -2065653.0000
v  891695.1875 445.3910 -2069543.0000
v  906762.5000 445.3910 -2070615.1250
v  907316.1250 889.9703 -2066764.5000
v  891695.1875 178.6435 -2073721.1250
v  906167.8750 178.6435 -2074751.0000
v  929111.9375 15116.5068 -2047981.0000
v  928827.7500 12893.6113 -2048948.6250
v  946450.1250 12893.6113 -2055514.0000
v  946869.1250 15116.5068 -2054596.6250
v  928462.5000 10848.5459 -2050192.7500
v  928016.0000 8981.3135 -2051713.3750
v  945253.0625 8981.3135 -2058135.2500
v  945911.4375 10848.5459 -2056693.6250
v  927488.3125 7291.9116 -2053510.5000
v  926879.4375 5780.3423 -2055584.0000
v  943577.1875 5780.3433 -2061805.0000
v  944474.9375 7291.9116 -2059839.0000
v  926189.4375 4446.6045 -2057934.0000
v  925418.1875 3290.6987 -2060560.6250
v  941422.4375 3290.6990 -2066523.1250
v  942559.6250 4446.6045 -2064033.0000
v  924565.8125 2312.6240 -2063463.5000
v  923632.2500 1512.3813 -2066643.0000
v  938788.8750 1512.3812 -2072289.8750
v  940165.5000 2312.6240 -2069275.5000
v  922617.5000 889.9703 -2070099.0000
v  921521.5625 445.3910 -2073831.3750
v  935676.5000 445.3910 -2079105.0000
v  937292.5625 889.9703 -2075566.3750
v  920344.4375 178.6435 -2077840.2500
v  933940.7500 178.6435 -2082905.7500
v  963497.3750 15116.5068 -2063684.2500
v  962952.1250 12893.6113 -2064532.6250
v  978010.9375 12893.6113 -2075796.8750
v  978671.4375 15116.5068 -2075034.7500
v  962251.1250 10848.5459 -2065623.5000
v  961394.3125 8981.3135 -2066956.7500
v  976123.8750 8981.3135 -2077974.7500
v  977161.8125 10848.5459 -2076776.8750
v  960381.6875 7291.9116 -2068532.3750
v  959213.3125 5780.3423 -2070350.3750
v  973482.0000 5780.3433 -2081023.6250
v  974897.3125 7291.9116 -2079390.2500
v  957889.1875 4446.6045 -2072410.7500
v  956409.2500 3290.6987 -2074713.6250
v  970085.3125 3290.6990 -2084943.6250
v  971878.0000 4446.6045 -2082874.7500
v  954773.5000 2312.6240 -2077258.8750
v  952982.0000 1512.3813 -2080046.5000
v  965933.7500 1512.3812 -2089734.7500
v  968103.8750 2312.6240 -2087230.2500
v  951034.6875 889.9703 -2083076.6250
v  948931.5625 445.3910 -2086349.1250
v  961027.4375 445.3910 -2095397.0000
v  963574.9375 889.9703 -2092457.0000
v  946672.7500 178.6435 -2089864.0000
v  958291.1875 178.6435 -2098554.7500
v  992065.8750 15116.5068 -2088438.8750
v  991303.6875 12893.6113 -2089099.3750
v  1002579.0000 12893.6113 -2104150.0000
v  1003427.5000 15116.5068 -2103604.7500
v  990323.7500 10848.5459 -2089948.5000
v  989126.0000 8981.3135 -2090986.3750
v  1000154.8750 8981.3135 -2105707.7500
v  1001488.1250 10848.5459 -2104851.0000
v  987710.5625 7291.9116 -2092212.8750
v  986077.3125 5780.3423 -2093628.1250
v  996761.0000 5780.3433 -2107889.0000
v  998579.1250 7291.9116 -2106720.5000
v  984226.2500 4446.6045 -2095232.0000
v  982157.5000 3290.6987 -2097024.6250
v  992397.5000 3290.6990 -2110693.2500
v  994700.4375 4446.6045 -2109213.2500
v  979870.9375 2312.6240 -2099006.0000
v  977366.6250 1512.3813 -2101176.0000
v  987064.3125 1512.3812 -2114120.7500
v  989852.1250 2312.6240 -2112329.0000
v  974644.5000 889.9703 -2103534.7500
v  971704.6875 445.3910 -2106082.0000
v  980761.4375 445.3910 -2118171.2500
v  984034.1250 889.9703 -2116068.0000
v  968547.0625 178.6435 -2108818.2500
v  977246.3750 178.6435 -2120430.2500
v  1012502.9375 15116.5068 -2120239.5000
v  1011585.5625 12893.6113 -2120658.5000
v  1018163.9375 12893.6133 -2138276.0000
v  1019131.6250 15116.5068 -2137992.0000
v  1010406.1250 10848.5459 -2121197.2500
v  1008964.5000 8981.3135 -2121855.5000
v  1015399.0625 8981.3125 -2139088.0000
v  1016919.7500 10848.5459 -2138641.5000
v  1007260.8125 7291.9116 -2122633.5000
v  1005295.0000 5780.3423 -2123531.2500
v  1011528.1875 5780.3423 -2140224.5000
v  1013601.8750 7291.9116 -2139615.5000
v  1003067.0625 4446.6045 -2124548.7500
v  1000577.0625 3290.6987 -2125686.0000
v  1006551.3750 3290.6982 -2141685.7500
v  1009178.0000 4446.6045 -2140914.5000
v  997824.9375 2312.6240 -2126942.7500
v  994810.6875 1512.3813 -2128319.2500
v  1000468.6250 1512.3813 -2143472.0000
v  1003648.2500 2312.6240 -2142538.2500
v  991534.3125 889.9703 -2129815.7500
v  987995.8750 445.3910 -2131431.5000
v  993279.8750 445.3910 -2145582.7500
v  997012.5000 889.9703 -2144486.7500
v  984195.3125 178.6435 -2133167.2500
v  989270.7500 178.6435 -2146760.0000
v  1023152.9375 15116.5068 -2156510.0000
v  1022154.6875 12893.6113 -2156653.5000
v  1020871.1875 10848.5459 -2156838.0000
v  1019302.5000 8981.3135 -2157063.5000
v  1017448.6250 7291.9116 -2157330.0000
v  1015309.5000 5780.3423 -2157637.5000
v  1012885.1875 4446.6045 -2157986.2500
v  1010175.6875 3290.6987 -2158375.7500
v  1007180.9375 2312.6240 -2158806.2500
v  1003900.9375 1512.3813 -2159278.0000
v  1000335.7500 889.9703 -2159790.5000
v  996485.3750 445.3910 -2160344.2500
v  992349.7500 178.6435 -2160938.7500
v  1019051.5000 328310.6250 -2193721.7500
v  1020367.8750 328310.6250 -2175410.7500
v  1015155.7500 328310.6250 -2211662.0000
v  1011136.9375 336348.3125 -2210482.0000
v  1014905.8750 336348.3125 -2193125.7500
v  1016179.4375 336348.3125 -2175410.7500
v  1008733.8750 328310.6250 -2228860.5000
v  999941.5625 328310.6250 -2244976.5000
v  996418.0000 336348.3125 -2242712.0000
v  1004924.1250 336348.3125 -2227120.7500
v  988934.4375 328310.6250 -2259669.0000
v  975957.8750 328310.6250 -2272655.0000
v  973215.0625 336348.3125 -2269489.5000
v  985769.1875 336348.3125 -2256926.2500
v  961257.3125 328310.6250 -2283651.5000
v  945147.8125 328310.6250 -2292455.5000
v  943407.8750 336348.3125 -2288645.5000
v  958992.9375 336348.3125 -2280128.0000
v  927944.6250 328310.6250 -2298864.7500
v  910007.2500 328310.6250 -2302773.7500
v  909411.1875 336348.3125 -2298627.7500
v  926764.6250 336348.3125 -2294846.2500
v  891695.2500 328310.6250 -2304076.7500
v  873383.1875 328310.6250 -2302773.7500
v  873979.3125 336348.3125 -2298627.7500
v  891695.2500 336348.3125 -2299888.5000
v  855445.8750 328310.6250 -2298864.7500
v  838242.6875 328310.6250 -2292455.5000
v  839982.6250 336348.3125 -2288645.5000
v  856625.8125 336348.3125 -2294846.2500
v  822133.1875 328310.6250 -2283651.5000
v  807432.5625 328310.6250 -2272655.0000
v  810175.4375 336348.3125 -2269489.5000
v  824397.5000 336348.3125 -2280128.0000
v  794456.0000 328310.6250 -2259669.0000
v  783448.9375 328310.6250 -2244976.5000
v  786972.5000 336348.3125 -2242712.0000
v  797621.3125 336348.3125 -2256926.2500
v  774656.6250 328310.6250 -2228860.5000
v  768234.7500 328310.6250 -2211662.0000
v  772253.5625 336348.3125 -2210482.0000
v  778466.3750 336348.3125 -2227120.7500
v  764339.0000 328310.6250 -2193721.7500
v  763022.6250 328310.6250 -2175410.7500
v  767211.0625 336348.3125 -2175410.7500
v  768484.6250 336348.3125 -2193125.7500
v  764339.0000 328310.6250 -2157099.7500
v  768234.7500 328310.6250 -2139159.5000
v  772253.5625 336348.3125 -2140339.5000
v  768484.5625 336348.3125 -2157695.7500
v  774656.6250 328310.6250 -2121961.0000
v  783448.9375 328310.6250 -2105845.0000
v  786972.5000 336348.3125 -2108109.5000
v  778466.3750 336348.3125 -2123701.0000
v  794456.0000 328310.6250 -2091152.5000
v  807432.5625 328310.6250 -2078166.5000
v  810175.3750 336348.3125 -2081331.8750
v  797621.2500 336348.3125 -2093895.2500
v  822133.1250 328310.6250 -2067170.1250
v  838242.6250 328310.6250 -2058366.0000
v  839982.5625 336348.3125 -2062176.0000
v  824397.5000 336348.3125 -2070693.5000
v  855445.8125 328310.6250 -2051956.7500
v  873383.1250 328310.6250 -2048047.7500
v  873979.2500 336348.3125 -2052193.6250
v  856625.7500 336348.3125 -2055975.3750
v  891695.1875 328310.6250 -2046744.8750
v  910007.1875 328310.6250 -2048047.7500
v  909411.1250 336348.3125 -2052193.6250
v  891695.1875 336348.3125 -2050933.1250
v  927944.5000 328310.6250 -2051956.7500
v  945147.6875 328310.6250 -2058366.0000
v  943407.7500 336348.3125 -2062175.8750
v  926764.5625 336348.3125 -2055975.2500
v  961257.1875 328310.6250 -2067170.0000
v  975957.8125 328310.6250 -2078166.3750
v  973215.0000 336348.3125 -2081331.7500
v  958992.8750 336348.3125 -2070693.3750
v  988934.3750 328310.6250 -2091152.3750
v  999941.5000 328310.6250 -2105845.0000
v  996417.9375 336348.3125 -2108109.5000
v  985769.1250 336348.3125 -2093895.1250
v  1008733.8125 328310.6250 -2121960.7500
v  1015155.6875 328310.6250 -2139159.2500
v  1011136.8750 336348.3125 -2140339.5000
v  1004924.0625 336348.3125 -2123700.7500
v  1019051.5000 328310.6250 -2157099.5000
v  1014905.8750 336348.3125 -2157695.7500
v  1013524.0625 357933.0313 -2192927.0000
v  1014161.7500 354894.6563 -2193018.7500
v  1010415.5625 354894.6563 -2210270.2500
v  1009797.3750 357933.0313 -2210088.7500
v  1014161.7500 360971.4375 -2193018.7500
v  1010415.5625 360971.4375 -2210270.2500
v  1015427.5625 360971.4375 -2175410.7500
v  1014783.2500 357933.0313 -2175410.7500
v  1015427.5625 354894.6563 -2175410.7500
v  1003654.1875 357933.0313 -2226540.7500
v  1004240.2500 354894.6563 -2226808.2500
v  995785.5000 354894.6563 -2242305.5000
v  995243.5000 357933.0313 -2241957.2500
v  1004240.2500 360971.4375 -2226808.2500
v  995785.5000 360971.4375 -2242305.5000
v  984714.1250 357933.0313 -2256012.0000
v  985201.0000 354894.6563 -2256434.0000
v  972722.6875 354894.6563 -2268921.5000
v  972300.7500 357933.0313 -2268434.5000
v  985201.0000 360971.4375 -2256434.0000
v  972722.6875 360971.4375 -2268921.5000
v  958238.1875 357933.0313 -2278953.5000
v  958586.5000 354894.6563 -2279495.5000
v  943095.5000 354894.6563 -2287961.5000
v  942827.8750 357933.0313 -2287375.5000
v  958586.5000 360971.4375 -2279495.5000
v  943095.5000 360971.4375 -2287961.5000
v  926371.3125 357933.0313 -2293506.7500
v  926552.8750 354894.6563 -2294124.7500
v  909304.1875 354894.6563 -2297883.7500
v  909212.5000 357933.0313 -2297246.0000
v  926552.8750 360971.4375 -2294124.7500
v  909304.1875 360971.4375 -2297883.7500
v  891695.2500 357933.0313 -2298492.2500
v  891695.2500 354894.6563 -2299136.5000
v  874086.3125 354894.6563 -2297883.7500
v  874178.0000 357933.0313 -2297246.0000
v  891695.2500 360971.4375 -2299136.5000
v  874086.3125 360971.4375 -2297883.7500
v  857019.1250 357933.0313 -2293506.7500
v  856837.6250 354894.6563 -2294124.7500
v  840294.9375 354894.6563 -2287961.5000
v  840562.6250 357933.0313 -2287375.5000
v  856837.6250 360971.4375 -2294124.7500
v  840294.9375 360971.4375 -2287961.5000
v  825152.3125 357933.0313 -2278953.5000
v  824804.0000 354894.6563 -2279495.5000
v  810667.8125 354894.6563 -2268921.5000
v  811089.7500 357933.0313 -2268434.5000
v  824804.0000 360971.4375 -2279495.5000
v  810667.8125 360971.4375 -2268921.5000
v  798676.3750 357933.0313 -2256012.0000
v  798189.5000 354894.6563 -2256434.0000
v  787605.0000 354894.6563 -2242305.5000
v  788147.0000 357933.0313 -2241957.2500
v  798189.5000 360971.4375 -2256434.0000
v  787605.0000 360971.4375 -2242305.5000
v  779736.3125 357933.0313 -2226540.7500
v  779150.2500 354894.6563 -2226808.2500
v  772974.9375 354894.6563 -2210270.2500
v  773593.1250 357933.0313 -2210088.7500
v  779150.2500 360971.4375 -2226808.2500
v  772974.9375 360971.4375 -2210270.2500
v  769866.4375 357933.0313 -2192927.0000
v  769228.7500 354894.6563 -2193018.7500
v  767962.9375 354894.6563 -2175410.7500
v  768607.2500 357933.0313 -2175410.7500
v  769228.7500 360971.4375 -2193018.7500
v  767962.9375 360971.4375 -2175410.7500
v  769866.4375 357933.0313 -2157894.5000
v  769228.7500 354894.6563 -2157802.7500
v  772974.9375 354894.6563 -2140551.2500
v  773593.1250 357933.0313 -2140733.0000
v  769228.7500 360971.4375 -2157802.7500
v  772974.9375 360971.4375 -2140551.2500
v  779736.3125 357933.0313 -2124280.7500
v  779150.2500 354894.6563 -2124013.2500
v  787605.0000 354894.6563 -2108516.0000
v  788147.0000 357933.0313 -2108864.5000
v  779150.2500 360971.4375 -2124013.2500
v  787605.0000 360971.4375 -2108516.0000
v  798676.3750 357933.0313 -2094809.5000
v  798189.4375 354894.6563 -2094387.6250
v  810667.7500 354894.6563 -2081900.1250
v  811089.6875 357933.0313 -2082387.0000
v  798189.4375 360971.4375 -2094387.6250
v  810667.7500 360971.4375 -2081900.1250
v  825152.2500 357933.0313 -2071868.0000
v  824803.9375 354894.6563 -2071326.0000
v  840294.9375 354894.6563 -2062859.8750
v  840562.5625 357933.0313 -2063446.0000
v  824803.9375 360971.4375 -2071326.0000
v  840294.9375 360971.4375 -2062859.8750
v  857019.0625 357933.0313 -2057314.8750
v  856837.5625 354894.6563 -2056696.7500
v  874086.2500 354894.6563 -2052937.8750
v  874177.9375 357933.0313 -2053575.6250
v  856837.5625 360971.4375 -2056696.7500
v  874086.2500 360971.4375 -2052937.8750
v  891695.1875 357933.0313 -2052329.1250
v  891695.1875 354894.6563 -2051684.8750
v  909304.1250 354894.6563 -2052937.8750
v  909212.4375 357933.0313 -2053575.6250
v  891695.1875 360971.4375 -2051684.8750
v  909304.1250 360971.4375 -2052937.8750
v  926371.2500 357933.0313 -2057314.7500
v  926552.7500 354894.6563 -2056696.6250
v  943095.4375 354894.6563 -2062859.8750
v  942827.7500 357933.0313 -2063445.8750
v  926552.7500 360971.4375 -2056696.6250
v  943095.4375 360971.4375 -2062859.8750
v  958238.0625 357933.0313 -2071867.8750
v  958586.3750 354894.6563 -2071325.8750
v  972722.6250 354894.6563 -2081900.0000
v  972300.6875 357933.0313 -2082387.0000
v  958586.3750 360971.4375 -2071325.8750
v  972722.6250 360971.4375 -2081900.0000
v  984714.0000 357933.0313 -2094809.3750
v  985200.9375 354894.6563 -2094387.5000
v  995785.4375 354894.6563 -2108516.0000
v  995243.4375 357933.0313 -2108864.2500
v  985200.9375 360971.4375 -2094387.5000
v  995785.4375 360971.4375 -2108516.0000
v  1003654.1250 357933.0313 -2124280.7500
v  1004240.1875 354894.6563 -2124013.0000
v  1010415.5000 354894.6875 -2140551.2500
v  1009797.3125 357933.0313 -2140732.7500
v  1004240.1875 360971.4375 -2124013.0000
v  1010415.5000 360971.4375 -2140551.2500
v  1013524.0000 357933.0313 -2157894.2500
v  1014161.7500 354894.6563 -2157802.7500
v  1014161.7500 360971.4375 -2157802.7500
v  1018625.6875 366035.4375 -2193660.7500
v  1017988.0000 362997.0313 -2193569.0000
v  1014124.7500 362997.0313 -2211359.2500
v  1014742.9375 366035.4375 -2211540.7500
v  1018625.6875 370086.5938 -2193660.7500
v  1014742.9375 370086.5938 -2211540.7500
v  1019937.6875 370086.5938 -2175410.7500
v  1019937.6875 366035.4375 -2175410.7500
v  1019293.3750 362997.0313 -2175410.7500
v  1013524.0625 341728.2813 -2192927.0000
v  1014161.7500 344766.7188 -2193018.7500
v  1015427.5625 344766.7188 -2175410.7500
v  1014783.2500 341728.2813 -2175410.7500
v  1009797.3750 341728.2813 -2210088.7500
v  1010415.5625 344766.7188 -2210270.2500
v  1018625.6875 349830.6875 -2193660.5000
v  1017988.0000 352869.0625 -2193569.0000
v  1019293.3750 352869.0625 -2175410.7500
v  1019937.6875 349830.6875 -2175410.7500
v  1017988.0000 346792.2813 -2193569.0000
v  1019293.3750 346792.2813 -2175410.7500
v  1014124.7500 346792.2813 -2211359.2500
v  1014742.9375 349830.6875 -2211540.7500
v  1014124.7500 352869.0625 -2211359.2500
v  1008342.5625 366035.4375 -2228681.7500
v  1007756.5000 362997.0313 -2228414.2500
v  999037.6250 362997.0313 -2244395.5000
v  999579.6250 366035.4375 -2244743.7500
v  1008342.5625 370086.5938 -2228681.7500
v  999579.6250 370086.5938 -2244743.7500
v  1003654.1875 341728.2813 -2226540.7500
v  1004240.2500 344766.7188 -2226808.2500
v  995243.5000 341728.2813 -2241957.2500
v  995785.5000 344766.7188 -2242305.5000
v  1008342.5625 349830.6875 -2228681.7500
v  1007756.5000 352869.0625 -2228414.2500
v  1007756.5000 346792.2813 -2228414.2500
v  999037.6250 346792.2813 -2244395.5000
v  999579.6250 349830.6875 -2244743.7500
v  999037.6250 352869.0625 -2244395.5000
v  988609.3125 366035.4375 -2259387.2500
v  988122.4375 362997.0313 -2258965.5000
v  975254.2500 362997.0313 -2271843.0000
v  975676.1875 366035.4375 -2272330.0000
v  988609.3125 370086.5938 -2259387.2500
v  975676.1875 370086.5938 -2272330.0000
v  984714.1250 341728.2813 -2256012.0000
v  985201.0000 344766.7188 -2256434.0000
v  972300.7500 341728.2813 -2268434.5000
v  972722.6875 344766.7188 -2268921.5000
v  988609.3125 349830.6875 -2259387.2500
v  988122.4375 352869.0625 -2258965.5000
v  988122.4375 346792.2813 -2258965.5000
v  975254.2500 346792.2813 -2271843.0000
v  975676.1875 349830.6875 -2272330.0000
v  975254.2500 352869.0625 -2271843.0000
v  961024.7500 366035.4375 -2283289.5000
v  960676.4375 362997.0313 -2282747.5000
v  944701.4375 362997.0313 -2291478.0000
v  944969.1250 366035.4375 -2292064.2500
v  961024.7500 370086.5938 -2283289.5000
v  944969.1250 370086.5938 -2292064.2500
v  958238.1875 341728.2813 -2278953.5000
v  958586.5000 344766.7188 -2279495.5000
v  942827.8750 341728.2813 -2287375.5000
v  943095.5000 344766.7188 -2287961.7500
v  961024.7500 349830.6875 -2283289.5000
v  960676.4375 352869.0625 -2282747.5000
v  960676.4375 346792.2813 -2282747.5000
v  944701.4375 346792.2813 -2291478.0000
v  944969.1250 349830.6875 -2292064.2500
v  944701.4375 352869.0625 -2291478.0000
v  927823.4375 366035.4375 -2298452.0000
v  927641.8750 362997.0313 -2297833.7500
v  909854.3125 362997.0313 -2301710.0000
v  909946.0000 366035.4375 -2302347.7500
v  927823.4375 370086.5938 -2298452.0000
v  909946.0000 370086.5938 -2302347.7500
v  926371.3125 341728.2813 -2293506.7500
v  926552.8750 344766.7188 -2294124.7500
v  909212.5000 341728.2813 -2297246.0000
v  909304.1875 344766.7188 -2297883.7500
v  927823.4375 349830.6875 -2298452.0000
v  927641.8750 352869.0625 -2297833.7500
v  927641.8750 346792.2813 -2297833.7500
v  909854.3125 346792.2813 -2301710.0000
v  909946.0000 349830.6875 -2302347.7500
v  909854.3125 352869.0625 -2301710.0000
v  891695.2500 366035.4375 -2303646.5000
v  891695.2500 362997.0313 -2303002.2500
v  873536.1875 362997.0313 -2301710.0000
v  873444.5000 366035.4375 -2302347.7500
v  891695.2500 370086.5938 -2303646.5000
v  873444.5000 370086.5938 -2302347.7500
v  891695.2500 341728.2813 -2298492.2500
v  891695.2500 344766.7188 -2299136.5000
v  874178.0000 341728.2813 -2297246.0000
v  874086.3125 344766.7188 -2297883.7500
v  891695.2500 349830.6875 -2303646.5000
v  891695.2500 352869.0625 -2303002.2500
v  891695.2500 346792.2813 -2303002.2500
v  873536.1875 346792.2813 -2301710.0000
v  873444.5000 349830.6875 -2302347.7500
v  873536.1875 352869.0625 -2301710.0000
v  855567.0625 366035.4375 -2298452.0000
v  855748.5625 362997.0313 -2297833.7500
v  838689.0000 362997.0313 -2291478.0000
v  838421.3750 366035.4375 -2292064.2500
v  855567.0625 370086.5938 -2298452.0000
v  838421.3750 370086.5938 -2292064.2500
v  857019.1250 341728.2813 -2293506.7500
v  856837.6250 344766.7188 -2294124.7500
v  840562.6250 341728.2813 -2287375.5000
v  840294.9375 344766.7188 -2287961.5000
v  855567.0625 349830.6875 -2298452.0000
v  855748.5625 352869.0625 -2297833.7500
v  855748.5625 346792.2813 -2297833.7500
v  838689.0000 346792.2813 -2291478.0000
v  838421.3750 349830.6875 -2292064.2500
v  838689.0000 352869.0625 -2291478.0000
v  822365.7500 366035.4375 -2283289.5000
v  822714.0625 362997.0313 -2282747.5000
v  808136.2500 362997.0313 -2271843.0000
v  807714.3125 366035.4375 -2272330.0000
v  822365.7500 370086.5938 -2283289.5000
v  807714.3125 370086.5938 -2272330.0000
v  825152.3125 341728.2813 -2278953.5000
v  824804.0000 344766.7188 -2279495.5000
v  811089.7500 341728.2813 -2268434.5000
v  810667.8125 344766.7188 -2268921.5000
v  822365.7500 349830.6875 -2283289.5000
v  822714.0625 352869.0625 -2282747.5000
v  822714.0625 346792.2813 -2282747.5000
v  808136.2500 346792.2813 -2271843.0000
v  807714.3125 349830.6875 -2272330.0000
v  808136.2500 352869.0625 -2271843.0000
v  794781.1250 366035.4375 -2259387.2500
v  795268.0625 362997.0313 -2258965.5000
v  784352.8750 362997.0313 -2244395.5000
v  783810.8750 366035.4375 -2244743.7500
v  794781.1250 370086.5938 -2259387.2500
v  783810.8750 370086.5938 -2244743.7500
v  798676.3750 341728.2813 -2256012.0000
v  798189.5000 344766.7188 -2256434.0000
v  788147.0000 341728.2813 -2241957.2500
v  787605.0000 344766.7188 -2242305.5000
v  794781.1250 349830.6875 -2259387.2500
v  795268.0625 352869.0625 -2258965.5000
v  795268.0625 346792.2813 -2258965.5000
v  784352.8750 346792.2813 -2244395.5000
v  783810.8750 349830.6875 -2244743.7500
v  784352.8750 352869.0625 -2244395.5000
v  775047.9375 366035.4375 -2228681.7500
v  775634.0000 362997.0313 -2228414.2500
v  769265.7500 362997.0313 -2211359.2500
v  768647.5625 366035.4375 -2211540.7500
v  775047.9375 370086.5938 -2228681.7500
v  768647.5625 370086.5938 -2211540.7500
v  779736.3125 341728.2813 -2226540.7500
v  779150.2500 344766.7188 -2226808.2500
v  773593.1250 341728.2813 -2210088.7500
v  772974.9375 344766.7188 -2210270.2500
v  775047.9375 349830.6875 -2228681.7500
v  775634.0000 352869.0625 -2228414.2500
v  775634.0000 346792.2813 -2228414.2500
v  769265.7500 346792.2813 -2211359.2500
v  768647.5625 349830.6875 -2211540.7500
v  769265.7500 352869.0625 -2211359.2500
v  764764.8125 366035.4375 -2193660.5000
v  765402.5000 362997.0313 -2193569.0000
v  764097.1250 362997.0313 -2175410.7500
v  763452.8125 366035.4375 -2175410.7500
v  764764.8125 370086.5938 -2193660.5000
v  763452.8125 370086.5938 -2175410.7500
v  769866.4375 341728.2813 -2192927.0000
v  769228.7500 344766.7188 -2193018.7500
v  768607.2500 341728.2813 -2175410.7500
v  767962.9375 344766.7188 -2175410.7500
v  764764.8125 349830.6875 -2193660.5000
v  765402.5000 352869.0625 -2193569.0000
v  765402.5000 346792.2813 -2193569.0000
v  764097.1250 346792.2813 -2175410.7500
v  763452.8125 349830.6875 -2175410.7500
v  764097.1250 352869.0625 -2175410.7500
v  764764.7500 366035.4375 -2157161.0000
v  765402.5000 362997.0313 -2157252.5000
v  769265.7500 362997.0313 -2139462.2500
v  768647.5000 366035.4375 -2139280.7500
v  764764.7500 370086.5938 -2157161.0000
v  768647.5000 370086.5938 -2139280.7500
v  769866.4375 341728.2813 -2157894.5000
v  769228.7500 344766.7188 -2157802.7500
v  773593.1250 341728.2813 -2140733.0000
v  772974.9375 344766.7188 -2140551.2500
v  764764.8125 349830.6875 -2157161.0000
v  765402.5000 352869.0625 -2157252.5000
v  765402.5000 346792.2813 -2157252.5000
v  769265.7500 346792.2813 -2139462.2500
v  768647.5000 349830.6875 -2139280.7500
v  769265.7500 352869.0625 -2139462.2500
v  775047.9375 366035.4375 -2122139.7500
v  775634.0000 362997.0313 -2122407.5000
v  784352.8750 362997.0313 -2106426.0000
v  783810.8125 366035.4375 -2106077.7500
v  775047.9375 370086.5938 -2122139.7500
v  783810.8125 370086.5938 -2106077.7500
v  779736.3125 341728.2813 -2124280.7500
v  779150.2500 344766.7188 -2124013.2500
v  788147.0000 341728.2813 -2108864.5000
v  787605.0000 344766.7188 -2108516.0000
v  775047.9375 349830.6875 -2122139.7500
v  775634.0000 352869.0625 -2122407.5000
v  775634.0000 346792.2813 -2122407.5000
v  784352.8750 346792.2813 -2106426.0000
v  783810.8125 349830.6875 -2106077.7500
v  784352.8750 352869.0625 -2106426.0000
v  794781.1250 366035.4375 -2091434.2500
v  795268.0000 362997.0313 -2091856.1250
v  808136.1875 362997.0313 -2078978.5000
v  807714.2500 366035.4375 -2078491.6250
v  794781.1250 370086.5938 -2091434.2500
v  807714.2500 370086.5938 -2078491.6250
v  798676.3750 341728.2813 -2094809.5000
v  798189.4375 344766.7188 -2094387.6250
v  811089.6875 341728.2813 -2082387.0000
v  810667.7500 344766.7188 -2081900.1250
v  794781.1250 349830.6875 -2091434.2500
v  795268.0000 352869.0625 -2091856.1250
v  795268.0000 346792.2813 -2091856.1250
v  808136.1875 346792.2813 -2078978.5000
v  807714.2500 349830.6875 -2078491.6250
v  808136.1875 352869.0625 -2078978.5000
v  822365.7500 366035.4375 -2067532.0000
v  822714.0625 362997.0313 -2068074.0000
v  838689.0000 362997.0313 -2059343.3750
v  838421.3750 366035.4375 -2058757.3750
v  822365.7500 370086.5938 -2067532.0000
v  838421.3750 370086.5938 -2058757.3750
v  825152.2500 341728.2813 -2071868.0000
v  824803.9375 344766.7188 -2071326.0000
v  840562.5625 341728.2813 -2063446.0000
v  840294.9375 344766.7188 -2062859.8750
v  822365.7500 349830.6875 -2067532.0000
v  822714.0625 352869.0625 -2068074.0000
v  822714.0625 346792.2813 -2068074.0000
v  838689.0000 346792.2813 -2059343.3750
v  838421.3750 349830.6875 -2058757.3750
v  838689.0000 352869.0625 -2059343.5000
v  855567.0000 366035.4375 -2052369.5000
v  855748.5000 362997.0313 -2052987.6250
v  873536.0625 362997.0313 -2049111.3750
v  873444.3750 366035.4375 -2048473.6250
v  855567.0000 370086.5938 -2052369.5000
v  873444.3750 370086.5938 -2048473.6250
v  857019.0625 341728.2813 -2057314.8750
v  856837.5625 344766.7188 -2056696.7500
v  874177.9375 341728.2813 -2053575.6250
v  874086.2500 344766.7188 -2052937.8750
v  855567.0000 349830.6875 -2052369.5000
v  855748.5000 352869.0625 -2052987.6250
v  855748.5000 346792.2813 -2052987.6250
v  873536.0625 346792.2813 -2049111.3750
v  873444.3750 349830.6875 -2048473.6250
v  873536.0625 352869.0625 -2049111.3750
v  891695.1875 366035.4375 -2047175.0000
v  891695.1875 362997.0313 -2047819.2500
v  909854.2500 362997.0313 -2049111.3750
v  909945.9375 366035.4375 -2048473.6250
v  891695.1875 370086.5938 -2047175.0000
v  909945.9375 370086.5938 -2048473.6250
v  891695.1875 341728.2813 -2052329.1250
v  891695.1875 344766.7188 -2051684.8750
v  909212.4375 341728.2813 -2053575.6250
v  909304.1250 344766.7188 -2052937.8750
v  891695.1875 349830.6875 -2047175.0000
v  891695.1875 352869.0625 -2047819.2500
v  891695.1875 346792.2813 -2047819.2500
v  909854.2500 346792.2813 -2049111.3750
v  909945.9375 349830.6875 -2048473.6250
v  909854.2500 352869.0625 -2049111.3750
v  927823.3125 366035.4375 -2052369.5000
v  927641.8125 362997.0313 -2052987.6250
v  944701.3125 362997.0313 -2059343.3750
v  944969.0000 366035.4375 -2058757.2500
v  927823.3125 370086.5938 -2052369.5000
v  944969.0000 370086.5938 -2058757.2500
v  926371.2500 341728.2813 -2057314.7500
v  926552.7500 344766.7188 -2056696.6250
v  942827.7500 341728.2813 -2063445.8750
v  943095.4375 344766.7188 -2062859.8750
v  927823.3125 349830.6875 -2052369.5000
v  927641.8125 352869.0625 -2052987.6250
v  927641.8125 346792.2813 -2052987.6250
v  944701.3125 346792.2813 -2059343.3750
v  944969.0000 349830.6875 -2058757.2500
v  944701.3125 352869.0625 -2059343.3750
v  961024.6250 366035.4375 -2067532.0000
v  960676.3125 362997.0313 -2068074.0000
v  975254.1875 362997.0313 -2078978.5000
v  975676.1250 366035.4375 -2078491.5000
v  961024.6250 370086.5938 -2067532.0000
v  975676.0625 370086.5938 -2078491.5000
v  958238.0625 341728.2813 -2071867.8750
v  958586.3750 344766.7188 -2071325.8750
v  972300.6875 341728.2813 -2082387.0000
v  972722.6250 344766.7188 -2081900.0000
v  961024.6250 349830.6875 -2067532.0000
v  960676.3125 352869.0625 -2068074.0000
v  960676.3125 346792.2813 -2068074.0000
v  975254.1875 346792.2813 -2078978.5000
v  975676.1250 349830.6875 -2078491.5000
v  975254.1875 352869.0625 -2078978.5000
v  988609.2500 366035.4375 -2091434.1250
v  988122.3750 362997.0313 -2091856.0000
v  999037.5625 362997.0313 -2106426.0000
v  999579.5625 366035.4375 -2106077.5000
v  988609.2500 370086.5938 -2091434.1250
v  999579.5625 370086.5938 -2106077.5000
v  984714.0000 341728.2813 -2094809.3750
v  985200.9375 344766.7188 -2094387.5000
v  995243.4375 341728.2813 -2108864.2500
v  995785.4375 344766.7188 -2108516.0000
v  988609.2500 349830.6875 -2091434.1250
v  988122.3750 352869.0625 -2091856.0000
v  988122.3750 346792.2813 -2091856.0000
v  999037.5625 346792.2813 -2106426.0000
v  999579.5625 349830.6875 -2106077.5000
v  999037.5625 352869.0625 -2106426.0000
v  1008342.5000 366035.4375 -2122139.5000
v  1007756.4375 362997.0313 -2122407.2500
v  1014124.6875 362997.0313 -2139462.0000
v  1014742.8750 366035.4375 -2139280.5000
v  1008342.5000 370086.5938 -2122139.5000
v  1014742.8750 370086.5938 -2139280.5000
v  1003654.1250 341728.2813 -2124280.7500
v  1004240.1875 344766.7188 -2124013.0000
v  1009797.3125 341728.2813 -2140732.7500
v  1010415.5000 344766.7188 -2140551.2500
v  1008342.5000 349830.6875 -2122139.5000
v  1007756.4375 352869.0625 -2122407.2500
v  1007756.4375 346792.2813 -2122407.2500
v  1014124.6875 346792.2813 -2139462.0000
v  1014742.8750 349830.6875 -2139280.5000
v  1014124.6875 352869.0625 -2139462.0000
v  1018625.6875 366035.4375 -2157160.7500
v  1017988.0000 362997.0313 -2157252.5000
v  1018625.6875 370086.5938 -2157160.7500
v  1013524.0000 341728.2813 -2157894.2500
v  1014161.7500 344766.7188 -2157802.7500
v  1018625.6875 349830.6875 -2157160.7500
v  1017988.0000 352869.0625 -2157252.5000
v  1017988.0000 346792.2813 -2157252.5000
v  1016074.8750 361984.2188 -2193293.7500
v  1017360.5000 361984.2188 -2175410.7500
v  1012270.1250 361984.2188 -2210814.7500
v  1005998.3750 361984.2188 -2227611.2500
v  997411.5625 361984.2188 -2243350.5000
v  986661.7500 361984.2188 -2257699.7500
v  973988.5000 361984.2188 -2270382.2500
v  959631.4375 361984.2188 -2281121.5000
v  943898.5000 361984.2188 -2289719.7500
v  927097.3750 361984.2188 -2295979.2500
v  909579.2500 361984.2188 -2299797.0000
v  891695.2500 361984.2188 -2301069.5000
v  873811.2500 361984.2188 -2299797.0000
v  856293.1250 361984.2188 -2295979.2500
v  839492.0000 361984.2188 -2289719.7500
v  823759.0000 361984.2188 -2281121.5000
v  809402.0000 361984.2188 -2270382.2500
v  796728.7500 361984.2188 -2257699.7500
v  785978.9375 361984.2188 -2243350.5000
v  777392.1250 361984.2188 -2227611.2500
v  771120.3750 361984.2188 -2210814.7500
v  767315.6250 361984.2188 -2193293.7500
v  766030.0000 361984.2188 -2175410.7500
v  767315.6250 361984.2188 -2157527.7500
v  771120.3750 361984.2188 -2140006.7500
v  777392.1250 361984.2188 -2123210.2500
v  785978.9375 361984.2188 -2107471.0000
v  796728.7500 361984.2188 -2093121.8750
v  809402.0000 361984.2188 -2080439.3750
v  823759.0000 361984.2188 -2069700.0000
v  839491.9375 361984.2188 -2061101.6250
v  856293.0625 361984.2188 -2054842.1250
v  873811.1250 361984.2188 -2051024.6250
v  891695.1875 361984.2188 -2049752.1250
v  909579.1875 361984.2188 -2051024.6250
v  927097.3125 361984.2188 -2054842.1250
v  943898.3750 361984.2188 -2061101.6250
v  959631.3750 361984.2188 -2069699.8750
v  973988.3750 361984.2188 -2080439.2500
v  986661.6250 361984.2188 -2093121.7500
v  997411.5000 361984.2188 -2107471.0000
v  1005998.3125 361984.2188 -2123210.0000
v  1012270.1250 361984.2188 -2140006.5000
v  1016074.8750 361984.2188 -2157527.5000
v  1016074.8750 345779.5000 -2193293.7500
v  1017360.5000 345779.5000 -2175410.7500
v  1012270.1250 345779.5000 -2210814.7500
v  1005998.3750 345779.5000 -2227611.2500
v  997411.5625 345779.5000 -2243350.5000
v  986661.7500 345779.5000 -2257699.7500
v  973988.5000 345779.5000 -2270382.2500
v  959631.4375 345779.5000 -2281121.5000
v  943898.5000 345779.5000 -2289719.7500
v  927097.3750 345779.5000 -2295979.2500
v  909579.2500 345779.5000 -2299797.0000
v  891695.2500 345779.5000 -2301069.5000
v  873811.2500 345779.5000 -2299797.0000
v  856293.1250 345779.5000 -2295979.2500
v  839492.0000 345779.5000 -2289719.7500
v  823759.0000 345779.5000 -2281121.5000
v  809402.0000 345779.5000 -2270382.2500
v  796728.7500 345779.5000 -2257699.7500
v  785978.9375 345779.5000 -2243350.5000
v  777392.1250 345779.5000 -2227611.2500
v  771120.3750 345779.5000 -2210814.7500
v  767315.6250 345779.5000 -2193293.7500
v  766030.0000 345779.5000 -2175410.7500
v  767315.6250 345779.5000 -2157527.7500
v  771120.3750 345779.5000 -2140006.7500
v  777392.1250 345779.5000 -2123210.2500
v  785978.9375 345779.5000 -2107471.0000
v  796728.7500 345779.5000 -2093121.8750
v  809402.0000 345779.5000 -2080439.3750
v  823759.0000 345779.5000 -2069700.0000
v  839491.9375 345779.5000 -2061101.6250
v  856293.0625 345779.5000 -2054842.1250
v  873811.1250 345779.5000 -2051024.6250
v  891695.1875 345779.5000 -2049752.1250
v  909579.1875 345779.5000 -2051024.6250
v  927097.3125 345779.5000 -2054842.1250
v  943898.3750 345779.5000 -2061101.6250
v  959631.3750 345779.5000 -2069699.8750
v  973988.3750 345779.5000 -2080439.2500
v  986661.6250 345779.5000 -2093121.7500
v  997411.5000 345779.5000 -2107471.0000
v  1005998.3125 345779.5000 -2123210.0000
v  1012270.1250 345779.5000 -2140006.5000
v  1016074.8750 345779.5000 -2157527.5000
v  1016074.8750 353881.8750 -2193293.7500
v  1012270.1250 353881.8750 -2210814.7500
v  1017360.5000 353881.8750 -2175410.7500
v  1016074.8750 353881.8750 -2157527.5000
v  1012270.1250 353881.8750 -2140006.5000
v  1005998.3125 353881.8750 -2123210.0000
v  997411.5000 353881.8750 -2107471.0000
v  986661.6250 353881.8750 -2093121.7500
v  973988.3750 353881.8750 -2080439.2500
v  959631.3750 353881.8750 -2069699.8750
v  943898.3750 353881.8750 -2061101.6250
v  927097.3125 353881.8750 -2054842.1250
v  909579.1875 353881.8750 -2051024.6250
v  891695.1875 353881.8750 -2049752.1250
v  873811.1250 353881.8750 -2051024.6250
v  856293.0625 353881.8750 -2054842.1250
v  839491.9375 353881.8750 -2061101.6250
v  823759.0000 353881.8750 -2069700.0000
v  809402.0000 353881.8750 -2080439.3750
v  796728.7500 353881.8750 -2093121.8750
v  785978.9375 353881.8750 -2107471.0000
v  777392.1250 353881.8750 -2123210.2500
v  771120.3125 353881.8750 -2140006.7500
v  767315.6250 353881.8750 -2157527.7500
v  766030.0000 353881.8750 -2175410.7500
v  767315.6250 353881.8750 -2193293.7500
v  771120.3750 353881.8750 -2210814.7500
v  777392.1250 353881.8750 -2227611.2500
v  785978.9375 353881.8750 -2243350.5000
v  796728.7500 353881.8750 -2257699.7500
v  809402.0000 353881.8750 -2270382.2500
v  823759.0000 353881.8750 -2281121.5000
v  839492.0000 353881.8750 -2289719.7500
v  856293.1250 353881.8750 -2295979.2500
v  873811.2500 353881.8750 -2299797.0000
v  891695.2500 353881.8750 -2301069.5000
v  909579.2500 353881.8750 -2299797.0000
v  927097.3750 353881.8750 -2295979.2500
v  943898.5000 353881.8750 -2289719.7500
v  959631.4375 353881.8750 -2281121.5000
v  973988.5000 353881.8750 -2270382.2500
v  986661.7500 353881.8750 -2257699.7500
v  997411.5625 353881.8750 -2243350.5000
v  1005998.3750 353881.8750 -2227611.2500
v  1025988.3125 353989.1563 -2194719.2500
v  1022872.2500 358026.9375 -2194271.2500
v  1018859.5625 358026.9375 -2212749.5000
v  1021880.3125 353989.1563 -2213636.5000
v  1030143.0625 353989.1563 -2195316.7500
v  1025908.0000 353989.1563 -2214819.2500
v  1031574.0625 353989.1563 -2175411.0000
v  1027376.3750 353989.1563 -2175410.7500
v  1024228.0625 358026.9375 -2175410.7500
v  1015108.6875 353989.1563 -2231771.7500
v  1012245.0625 358026.9375 -2230464.0000
v  1003189.0000 358026.9375 -2247063.5000
v  1005837.5000 353989.1563 -2248765.5000
v  1018926.8125 353989.1563 -2233515.5000
v  1009368.7500 353989.1563 -2251035.0000
v  994230.8125 353989.1563 -2264258.2500
v  991851.6250 358026.9375 -2262196.7500
v  978485.8125 358026.9375 -2275572.5000
v  980547.5000 353989.1563 -2277951.7500
v  997403.0625 353989.1563 -2267007.0000
v  983296.4375 353989.1563 -2281124.0000
v  965046.2500 353989.1563 -2289547.0000
v  963344.2500 358026.9375 -2286898.5000
v  946751.4375 358026.9375 -2295966.7500
v  948059.3125 353989.1563 -2298830.5000
v  967315.6250 353989.1563 -2293078.0000
v  949803.1250 353989.1563 -2302649.0000
v  929919.0000 353989.1563 -2305589.0000
v  929032.1250 358026.9375 -2302568.5000
v  910556.5625 358026.9375 -2306594.5000
v  911004.5625 353989.1563 -2309710.7500
v  931101.5625 353989.1563 -2309616.5000
v  911601.9375 353989.1563 -2313865.7500
v  891695.2500 353989.1563 -2311084.7500
v  891695.2500 358026.9375 -2307936.7500
v  872833.9375 358026.9375 -2306594.5000
v  872385.8750 353989.1563 -2309710.7500
v  891695.2500 353989.1563 -2315282.2500
v  871788.5625 353989.1563 -2313865.7500
v  853471.4375 353989.1563 -2305589.0000
v  854358.3750 358026.9375 -2302568.5000
v  836639.0000 358026.9375 -2295966.7500
v  835331.1250 353989.1563 -2298830.5000
v  852288.8750 353989.1563 -2309616.5000
v  833587.3125 353989.1563 -2302649.0000
v  818344.2500 353989.1563 -2289547.0000
v  820046.2500 358026.9375 -2286898.5000
v  804904.6875 358026.9375 -2275572.5000
v  802843.0000 353989.1563 -2277951.7500
v  816074.8750 353989.1563 -2293078.0000
v  800094.0625 353989.1563 -2281124.0000
v  789159.6250 353989.1563 -2264258.2500
v  791538.8750 358026.9375 -2262196.7500
v  780201.5000 358026.9375 -2247063.5000
v  777553.0000 353989.1563 -2248765.5000
v  785987.4375 353989.1563 -2267007.0000
v  774021.6875 353989.1563 -2251035.0000
v  768281.8125 353989.1563 -2231771.7500
v  771145.4375 358026.9375 -2230464.0000
v  764530.9375 358026.9375 -2212749.5000
v  761510.1875 353989.1563 -2213636.5000
v  764463.6875 353989.1563 -2233515.5000
v  757482.5000 353989.1563 -2214819.2500
v  757402.1875 353989.1563 -2194719.2500
v  760518.2500 358026.9375 -2194271.2500
v  759162.4375 358026.9375 -2175410.7500
v  756014.1250 353989.1563 -2175410.7500
v  753247.4375 353989.1563 -2195316.5000
v  751816.4375 353989.1563 -2175410.7500
v  757402.1875 353989.1563 -2156102.2500
v  760518.2500 358026.9375 -2156550.2500
v  764530.9375 358026.9375 -2138072.0000
v  761510.1875 353989.1563 -2137185.0000
v  753247.4375 353989.1563 -2155505.0000
v  757482.5000 353989.1563 -2136002.2500
v  768281.8125 353989.1563 -2119049.7500
v  771145.4375 358026.9375 -2120357.5000
v  780201.5000 358026.9375 -2103758.0000
v  777553.0000 353989.1563 -2102056.0000
v  764463.6250 353989.1563 -2117306.0000
v  774021.6875 353989.1563 -2099786.5000
v  789159.6250 353989.1563 -2086563.2500
v  791538.8125 358026.9375 -2088624.7500
v  804904.6250 358026.9375 -2075249.1250
v  802843.0000 353989.1563 -2072869.8750
v  785987.3750 353989.1563 -2083814.5000
v  800094.0625 353989.1563 -2069697.5000
v  818344.2500 353989.1563 -2061274.5000
v  820046.2500 358026.9375 -2063922.8750
v  836639.0625 358026.9375 -2054854.6250
v  835331.1875 353989.1563 -2051990.8750
v  816074.9375 353989.1563 -2057743.3750
v  833587.4375 353989.1563 -2048172.5000
v  853471.3750 353989.1563 -2045232.5000
v  854358.3125 358026.9375 -2048253.1250
v  872833.7500 358026.9375 -2044226.8750
v  872385.7500 353989.1563 -2041110.7500
v  852288.8125 353989.1563 -2041205.0000
v  871788.3125 353989.1563 -2036955.7500
v  891695.1250 353989.1563 -2039736.7500
v  891695.1875 358026.9375 -2042884.8750
v  910556.5625 358026.9375 -2044226.8750
v  911004.5625 353989.1563 -2041110.6250
v  891695.1250 353989.1563 -2035539.2500
v  911602.0000 353989.1563 -2036955.7500
v  929918.9375 353989.1563 -2045232.5000
v  929032.0000 358026.9375 -2048253.0000
v  946751.3125 358026.9375 -2054854.6250
v  948059.1250 353989.1563 -2051990.8750
v  931101.5000 353989.1563 -2041205.0000
v  949802.8750 353989.1563 -2048172.5000
v  965046.0625 353989.1563 -2061274.5000
v  963344.0625 358026.9375 -2063922.7500
v  978485.6875 358026.9375 -2075249.0000
v  980547.3750 353989.1563 -2072869.7500
v  967315.3750 353989.1563 -2057743.2500
v  983296.3125 353989.1563 -2069697.2500
v  994230.7500 353989.1563 -2086563.0000
v  991851.5625 358026.9375 -2088624.6250
v  1003188.8750 358026.9375 -2103758.0000
v  1005837.3750 353989.1563 -2102055.7500
v  997403.0000 353989.1563 -2083814.2500
v  1009368.7500 353989.1563 -2099786.5000
v  1015108.5625 353989.1563 -2119049.5000
v  1012245.0000 358026.9375 -2120357.2500
v  1018859.5000 358026.9375 -2138071.7500
v  1021880.2500 353989.1563 -2137184.7500
v  1018926.7500 353989.1563 -2117305.7500
v  1025907.8750 353989.1563 -2136002.0000
v  1025988.2500 353989.1563 -2156102.2500
v  1022872.1875 358026.9375 -2156550.2500
v  1030143.0000 353989.1563 -2155505.0000
v  1021833.5625 370140.2500 -2194122.0000
v  1023178.6250 370140.2500 -2175410.7500
v  1023178.6250 386291.3125 -2175410.7500
v  1021833.5625 386291.3125 -2194122.0000
v  1017852.6875 370140.2500 -2212454.0000
v  1017852.6875 386291.3125 -2212454.0000
v  1011290.5000 370140.2500 -2230028.0000
v  1011290.5000 386291.3125 -2230028.0000
v  1002306.1250 370140.2500 -2246496.0000
v  1002306.1250 386291.3125 -2246496.0000
v  991058.5625 370140.2500 -2261509.5000
v  991058.5625 386291.3125 -2261509.5000
v  977798.6250 370140.2500 -2274779.2500
v  977798.6250 386291.3125 -2274779.2500
v  962776.8750 370140.2500 -2286015.7500
v  962776.8750 386291.3125 -2286015.7500
v  946315.5000 370140.2500 -2295012.2500
v  946315.5000 386291.3125 -2295012.2500
v  928736.4375 370140.2500 -2301561.5000
v  928736.4375 386291.3125 -2301561.5000
v  910407.1875 370140.2500 -2305556.0000
v  910407.1875 386291.3125 -2305556.0000
v  891695.2500 370140.2500 -2306887.2500
v  891695.2500 386291.3125 -2306887.2500
v  872983.2500 370140.2500 -2305556.0000
v  872983.2500 386291.3125 -2305556.0000
v  854654.0000 370140.2500 -2301561.5000
v  854654.0000 386291.3125 -2301561.5000
v  837075.0000 370140.2500 -2295012.2500
v  837075.0000 386291.3125 -2295012.2500
v  820613.5625 370140.2500 -2286015.7500
v  820613.5625 386291.3125 -2286015.7500
v  805591.8750 370140.2500 -2274779.2500
v  805591.8750 386291.3125 -2274779.2500
v  792331.8750 370140.2500 -2261509.5000
v  792331.8750 386291.3125 -2261509.5000
v  781084.3750 370140.2500 -2246496.0000
v  781084.3750 386291.3125 -2246496.0000
v  772100.0000 370140.2500 -2230028.0000
v  772100.0000 386291.3125 -2230028.0000
v  765537.8125 370140.2500 -2212454.0000
v  765537.8125 386291.3125 -2212454.0000
v  761556.9375 370140.2500 -2194121.7500
v  761556.9375 386291.3125 -2194121.7500
v  760211.8750 370140.2500 -2175410.7500
v  760211.8125 386291.3125 -2175410.7500
v  761556.9375 370140.2500 -2156699.7500
v  761556.9375 386291.3125 -2156699.7500
v  765537.8125 370140.2500 -2138367.5000
v  765537.8125 386291.3125 -2138367.5000
v  772100.0000 370140.2500 -2120793.5000
v  772100.0000 386291.3125 -2120793.5000
v  781084.3125 370140.2500 -2104325.5000
v  781084.3125 386291.3125 -2104325.5000
v  792331.8750 370140.2500 -2089312.0000
v  792331.8750 386291.3125 -2089312.0000
v  805591.8750 370140.2500 -2076042.2500
v  805591.8750 386291.3125 -2076042.2500
v  820613.6250 370140.2500 -2064805.7500
v  820613.6250 386291.3125 -2064805.6250
v  837075.0000 370140.2500 -2055809.2500
v  837075.0000 386291.3125 -2055809.2500
v  854653.9375 370140.2500 -2049260.0000
v  854653.9375 386291.3125 -2049260.0000
v  872983.1250 370140.2500 -2045265.6250
v  872983.1250 386291.3125 -2045265.6250
v  891695.1875 370140.2500 -2043934.2500
v  891695.1875 386291.3125 -2043934.2500
v  910407.1875 370140.2500 -2045265.6250
v  910407.1875 386291.3125 -2045265.6250
v  928736.3750 370140.2500 -2049259.8750
v  928736.3750 386291.3125 -2049259.8750
v  946315.3125 370140.2500 -2055809.2500
v  946315.3125 386291.3125 -2055809.2500
v  962776.7500 370140.2500 -2064805.6250
v  962776.7500 386291.3125 -2064805.6250
v  977798.5000 370140.2500 -2076042.1250
v  977798.5000 386291.3125 -2076042.1250
v  991058.5000 370140.2500 -2089311.8750
v  991058.5000 386291.3125 -2089311.8750
v  1002306.0625 370140.2500 -2104325.2500
v  1002306.0625 386291.3125 -2104325.2500
v  1011290.4375 370140.2500 -2120793.2500
v  1011290.4375 386291.3125 -2120793.2500
v  1017852.6250 370140.2500 -2138367.5000
v  1017852.6250 386291.3125 -2138367.5000
v  1021833.5000 370140.2500 -2156699.5000
v  1021833.5000 386291.3125 -2156699.5000
# 1761 vertices

vn 0.9898 0.0036 -0.1423
vn 1.0000 0.0036 0.0000
vn 1.0000 -0.0019 0.0000
vn 0.9898 -0.0019 -0.1423
vn 0.9595 0.0036 -0.2817
vn 0.9595 -0.0019 -0.2817
vn 0.9590 0.0331 -0.2816
vn 0.9893 0.0331 -0.1422
vn 0.9995 0.0331 0.0000
vn 0.9096 0.0036 -0.4154
vn 0.9096 -0.0019 -0.4154
vn 0.8412 0.0036 -0.5406
vn 0.8413 -0.0019 -0.5406
vn 0.8408 0.0331 -0.5403
vn 0.9091 0.0331 -0.4152
vn 0.7557 0.0036 -0.6549
vn 0.7557 -0.0019 -0.6549
vn 0.6549 0.0036 -0.7557
vn 0.6549 -0.0019 -0.7557
vn 0.6545 0.0331 -0.7553
vn 0.7553 0.0331 -0.6545
vn 0.5406 0.0036 -0.8412
vn 0.5406 -0.0019 -0.8413
vn 0.4154 0.0036 -0.9096
vn 0.4154 -0.0019 -0.9096
vn 0.4152 0.0331 -0.9091
vn 0.5403 0.0331 -0.8408
vn 0.2817 0.0036 -0.9595
vn 0.2817 -0.0019 -0.9595
vn 0.1423 0.0036 -0.9898
vn 0.1423 -0.0019 -0.9898
vn 0.1422 0.0331 -0.9893
vn 0.2816 0.0331 -0.9590
vn -0.0000 0.0036 -1.0000
vn -0.0000 -0.0019 -1.0000
vn -0.1423 0.0036 -0.9898
vn -0.1423 -0.0019 -0.9898
vn -0.1422 0.0331 -0.9893
vn 0.0000 0.0331 -0.9995
vn -0.2817 0.0036 -0.9595
vn -0.2817 -0.0019 -0.9595
vn -0.4154 0.0036 -0.9096
vn -0.4154 -0.0019 -0.9096
vn -0.4152 0.0331 -0.9091
vn -0.2816 0.0331 -0.9590
vn -0.5406 0.0036 -0.8412
vn -0.5406 -0.0019 -0.8413
vn -0.6549 0.0036 -0.7557
vn -0.6549 -0.0019 -0.7557
vn -0.6545 0.0331 -0.7553
vn -0.5403 0.0331 -0.8408
vn -0.7557 0.0036 -0.6549
vn -0.7557 -0.0019 -0.6549
vn -0.8412 0.0036 -0.5406
vn -0.8413 -0.0019 -0.5406
vn -0.8408 0.0331 -0.5403
vn -0.7553 0.0331 -0.6545
vn -0.9096 0.0036 -0.4154
vn -0.9096 -0.0019 -0.4154
vn -0.9595 0.0036 -0.2817
vn -0.9595 -0.0019 -0.2817
vn -0.9590 0.0331 -0.2816
vn -0.9091 0.0331 -0.4152
vn -0.9898 0.0036 -0.1423
vn -0.9898 -0.0019 -0.1423
vn -1.0000 0.0036 0.0000
vn -1.0000 -0.0019 0.0000
vn -0.9995 0.0331 0.0000
vn -0.9893 0.0331 -0.1422
vn -0.9898 0.0036 0.1423
vn -0.9898 -0.0019 0.1423
vn -0.9595 0.0036 0.2817
vn -0.9595 -0.0019 0.2817
vn -0.9590 0.0331 0.2816
vn -0.9893 0.0331 0.1422
vn -0.9096 0.0036 0.4154
vn -0.9096 -0.0019 0.4154
vn -0.8412 0.0036 0.5406
vn -0.8413 -0.0019 0.5406
vn -0.8408 0.0331 0.5403
vn -0.9091 0.0331 0.4152
vn -0.7557 0.0036 0.6549
vn -0.7557 -0.0019 0.6549
vn -0.6549 0.0036 0.7557
vn -0.6549 -0.0019 0.7557
vn -0.6545 0.0331 0.7553
vn -0.7553 0.0331 0.6545
vn -0.5406 0.0036 0.8412
vn -0.5406 -0.0019 0.8413
vn -0.4154 0.0036 0.9096
vn -0.4154 -0.0019 0.9096
vn -0.4152 0.0331 0.9091
vn -0.5403 0.0331 0.8408
vn -0.2817 0.0036 0.9595
vn -0.2817 -0.0019 0.9595
vn -0.1423 0.0036 0.9898
vn -0.1423 -0.0019 0.9898
vn -0.1422 0.0331 0.9893
vn -0.2816 0.0331 0.9590
vn -0.0000 0.0036 1.0000
vn -0.0000 -0.0019 1.0000
vn 0.1423 0.0036 0.9898
vn 0.1423 -0.0019 0.9898
vn 0.1422 0.0331 0.9893
vn -0.0000 0.0331 0.9995
vn 0.2817 0.0036 0.9595
vn 0.2817 -0.0019 0.9595
vn 0.4154 0.0036 0.9096
vn 0.4154 -0.0019 0.9096
vn 0.4152 0.0331 0.9091
vn 0.2816 0.0331 0.9590
vn 0.5406 0.0036 0.8412
vn 0.5406 -0.0019 0.8413
vn 0.6549 0.0036 0.7557
vn 0.6549 -0.0019 0.7557
vn 0.6545 0.0331 0.7553
vn 0.5403 0.0331 0.8408
vn 0.7557 0.0036 0.6549
vn 0.7557 -0.0019 0.6549
vn 0.8412 0.0036 0.5406
vn 0.8413 -0.0019 0.5406
vn 0.8408 0.0331 0.5403
vn 0.7553 0.0331 0.6545
vn 0.9096 0.0036 0.4154
vn 0.9096 -0.0019 0.4154
vn 0.9595 0.0036 0.2817
vn 0.9595 -0.0019 0.2817
vn 0.9590 0.0331 0.2816
vn 0.9091 0.0331 0.4152
vn 0.9898 0.0036 0.1423
vn 0.9898 -0.0019 0.1423
vn 0.9893 0.0331 0.1422
vn -0.0000 -1.0000 -0.0000
vn 0.0031 -1.0000 0.0018
vn 0.0090 -1.0000 -0.0005
vn 0.0035 -1.0000 0.0004
vn 0.0016 -1.0000 0.0031
vn 0.0092 -1.0000 0.0023
vn 0.0079 -1.0000 0.0044
vn 0.0027 -1.0000 0.0022
vn -0.0003 -1.0000 0.0035
vn 0.0065 -1.0000 0.0069
vn 0.0042 -1.0000 0.0080
vn 0.0011 -1.0000 0.0033
vn -0.0022 -1.0000 0.0028
vn 0.0017 -1.0000 0.0093
vn -0.0008 -1.0000 0.0090
vn -0.0009 -1.0000 0.0034
vn -0.0033 -1.0000 0.0012
vn -0.0036 -1.0000 0.0088
vn -0.0055 -1.0000 0.0071
vn -0.0025 -1.0000 0.0024
vn -0.0034 -1.0000 -0.0008
vn -0.0077 -1.0000 0.0054
vn -0.0085 -1.0000 0.0030
vn -0.0034 -1.0000 0.0006
vn -0.0025 -1.0000 -0.0025
vn -0.0095 -1.0000 0.0004
vn -0.0088 -1.0000 -0.0020
vn -0.0032 -1.0000 -0.0013
vn -0.0007 -1.0000 -0.0035
vn -0.0082 -1.0000 -0.0048
vn -0.0063 -1.0000 -0.0065
vn -0.0020 -1.0000 -0.0029
vn 0.0013 -1.0000 -0.0033
vn -0.0043 -1.0000 -0.0084
vn -0.0018 -1.0000 -0.0088
vn -0.0001 -1.0000 -0.0035
vn 0.0029 -1.0000 -0.0021
vn 0.0010 -1.0000 -0.0094
vn 0.0033 -1.0000 -0.0084
vn 0.0018 -1.0000 -0.0030
vn 0.0035 -1.0000 -0.0002
vn 0.0059 -1.0000 -0.0074
vn 0.0073 -1.0000 -0.0053
vn 0.0031 -1.0000 -0.0016
vn 0.0090 -1.0000 -0.0030
vn 0.9884 -0.0531 -0.1421
vn 0.9986 -0.0531 0.0000
vn 0.9797 -0.1424 -0.1409
vn 0.9898 -0.1424 0.0000
vn 0.9497 -0.1424 -0.2789
vn 0.9581 -0.0531 -0.2813
vn 0.9083 -0.0531 -0.4148
vn 0.9004 -0.1424 -0.4112
vn 0.8327 -0.1424 -0.5351
vn 0.8401 -0.0531 -0.5399
vn 0.7547 -0.0531 -0.6539
vn 0.7481 -0.1424 -0.6482
vn 0.6482 -0.1424 -0.7481
vn 0.6539 -0.0531 -0.7547
vn 0.5399 -0.0531 -0.8401
vn 0.5351 -0.1424 -0.8327
vn 0.4112 -0.1424 -0.9004
vn 0.4148 -0.0531 -0.9083
vn 0.2813 -0.0531 -0.9581
vn 0.2789 -0.1424 -0.9497
vn 0.1409 -0.1424 -0.9797
vn 0.1421 -0.0531 -0.9884
vn -0.0000 -0.0531 -0.9986
vn -0.0000 -0.1424 -0.9898
vn -0.1409 -0.1424 -0.9797
vn -0.1421 -0.0531 -0.9884
vn -0.2813 -0.0531 -0.9581
vn -0.2789 -0.1424 -0.9497
vn -0.4112 -0.1424 -0.9004
vn -0.4148 -0.0531 -0.9083
vn -0.5399 -0.0531 -0.8401
vn -0.5351 -0.1424 -0.8327
vn -0.6482 -0.1424 -0.7481
vn -0.6539 -0.0531 -0.7547
vn -0.7547 -0.0531 -0.6539
vn -0.7481 -0.1424 -0.6482
vn -0.8327 -0.1424 -0.5351
vn -0.8401 -0.0531 -0.5399
vn -0.9083 -0.0531 -0.4148
vn -0.9004 -0.1424 -0.4112
vn -0.9497 -0.1424 -0.2789
vn -0.9581 -0.0531 -0.2813
vn -0.9884 -0.0531 -0.1421
vn -0.9797 -0.1424 -0.1409
vn -0.9898 -0.1424 -0.0000
vn -0.9986 -0.0531 0.0000
vn -0.9884 -0.0531 0.1421
vn -0.9797 -0.1424 0.1409
vn -0.9497 -0.1424 0.2789
vn -0.9581 -0.0531 0.2813
vn -0.9083 -0.0531 0.4148
vn -0.9004 -0.1424 0.4112
vn -0.8327 -0.1424 0.5351
vn -0.8401 -0.0531 0.5399
vn -0.7547 -0.0531 0.6539
vn -0.7481 -0.1424 0.6482
vn -0.6482 -0.1424 0.7481
vn -0.6539 -0.0531 0.7547
vn -0.5399 -0.0531 0.8401
vn -0.5351 -0.1424 0.8327
vn -0.4112 -0.1424 0.9004
vn -0.4148 -0.0531 0.9083
vn -0.2813 -0.0531 0.9581
vn -0.2789 -0.1424 0.9497
vn -0.1409 -0.1424 0.9797
vn -0.1421 -0.0531 0.9884
vn -0.0000 -0.0531 0.9986
vn -0.0000 -0.1424 0.9898
vn 0.1409 -0.1424 0.9797
vn 0.1421 -0.0531 0.9884
vn 0.2813 -0.0531 0.9581
vn 0.2789 -0.1424 0.9497
vn 0.4112 -0.1424 0.9004
vn 0.4148 -0.0531 0.9083
vn 0.5399 -0.0531 0.8401
vn 0.5351 -0.1424 0.8327
vn 0.6482 -0.1424 0.7481
vn 0.6539 -0.0531 0.7547
vn 0.7547 -0.0531 0.6539
vn 0.7481 -0.1424 0.6482
vn 0.8327 -0.1424 0.5351
vn 0.8401 -0.0531 0.5399
vn 0.9083 -0.0531 0.4148
vn 0.9004 -0.1424 0.4112
vn 0.9497 -0.1424 0.2789
vn 0.9581 -0.0531 0.2813
vn 0.9884 -0.0531 0.1421
vn 0.9797 -0.1424 0.1409
vn 0.9643 -0.2256 -0.1386
vn 0.9742 -0.2256 0.0000
vn 0.9389 -0.3167 -0.1350
vn 0.9485 -0.3167 0.0000
vn 0.9101 -0.3167 -0.2672
vn 0.9347 -0.2256 -0.2745
vn 0.9011 -0.4139 -0.1296
vn 0.9103 -0.4139 0.0000
vn 0.8490 -0.5141 -0.1221
vn 0.8577 -0.5141 0.0000
vn 0.8230 -0.5141 -0.2417
vn 0.8734 -0.4139 -0.2565
vn 0.7821 -0.6130 -0.1124
vn 0.7901 -0.6130 0.0000
vn 0.7013 -0.7057 -0.1008
vn 0.7085 -0.7057 0.0000
vn 0.6798 -0.7057 -0.1996
vn 0.7581 -0.6130 -0.2226
vn 0.6098 -0.7877 -0.0877
vn 0.6160 -0.7877 0.0000
vn 0.5119 -0.8559 -0.0736
vn 0.5172 -0.8559 0.0000
vn 0.4962 -0.8559 -0.1457
vn 0.5911 -0.7877 -0.1736
vn 0.4126 -0.9090 -0.0593
vn 0.4169 -0.9090 0.0000
vn 0.3162 -0.9476 -0.0455
vn 0.3194 -0.9476 0.0000
vn 0.3065 -0.9476 -0.0900
vn 0.4000 -0.9090 -0.1174
vn 0.2257 -0.9737 -0.0324
vn 0.2280 -0.9737 0.0000
vn 0.1429 -0.9895 -0.0205
vn 0.1444 -0.9895 0.0000
vn 0.1385 -0.9895 -0.0407
vn 0.2188 -0.9737 -0.0642
vn 0.0575 -0.9983 -0.0078
vn 0.0587 -0.9983 -0.0005
vn 0.0562 -0.9983 -0.0171
vn 0.8862 -0.2256 -0.4047
vn 0.8628 -0.3167 -0.3940
vn 0.7979 -0.3167 -0.5128
vn 0.8196 -0.2256 -0.5267
vn 0.8281 -0.4139 -0.3782
vn 0.7802 -0.5141 -0.3563
vn 0.7216 -0.5141 -0.4637
vn 0.7658 -0.4139 -0.4922
vn 0.7187 -0.6130 -0.3282
vn 0.6445 -0.7057 -0.2943
vn 0.5960 -0.7057 -0.3830
vn 0.6647 -0.6130 -0.4272
vn 0.5604 -0.7877 -0.2559
vn 0.4704 -0.8559 -0.2148
vn 0.4351 -0.8559 -0.2796
vn 0.5182 -0.7877 -0.3331
vn 0.3792 -0.9090 -0.1732
vn 0.2906 -0.9476 -0.1327
vn 0.2687 -0.9476 -0.1727
vn 0.3507 -0.9090 -0.2254
vn 0.2074 -0.9737 -0.0947
vn 0.1313 -0.9895 -0.0600
vn 0.1215 -0.9895 -0.0781
vn 0.1918 -0.9737 -0.1233
vn 0.0530 -0.9983 -0.0237
vn 0.0491 -0.9983 -0.0322
vn 0.7363 -0.2256 -0.6380
vn 0.7168 -0.3167 -0.6211
vn 0.6211 -0.3167 -0.7168
vn 0.6380 -0.2256 -0.7363
vn 0.6880 -0.4139 -0.5961
vn 0.6482 -0.5141 -0.5617
vn 0.5617 -0.5141 -0.6482
vn 0.5961 -0.4139 -0.6880
vn 0.5971 -0.6130 -0.5174
vn 0.5355 -0.7057 -0.4640
vn 0.4640 -0.7057 -0.5355
vn 0.5174 -0.6130 -0.5971
vn 0.4656 -0.7877 -0.4034
vn 0.3909 -0.8559 -0.3387
vn 0.3387 -0.8559 -0.3909
vn 0.4034 -0.7877 -0.4656
vn 0.3150 -0.9090 -0.2730
vn 0.2414 -0.9476 -0.2092
vn 0.2092 -0.9476 -0.2414
vn 0.2730 -0.9090 -0.3151
vn 0.1723 -0.9737 -0.1493
vn 0.1091 -0.9895 -0.0945
vn 0.0946 -0.9895 -0.1091
vn 0.1493 -0.9737 -0.1723
vn 0.0442 -0.9983 -0.0377
vn 0.0381 -0.9983 -0.0447
vn 0.5267 -0.2256 -0.8196
vn 0.5128 -0.3167 -0.7979
vn 0.3940 -0.3167 -0.8628
vn 0.4047 -0.2256 -0.8862
vn 0.4922 -0.4139 -0.7658
vn 0.4637 -0.5141 -0.7216
vn 0.3563 -0.5141 -0.7802
vn 0.3782 -0.4139 -0.8281
vn 0.4272 -0.6130 -0.6647
vn 0.3831 -0.7057 -0.5960
vn 0.2943 -0.7057 -0.6445
vn 0.3282 -0.6130 -0.7187
vn 0.3331 -0.7877 -0.5182
vn 0.2796 -0.8559 -0.4351
vn 0.2148 -0.8559 -0.4704
vn 0.2559 -0.7877 -0.5604
vn 0.2254 -0.9090 -0.3507
vn 0.1727 -0.9476 -0.2687
vn 0.1327 -0.9476 -0.2906
vn 0.1732 -0.9090 -0.3792
vn 0.1233 -0.9737 -0.1918
vn 0.0781 -0.9895 -0.1215
vn 0.0600 -0.9895 -0.1313
vn 0.0947 -0.9737 -0.2074
vn 0.0318 -0.9983 -0.0486
vn 0.0239 -0.9983 -0.0536
vn 0.2745 -0.2256 -0.9347
vn 0.2672 -0.3167 -0.9101
vn 0.1350 -0.3167 -0.9389
vn 0.1386 -0.2256 -0.9643
vn 0.2565 -0.4139 -0.8734
vn 0.2417 -0.5141 -0.8230
vn 0.1221 -0.5141 -0.8490
vn 0.1296 -0.4139 -0.9011
vn 0.2226 -0.6130 -0.7581
vn 0.1996 -0.7057 -0.6798
vn 0.1008 -0.7057 -0.7013
vn 0.1124 -0.6130 -0.7821
vn 0.1736 -0.7877 -0.5911
vn 0.1457 -0.8559 -0.4962
vn 0.0736 -0.8559 -0.5119
vn 0.0877 -0.7877 -0.6098
vn 0.1174 -0.9090 -0.4000
vn 0.0900 -0.9476 -0.3065
vn 0.0455 -0.9476 -0.3162
vn 0.0593 -0.9090 -0.4126
vn 0.0642 -0.9737 -0.2188
vn 0.0407 -0.9895 -0.1385
vn 0.0205 -0.9895 -0.1429
vn 0.0325 -0.9737 -0.2257
vn 0.0168 -0.9983 -0.0556
vn 0.0078 -0.9983 -0.0582
vn 0.0000 -0.2256 -0.9742
vn 0.0000 -0.3167 -0.9485
vn -0.1350 -0.3167 -0.9389
vn -0.1386 -0.2256 -0.9643
vn -0.0000 -0.4139 -0.9103
vn -0.0000 -0.5141 -0.8578
vn -0.1221 -0.5141 -0.8490
vn -0.1296 -0.4139 -0.9011
vn 0.0000 -0.6130 -0.7901
vn 0.0000 -0.7057 -0.7085
vn -0.1008 -0.7057 -0.7013
vn -0.1124 -0.6130 -0.7821
vn -0.0000 -0.7877 -0.6160
vn -0.0000 -0.8559 -0.5172
vn -0.0736 -0.8559 -0.5119
vn -0.0877 -0.7877 -0.6098
vn 0.0000 -0.9090 -0.4169
vn 0.0000 -0.9476 -0.3194
vn -0.0455 -0.9476 -0.3162
vn -0.0593 -0.9090 -0.4126
vn 0.0000 -0.9737 -0.2280
vn 0.0000 -0.9895 -0.1444
vn -0.0205 -0.9895 -0.1429
vn -0.0325 -0.9737 -0.2257
vn 0.0004 -0.9983 -0.0581
vn -0.0089 -0.9983 -0.0581
vn -0.2745 -0.2256 -0.9347
vn -0.2672 -0.3167 -0.9101
vn -0.3940 -0.3167 -0.8628
vn -0.4047 -0.2256 -0.8862
vn -0.2565 -0.4139 -0.8735
vn -0.2417 -0.5141 -0.8230
vn -0.3563 -0.5141 -0.7802
vn -0.3782 -0.4139 -0.8281
vn -0.2226 -0.6130 -0.7581
vn -0.1996 -0.7057 -0.6798
vn -0.2943 -0.7057 -0.6445
vn -0.3282 -0.6130 -0.7187
vn -0.1736 -0.7877 -0.5911
vn -0.1457 -0.8559 -0.4962
vn -0.2148 -0.8559 -0.4704
vn -0.2559 -0.7877 -0.5604
vn -0.1174 -0.9090 -0.4000
vn -0.0900 -0.9476 -0.3065
vn -0.1327 -0.9476 -0.2906
vn -0.1732 -0.9090 -0.3792
vn -0.0642 -0.9737 -0.2188
vn -0.0407 -0.9895 -0.1385
vn -0.0600 -0.9895 -0.1313
vn -0.0947 -0.9737 -0.2074
vn -0.0159 -0.9983 -0.0558
vn -0.0249 -0.9983 -0.0532
vn -0.5267 -0.2256 -0.8196
vn -0.5128 -0.3167 -0.7979
vn -0.6211 -0.3167 -0.7168
vn -0.6380 -0.2256 -0.7363
vn -0.4922 -0.4139 -0.7658
vn -0.4637 -0.5141 -0.7216
vn -0.5617 -0.5141 -0.6482
vn -0.5961 -0.4139 -0.6880
vn -0.4272 -0.6130 -0.6647
vn -0.3830 -0.7057 -0.5960
vn -0.4640 -0.7057 -0.5355
vn -0.5174 -0.6130 -0.5971
vn -0.3331 -0.7877 -0.5182
vn -0.2796 -0.8559 -0.4351
vn -0.3387 -0.8559 -0.3909
vn -0.4034 -0.7877 -0.4656
vn -0.2254 -0.9090 -0.3507
vn -0.1727 -0.9476 -0.2687
vn -0.2092 -0.9476 -0.2414
vn -0.2730 -0.9090 -0.3151
vn -0.1233 -0.9737 -0.1918
vn -0.0781 -0.9895 -0.1215
vn -0.0946 -0.9895 -0.1091
vn -0.1493 -0.9737 -0.1723
vn -0.0310 -0.9983 -0.0491
vn -0.0389 -0.9983 -0.0440
vn -0.7363 -0.2256 -0.6380
vn -0.7168 -0.3167 -0.6211
vn -0.7979 -0.3167 -0.5128
vn -0.8196 -0.2256 -0.5267
vn -0.6880 -0.4139 -0.5961
vn -0.6482 -0.5141 -0.5617
vn -0.7216 -0.5141 -0.4637
vn -0.7658 -0.4139 -0.4922
vn -0.5971 -0.6130 -0.5174
vn -0.5355 -0.7057 -0.4640
vn -0.5960 -0.7057 -0.3830
vn -0.6647 -0.6130 -0.4272
vn -0.4656 -0.7877 -0.4034
vn -0.3909 -0.8559 -0.3387
vn -0.4351 -0.8559 -0.2796
vn -0.5182 -0.7877 -0.3331
vn -0.3150 -0.9090 -0.2730
vn -0.2414 -0.9476 -0.2092
vn -0.2687 -0.9476 -0.1727
vn -0.3507 -0.9090 -0.2254
vn -0.1723 -0.9737 -0.1493
vn -0.1091 -0.9895 -0.0945
vn -0.1215 -0.9895 -0.0781
vn -0.1918 -0.9737 -0.1233
vn -0.0436 -0.9983 -0.0384
vn -0.0497 -0.9983 -0.0313
vn -0.8862 -0.2256 -0.4047
vn -0.8628 -0.3167 -0.3940
vn -0.9101 -0.3167 -0.2672
vn -0.9347 -0.2256 -0.2745
vn -0.8281 -0.4139 -0.3782
vn -0.7802 -0.5141 -0.3563
vn -0.8230 -0.5141 -0.2417
vn -0.8734 -0.4139 -0.2565
vn -0.7187 -0.6130 -0.3282
vn -0.6445 -0.7057 -0.2943
vn -0.6798 -0.7057 -0.1996
vn -0.7581 -0.6130 -0.2226
vn -0.5604 -0.7877 -0.2559
vn -0.4704 -0.8559 -0.2148
vn -0.4962 -0.8559 -0.1457
vn -0.5911 -0.7877 -0.1736
vn -0.3792 -0.9090 -0.1732
vn -0.2906 -0.9476 -0.1327
vn -0.3065 -0.9476 -0.0900
vn -0.4000 -0.9090 -0.1174
vn -0.2074 -0.9737 -0.0947
vn -0.1313 -0.9895 -0.0600
vn -0.1385 -0.9895 -0.0407
vn -0.2188 -0.9737 -0.0642
vn -0.0526 -0.9983 -0.0245
vn -0.0565 -0.9983 -0.0160
vn -0.9643 -0.2256 -0.1386
vn -0.9389 -0.3167 -0.1350
vn -0.9485 -0.3167 -0.0000
vn -0.9742 -0.2256 -0.0000
vn -0.9011 -0.4139 -0.1296
vn -0.8490 -0.5141 -0.1221
vn -0.8577 -0.5141 -0.0000
vn -0.9103 -0.4139 -0.0000
vn -0.7821 -0.6130 -0.1124
vn -0.7013 -0.7057 -0.1008
vn -0.7085 -0.7057 -0.0000
vn -0.7901 -0.6130 -0.0000
vn -0.6098 -0.7877 -0.0877
vn -0.5119 -0.8559 -0.0736
vn -0.5172 -0.8559 0.0000
vn -0.6160 -0.7877 0.0000
vn -0.4126 -0.9090 -0.0593
vn -0.3162 -0.9476 -0.0455
vn -0.3194 -0.9476 -0.0000
vn -0.4169 -0.9090 -0.0000
vn -0.2257 -0.9737 -0.0324
vn -0.1429 -0.9895 -0.0205
vn -0.1444 -0.9895 -0.0000
vn -0.2280 -0.9737 -0.0000
vn -0.0574 -0.9983 -0.0087
vn -0.0587 -0.9983 0.0005
vn -0.9643 -0.2256 0.1386
vn -0.9389 -0.3167 0.1350
vn -0.9101 -0.3167 0.2672
vn -0.9347 -0.2256 0.2745
vn -0.9011 -0.4139 0.1296
vn -0.8490 -0.5141 0.1221
vn -0.8230 -0.5141 0.2417
vn -0.8734 -0.4139 0.2565
vn -0.7821 -0.6130 0.1124
vn -0.7013 -0.7057 0.1008
vn -0.6798 -0.7057 0.1996
vn -0.7581 -0.6130 0.2226
vn -0.6098 -0.7877 0.0877
vn -0.5119 -0.8559 0.0736
vn -0.4962 -0.8559 0.1457
vn -0.5911 -0.7877 0.1736
vn -0.4126 -0.9090 0.0593
vn -0.3162 -0.9476 0.0455
vn -0.3065 -0.9476 0.0900
vn -0.4000 -0.9090 0.1174
vn -0.2257 -0.9737 0.0324
vn -0.1429 -0.9895 0.0205
vn -0.1385 -0.9895 0.0407
vn -0.2188 -0.9737 0.0642
vn -0.0575 -0.9983 0.0078
vn -0.0562 -0.9983 0.0171
vn -0.8862 -0.2256 0.4047
vn -0.8628 -0.3167 0.3940
vn -0.7979 -0.3167 0.5128
vn -0.8196 -0.2256 0.5267
vn -0.8281 -0.4139 0.3782
vn -0.7802 -0.5141 0.3563
vn -0.7216 -0.5141 0.4637
vn -0.7658 -0.4139 0.4922
vn -0.7187 -0.6130 0.3282
vn -0.6445 -0.7057 0.2943
vn -0.5960 -0.7057 0.3830
vn -0.6647 -0.6130 0.4272
vn -0.5604 -0.7877 0.2559
vn -0.4704 -0.8559 0.2148
vn -0.4351 -0.8559 0.2796
vn -0.5182 -0.7877 0.3331
vn -0.3792 -0.9090 0.1732
vn -0.2906 -0.9476 0.1327
vn -0.2687 -0.9476 0.1727
vn -0.3507 -0.9090 0.2254
vn -0.2074 -0.9737 0.0947
vn -0.1313 -0.9895 0.0600
vn -0.1215 -0.9895 0.0781
vn -0.1918 -0.9737 0.1233
vn -0.0530 -0.9983 0.0237
vn -0.0491 -0.9983 0.0322
vn -0.7363 -0.2256 0.6380
vn -0.7168 -0.3167 0.6211
vn -0.6211 -0.3167 0.7168
vn -0.6380 -0.2256 0.7363
vn -0.6880 -0.4139 0.5961
vn -0.6482 -0.5141 0.5617
vn -0.5617 -0.5141 0.6482
vn -0.5961 -0.4139 0.6880
vn -0.5971 -0.6130 0.5174
vn -0.5355 -0.7057 0.4640
vn -0.4640 -0.7057 0.5355
vn -0.5174 -0.6130 0.5971
vn -0.4656 -0.7877 0.4034
vn -0.3909 -0.8559 0.3387
vn -0.3387 -0.8559 0.3909
vn -0.4034 -0.7877 0.4656
vn -0.3150 -0.9090 0.2730
vn -0.2414 -0.9476 0.2092
vn -0.2092 -0.9476 0.2414
vn -0.2730 -0.9090 0.3151
vn -0.1723 -0.9737 0.1493
vn -0.1091 -0.9895 0.0945
vn -0.0946 -0.9895 0.1091
vn -0.1493 -0.9737 0.1723
vn -0.0442 -0.9983 0.0377
vn -0.0381 -0.9983 0.0447
vn -0.5267 -0.2256 0.8196
vn -0.5128 -0.3167 0.7979
vn -0.3940 -0.3167 0.8628
vn -0.4047 -0.2256 0.8862
vn -0.4922 -0.4139 0.7658
vn -0.4637 -0.5141 0.7216
vn -0.3563 -0.5141 0.7802
vn -0.3782 -0.4139 0.8281
vn -0.4272 -0.6130 0.6647
vn -0.3831 -0.7057 0.5960
vn -0.2943 -0.7057 0.6445
vn -0.3282 -0.6130 0.7187
vn -0.3331 -0.7877 0.5182
vn -0.2796 -0.8559 0.4351
vn -0.2148 -0.8559 0.4704
vn -0.2559 -0.7877 0.5604
vn -0.2254 -0.9090 0.3507
vn -0.1727 -0.9476 0.2687
vn -0.1327 -0.9476 0.2906
vn -0.1732 -0.9090 0.3792
vn -0.1233 -0.9737 0.1918
vn -0.0781 -0.9895 0.1215
vn -0.0600 -0.9895 0.1313
vn -0.0947 -0.9737 0.2074
vn -0.0318 -0.9983 0.0486
vn -0.0239 -0.9983 0.0536
vn -0.2745 -0.2256 0.9347
vn -0.2672 -0.3167 0.9101
vn -0.1350 -0.3167 0.9389
vn -0.1386 -0.2256 0.9643
vn -0.2565 -0.4139 0.8735
vn -0.2417 -0.5141 0.8230
vn -0.1221 -0.5141 0.8490
vn -0.1296 -0.4139 0.9011
vn -0.2226 -0.6130 0.7581
vn -0.1996 -0.7057 0.6798
vn -0.1008 -0.7057 0.7013
vn -0.1124 -0.6130 0.7821
vn -0.1736 -0.7877 0.5911
vn -0.1457 -0.8559 0.4962
vn -0.0736 -0.8559 0.5119
vn -0.0877 -0.7877 0.6098
vn -0.1174 -0.9090 0.4000
vn -0.0900 -0.9476 0.3065
vn -0.0455 -0.9476 0.3162
vn -0.0593 -0.9090 0.4126
vn -0.0642 -0.9737 0.2188
vn -0.0407 -0.9895 0.1385
vn -0.0205 -0.9895 0.1429
vn -0.0325 -0.9737 0.2257
vn -0.0168 -0.9983 0.0556
vn -0.0078 -0.9983 0.0582
vn -0.0000 -0.2256 0.9742
vn -0.0000 -0.3167 0.9485
vn 0.1350 -0.3167 0.9389
vn 0.1386 -0.2256 0.9643
vn -0.0000 -0.4139 0.9103
vn -0.0000 -0.5141 0.8578
vn 0.1221 -0.5141 0.8490
vn 0.1296 -0.4139 0.9011
vn -0.0000 -0.6130 0.7901
vn -0.0000 -0.7057 0.7085
vn 0.1008 -0.7057 0.7013
vn 0.1124 -0.6130 0.7821
vn -0.0000 -0.7877 0.6160
vn -0.0000 -0.8559 0.5172
vn 0.0736 -0.8559 0.5119
vn 0.0877 -0.7877 0.6098
vn -0.0000 -0.9090 0.4169
vn -0.0000 -0.9476 0.3194
vn 0.0455 -0.9476 0.3162
vn 0.0593 -0.9090 0.4126
vn -0.0000 -0.9737 0.2280
vn -0.0000 -0.9895 0.1444
vn 0.0205 -0.9895 0.1429
vn 0.0325 -0.9737 0.2257
vn -0.0004 -0.9983 0.0581
vn 0.0089 -0.9983 0.0581
vn 0.2745 -0.2256 0.9347
vn 0.2672 -0.3167 0.9101
vn 0.3940 -0.3167 0.8628
vn 0.4047 -0.2256 0.8862
vn 0.2565 -0.4139 0.8735
vn 0.2417 -0.5141 0.8230
vn 0.3563 -0.5141 0.7802
vn 0.3782 -0.4139 0.8281
vn 0.2226 -0.6130 0.7581
vn 0.1996 -0.7057 0.6798
vn 0.2943 -0.7057 0.6445
vn 0.3282 -0.6130 0.7187
vn 0.1736 -0.7877 0.5911
vn 0.1457 -0.8559 0.4962
vn 0.2148 -0.8559 0.4704
vn 0.2559 -0.7877 0.5604
vn 0.1174 -0.9090 0.4000
vn 0.0900 -0.9476 0.3065
vn 0.1327 -0.9476 0.2906
vn 0.1732 -0.9090 0.3792
vn 0.0642 -0.9737 0.2188
vn 0.0407 -0.9895 0.1385
vn 0.0600 -0.9895 0.1313
vn 0.0947 -0.9737 0.2074
vn 0.0159 -0.9983 0.0558
vn 0.0249 -0.9983 0.0532
vn 0.5267 -0.2256 0.8196
vn 0.5128 -0.3167 0.7979
vn 0.6211 -0.3167 0.7168
vn 0.6380 -0.2256 0.7363
vn 0.4922 -0.4139 0.7658
vn 0.4637 -0.5141 0.7216
vn 0.5617 -0.5141 0.6482
vn 0.5961 -0.4139 0.6880
vn 0.4272 -0.6130 0.6647
vn 0.3830 -0.7057 0.5960
vn 0.4640 -0.7057 0.5355
vn 0.5174 -0.6130 0.5971
vn 0.3331 -0.7877 0.5182
vn 0.2796 -0.8559 0.4351
vn 0.3387 -0.8559 0.3909
vn 0.4034 -0.7877 0.4656
vn 0.2254 -0.9090 0.3507
vn 0.1727 -0.9476 0.2687
vn 0.2092 -0.9476 0.2414
vn 0.2730 -0.9090 0.3151
vn 0.1233 -0.9737 0.1918
vn 0.0781 -0.9895 0.1215
vn 0.0946 -0.9895 0.1091
vn 0.1493 -0.9737 0.1723
vn 0.0310 -0.9983 0.0491
vn 0.0389 -0.9983 0.0440
vn 0.7363 -0.2256 0.6380
vn 0.7168 -0.3167 0.6211
vn 0.7979 -0.3167 0.5128
vn 0.8196 -0.2256 0.5267
vn 0.6880 -0.4139 0.5961
vn 0.6482 -0.5141 0.5617
vn 0.7216 -0.5141 0.4637
vn 0.7658 -0.4139 0.4922
vn 0.5971 -0.6130 0.5174
vn 0.5355 -0.7057 0.4640
vn 0.5960 -0.7057 0.3830
vn 0.6647 -0.6130 0.4272
vn 0.4656 -0.7877 0.4034
vn 0.3909 -0.8559 0.3387
vn 0.4351 -0.8559 0.2796
vn 0.5182 -0.7877 0.3331
vn 0.3150 -0.9090 0.2730
vn 0.2414 -0.9476 0.2092
vn 0.2687 -0.9476 0.1727
vn 0.3507 -0.9090 0.2254
vn 0.1723 -0.9737 0.1493
vn 0.1091 -0.9895 0.0945
vn 0.1215 -0.9895 0.0781
vn 0.1918 -0.9737 0.1233
vn 0.0436 -0.9983 0.0384
vn 0.0497 -0.9983 0.0313
vn 0.8862 -0.2256 0.4047
vn 0.8628 -0.3167 0.3940
vn 0.9101 -0.3167 0.2672
vn 0.9347 -0.2256 0.2745
vn 0.8281 -0.4139 0.3782
vn 0.7802 -0.5141 0.3563
vn 0.8230 -0.5141 0.2417
vn 0.8734 -0.4139 0.2565
vn 0.7187 -0.6130 0.3282
vn 0.6445 -0.7057 0.2943
vn 0.6798 -0.7057 0.1996
vn 0.7581 -0.6130 0.2226
vn 0.5604 -0.7877 0.2559
vn 0.4704 -0.8559 0.2148
vn 0.4962 -0.8559 0.1457
vn 0.5911 -0.7877 0.1736
vn 0.3792 -0.9090 0.1732
vn 0.2906 -0.9476 0.1327
vn 0.3065 -0.9476 0.0900
vn 0.4000 -0.9090 0.1174
vn 0.2074 -0.9737 0.0947
vn 0.1313 -0.9895 0.0600
vn 0.1385 -0.9895 0.0407
vn 0.2188 -0.9737 0.0642
vn 0.0526 -0.9983 0.0245
vn 0.0565 -0.9983 0.0160
vn 0.9643 -0.2256 0.1386
vn 0.9389 -0.3167 0.1350
vn 0.9011 -0.4139 0.1296
vn 0.8490 -0.5141 0.1221
vn 0.7821 -0.6130 0.1124
vn 0.7013 -0.7057 0.1008
vn 0.6098 -0.7877 0.0877
vn 0.5119 -0.8559 0.0736
vn 0.4126 -0.9090 0.0593
vn 0.3162 -0.9476 0.0455
vn 0.2257 -0.9737 0.0324
vn 0.1429 -0.9895 0.0205
vn 0.0574 -0.9983 0.0087
vn 0.9731 0.1828 -0.1399
vn 0.9831 0.1828 0.0000
vn 0.9433 0.1828 -0.2770
vn 0.9329 0.2336 -0.2739
vn 0.9624 0.2336 -0.1384
vn 0.9723 0.2336 0.0000
vn 0.8943 0.1828 -0.4084
vn 0.8271 0.1828 -0.5315
vn 0.8180 0.2336 -0.5257
vn 0.8845 0.2336 -0.4039
vn 0.7430 0.1828 -0.6438
vn 0.6438 0.1828 -0.7430
vn 0.6367 0.2336 -0.7348
vn 0.7348 0.2336 -0.6367
vn 0.5315 0.1828 -0.8271
vn 0.4084 0.1828 -0.8943
vn 0.4039 0.2336 -0.8845
vn 0.5257 0.2336 -0.8180
vn 0.2770 0.1828 -0.9433
vn 0.1399 0.1828 -0.9731
vn 0.1384 0.2336 -0.9624
vn 0.2739 0.2336 -0.9329
vn 0.0000 0.1828 -0.9831
vn -0.1399 0.1828 -0.9731
vn -0.1384 0.2336 -0.9624
vn 0.0000 0.2336 -0.9723
vn -0.2770 0.1828 -0.9433
vn -0.4084 0.1828 -0.8943
vn -0.4039 0.2336 -0.8845
vn -0.2739 0.2336 -0.9329
vn -0.5315 0.1828 -0.8271
vn -0.6438 0.1828 -0.7430
vn -0.6367 0.2336 -0.7348
vn -0.5257 0.2336 -0.8180
vn -0.7430 0.1828 -0.6438
vn -0.8271 0.1828 -0.5315
vn -0.8180 0.2336 -0.5257
vn -0.7348 0.2336 -0.6367
vn -0.8943 0.1828 -0.4084
vn -0.9433 0.1828 -0.2770
vn -0.9329 0.2336 -0.2739
vn -0.8845 0.2336 -0.4039
vn -0.9731 0.1828 -0.1399
vn -0.9831 0.1828 -0.0000
vn -0.9723 0.2336 -0.0000
vn -0.9624 0.2336 -0.1384
vn -0.9731 0.1828 0.1399
vn -0.9433 0.1828 0.2770
vn -0.9329 0.2336 0.2739
vn -0.9624 0.2336 0.1384
vn -0.8943 0.1828 0.4084
vn -0.8271 0.1828 0.5315
vn -0.8180 0.2336 0.5257
vn -0.8845 0.2336 0.4039
vn -0.7430 0.1828 0.6438
vn -0.6438 0.1828 0.7430
vn -0.6367 0.2336 0.7348
vn -0.7348 0.2336 0.6367
vn -0.5315 0.1828 0.8271
vn -0.4084 0.1828 0.8943
vn -0.4039 0.2336 0.8845
vn -0.5257 0.2336 0.8180
vn -0.2770 0.1828 0.9433
vn -0.1399 0.1828 0.9731
vn -0.1384 0.2336 0.9624
vn -0.2739 0.2336 0.9329
vn -0.0000 0.1828 0.9831
vn 0.1399 0.1828 0.9731
vn 0.1384 0.2336 0.9624
vn -0.0000 0.2336 0.9723
vn 0.2770 0.1828 0.9433
vn 0.4084 0.1828 0.8943
vn 0.4039 0.2336 0.8845
vn 0.2739 0.2336 0.9329
vn 0.5315 0.1828 0.8271
vn 0.6438 0.1828 0.7430
vn 0.6367 0.2336 0.7348
vn 0.5257 0.2336 0.8180
vn 0.7430 0.1828 0.6438
vn 0.8271 0.1828 0.5315
vn 0.8180 0.2336 0.5257
vn 0.7348 0.2336 0.6367
vn 0.8943 0.1828 0.4084
vn 0.9433 0.1828 0.2770
vn 0.9329 0.2336 0.2739
vn 0.8845 0.2336 0.4039
vn 0.9731 0.1828 0.1399
vn 0.9624 0.2336 0.1384
vn 0.9898 0.0000 -0.1423
vn 0.8656 0.4851 -0.1245
vn 0.8390 0.4851 -0.2464
vn 0.9595 0.0000 -0.2817
vn 0.8656 -0.4851 -0.1245
vn 0.8390 -0.4851 -0.2464
vn 0.8744 -0.4851 0.0000
vn 1.0000 0.0000 0.0000
vn 0.8744 0.4851 0.0000
vn 0.9096 0.0000 -0.4154
vn 0.7955 0.4851 -0.3633
vn 0.7356 0.4851 -0.4728
vn 0.8413 0.0000 -0.5406
vn 0.7955 -0.4851 -0.3633
vn 0.7356 -0.4851 -0.4728
vn 0.7557 0.0000 -0.6549
vn 0.6609 0.4851 -0.5727
vn 0.5726 0.4851 -0.6609
vn 0.6549 0.0000 -0.7557
vn 0.6609 -0.4851 -0.5727
vn 0.5726 -0.4851 -0.6609
vn 0.5406 0.0000 -0.8413
vn 0.4728 0.4851 -0.7357
vn 0.3633 0.4851 -0.7954
vn 0.4154 0.0000 -0.9096
vn 0.4728 -0.4851 -0.7357
vn 0.3633 -0.4851 -0.7954
vn 0.2817 0.0000 -0.9595
vn 0.2464 0.4851 -0.8391
vn 0.1244 0.4851 -0.8655
vn 0.1423 0.0000 -0.9898
vn 0.2464 -0.4851 -0.8391
vn 0.1244 -0.4851 -0.8655
vn -0.0000 0.0000 -1.0000
vn 0.0000 0.4851 -0.8745
vn -0.1244 0.4851 -0.8655
vn -0.1423 0.0000 -0.9898
vn -0.0000 -0.4851 -0.8745
vn -0.1244 -0.4851 -0.8655
vn -0.2817 0.0000 -0.9595
vn -0.2464 0.4851 -0.8391
vn -0.3633 0.4851 -0.7954
vn -0.4154 0.0000 -0.9096
vn -0.2464 -0.4851 -0.8391
vn -0.3633 -0.4851 -0.7954
vn -0.5406 0.0000 -0.8413
vn -0.4728 0.4851 -0.7357
vn -0.5726 0.4851 -0.6609
vn -0.6549 0.0000 -0.7557
vn -0.4728 -0.4851 -0.7357
vn -0.5726 -0.4851 -0.6609
vn -0.7557 0.0000 -0.6549
vn -0.6609 0.4851 -0.5727
vn -0.7356 0.4851 -0.4728
vn -0.8413 0.0000 -0.5406
vn -0.6609 -0.4851 -0.5727
vn -0.7356 -0.4851 -0.4728
vn -0.9096 0.0000 -0.4154
vn -0.7955 0.4851 -0.3633
vn -0.8390 0.4851 -0.2464
vn -0.9595 0.0000 -0.2817
vn -0.7955 -0.4851 -0.3633
vn -0.8390 -0.4851 -0.2464
vn -0.9898 0.0000 -0.1423
vn -0.8656 0.4851 -0.1245
vn -0.8744 0.4851 -0.0000
vn -1.0000 0.0000 0.0000
vn -0.8656 -0.4851 -0.1245
vn -0.8744 -0.4851 0.0000
vn -0.9898 0.0000 0.1423
vn -0.8656 0.4851 0.1245
vn -0.8390 0.4851 0.2464
vn -0.9595 0.0000 0.2817
vn -0.8656 -0.4851 0.1245
vn -0.8390 -0.4851 0.2464
vn -0.9096 0.0000 0.4154
vn -0.7955 0.4851 0.3633
vn -0.7356 0.4851 0.4728
vn -0.8413 0.0000 0.5406
vn -0.7955 -0.4851 0.3633
vn -0.7356 -0.4851 0.4728
vn -0.7557 0.0000 0.6549
vn -0.6609 0.4851 0.5727
vn -0.5726 0.4851 0.6609
vn -0.6549 0.0000 0.7557
vn -0.6609 -0.4851 0.5727
vn -0.5726 -0.4851 0.6609
vn -0.5406 0.0000 0.8413
vn -0.4728 0.4851 0.7357
vn -0.3633 0.4851 0.7954
vn -0.4154 0.0000 0.9096
vn -0.4728 -0.4851 0.7357
vn -0.3633 -0.4851 0.7954
vn -0.2817 0.0000 0.9595
vn -0.2464 0.4851 0.8391
vn -0.1244 0.4851 0.8655
vn -0.1423 0.0000 0.9898
vn -0.2464 -0.4851 0.8391
vn -0.1244 -0.4851 0.8655
vn -0.0000 0.0000 1.0000
vn -0.0000 0.4851 0.8745
vn 0.1244 0.4851 0.8655
vn 0.1423 0.0000 0.9898
vn -0.0000 -0.4851 0.8745
vn 0.1244 -0.4851 0.8655
vn 0.2817 0.0000 0.9595
vn 0.2464 0.4851 0.8391
vn 0.3633 0.4851 0.7954
vn 0.4154 0.0000 0.9096
vn 0.2464 -0.4851 0.8391
vn 0.3633 -0.4851 0.7954
vn 0.5406 0.0000 0.8413
vn 0.4728 0.4851 0.7357
vn 0.5726 0.4851 0.6609
vn 0.6549 -0.0000 0.7558
vn 0.4728 -0.4851 0.7357
vn 0.5726 -0.4851 0.6609
vn 0.7557 0.0000 0.6549
vn 0.6609 0.4851 0.5727
vn 0.7356 0.4851 0.4728
vn 0.8413 0.0000 0.5406
vn 0.6609 -0.4851 0.5727
vn 0.7356 -0.4851 0.4728
vn 0.9096 0.0000 0.4154
vn 0.7955 0.4851 0.3633
vn 0.8390 0.4851 0.2464
vn 0.9595 0.0000 0.2817
vn 0.7955 -0.4851 0.3633
vn 0.8390 -0.4851 0.2464
vn 0.9898 0.0000 0.1423
vn 0.8656 0.4851 0.1245
vn 0.8656 -0.4851 0.1245
vn 0.9877 -0.0648 -0.1420
vn 0.8729 -0.4714 -0.1255
vn 0.8462 -0.4713 -0.2485
vn 0.9575 -0.0648 -0.2811
vn 0.9898 -0.0000 -0.1423
vn 0.9595 -0.0000 -0.2817
vn 1.0000 -0.0000 0.0000
vn 0.9979 -0.0648 0.0000
vn 0.8820 -0.4713 0.0000
vn 0.9897 0.0144 -0.1423
vn 0.9999 0.0144 0.0000
vn 0.9594 0.0144 -0.2817
vn 0.8729 0.4714 -0.1255
vn 0.8820 0.4713 0.0000
vn 0.8462 0.4713 -0.2485
vn 0.9077 -0.0648 -0.4145
vn 0.8022 -0.4714 -0.3664
vn 0.7419 -0.4713 -0.4768
vn 0.8395 -0.0648 -0.5395
vn 0.9096 -0.0000 -0.4154
vn 0.8413 -0.0000 -0.5406
vn 0.9095 0.0144 -0.4154
vn 0.8412 0.0144 -0.5406
vn 0.8022 0.4714 -0.3664
vn 0.7419 0.4713 -0.4768
vn 0.7542 -0.0648 -0.6535
vn 0.6665 -0.4714 -0.5775
vn 0.5776 -0.4713 -0.6665
vn 0.6535 -0.0648 -0.7542
vn 0.7557 0.0144 -0.6548
vn 0.6548 0.0144 -0.7557
vn 0.6665 0.4714 -0.5775
vn 0.5776 0.4713 -0.6665
vn 0.5395 -0.0648 -0.8395
vn 0.4768 -0.4714 -0.7419
vn 0.3664 -0.4713 -0.8023
vn 0.4145 -0.0648 -0.9077
vn 0.5406 0.0144 -0.8412
vn 0.4154 0.0144 -0.9095
vn 0.4768 0.4714 -0.7419
vn 0.3664 0.4713 -0.8023
vn 0.2811 -0.0648 -0.9575
vn 0.2485 -0.4714 -0.8462
vn 0.1255 -0.4713 -0.8730
vn 0.1420 -0.0648 -0.9877
vn 0.2817 0.0144 -0.9594
vn 0.1423 0.0144 -0.9897
vn 0.2485 0.4714 -0.8462
vn 0.1255 0.4713 -0.8730
vn -0.0000 -0.0648 -0.9979
vn -0.0000 -0.4714 -0.8819
vn -0.1255 -0.4713 -0.8730
vn -0.1420 -0.0648 -0.9877
vn 0.0000 0.0000 -1.0000
vn 0.0000 0.0144 -0.9999
vn -0.1423 0.0144 -0.9897
vn -0.0000 0.4714 -0.8819
vn -0.1255 0.4713 -0.8730
vn -0.2811 -0.0648 -0.9575
vn -0.2485 -0.4714 -0.8462
vn -0.3664 -0.4713 -0.8023
vn -0.4145 -0.0648 -0.9077
vn -0.2817 0.0144 -0.9594
vn -0.4154 0.0144 -0.9095
vn -0.2485 0.4714 -0.8462
vn -0.3664 0.4713 -0.8023
vn -0.5395 -0.0648 -0.8395
vn -0.4768 -0.4714 -0.7419
vn -0.5776 -0.4713 -0.6665
vn -0.6535 -0.0648 -0.7542
vn -0.6549 -0.0000 -0.7557
vn -0.5406 0.0144 -0.8412
vn -0.6548 0.0144 -0.7557
vn -0.4768 0.4714 -0.7419
vn -0.5776 0.4713 -0.6665
vn -0.7542 -0.0648 -0.6535
vn -0.6665 -0.4714 -0.5775
vn -0.7419 -0.4713 -0.4768
vn -0.8395 -0.0648 -0.5395
vn -0.7557 -0.0000 -0.6549
vn -0.8413 -0.0000 -0.5406
vn -0.7557 0.0144 -0.6548
vn -0.8412 0.0144 -0.5406
vn -0.6665 0.4714 -0.5775
vn -0.7419 0.4713 -0.4768
vn -0.9077 -0.0648 -0.4145
vn -0.8022 -0.4714 -0.3664
vn -0.8462 -0.4713 -0.2485
vn -0.9575 -0.0648 -0.2811
vn -0.9096 -0.0000 -0.4154
vn -0.9095 0.0144 -0.4154
vn -0.9594 0.0144 -0.2817
vn -0.8022 0.4714 -0.3664
vn -0.8462 0.4713 -0.2485
vn -0.9877 -0.0648 -0.1420
vn -0.8729 -0.4714 -0.1255
vn -0.8820 -0.4713 -0.0000
vn -0.9979 -0.0648 -0.0000
vn -1.0000 -0.0000 -0.0000
vn -0.9897 0.0144 -0.1423
vn -0.9999 0.0144 -0.0000
vn -0.8729 0.4714 -0.1255
vn -1.0000 0.0000 -0.0000
vn -0.8820 0.4713 -0.0000
vn -0.9877 -0.0648 0.1420
vn -0.8729 -0.4714 0.1255
vn -0.8462 -0.4713 0.2485
vn -0.9575 -0.0648 0.2811
vn -0.9898 -0.0000 0.1423
vn -0.9595 -0.0000 0.2817
vn -0.9897 0.0144 0.1423
vn -0.9594 0.0144 0.2817
vn -0.8729 0.4714 0.1255
vn -0.8462 0.4713 0.2485
vn -0.9077 -0.0648 0.4145
vn -0.8022 -0.4714 0.3664
vn -0.7419 -0.4713 0.4768
vn -0.8395 -0.0648 0.5395
vn -0.9096 -0.0000 0.4154
vn -0.8413 -0.0000 0.5406
vn -0.9095 0.0144 0.4154
vn -0.8412 0.0144 0.5406
vn -0.8022 0.4714 0.3664
vn -0.7419 0.4713 0.4768
vn -0.7542 -0.0648 0.6535
vn -0.6665 -0.4714 0.5775
vn -0.5776 -0.4713 0.6665
vn -0.6535 -0.0648 0.7542
vn -0.7557 0.0144 0.6548
vn -0.6548 0.0144 0.7557
vn -0.6665 0.4714 0.5775
vn -0.5776 0.4713 0.6665
vn -0.5395 -0.0648 0.8395
vn -0.4768 -0.4714 0.7419
vn -0.3664 -0.4713 0.8023
vn -0.4145 -0.0648 0.9077
vn -0.5406 0.0144 0.8412
vn -0.4154 0.0144 0.9095
vn -0.4768 0.4714 0.7419
vn -0.3664 0.4713 0.8023
vn -0.2811 -0.0648 0.9575
vn -0.2485 -0.4714 0.8462
vn -0.1255 -0.4713 0.8730
vn -0.1420 -0.0648 0.9877
vn -0.2817 -0.0000 0.9595
vn -0.1423 -0.0000 0.9898
vn -0.2817 0.0144 0.9594
vn -0.1423 0.0144 0.9897
vn -0.2485 0.4714 0.8462
vn -0.1255 0.4713 0.8730
vn -0.0000 -0.0648 0.9979
vn -0.0000 -0.4714 0.8819
vn 0.1255 -0.4713 0.8730
vn 0.1420 -0.0648 0.9877
vn -0.0000 -0.0000 1.0000
vn 0.1423 -0.0000 0.9898
vn -0.0000 0.0144 0.9999
vn 0.1423 0.0144 0.9897
vn -0.0000 0.4714 0.8819
vn 0.1255 0.4713 0.8730
vn 0.2811 -0.0648 0.9575
vn 0.2485 -0.4714 0.8462
vn 0.3664 -0.4713 0.8023
vn 0.4145 -0.0648 0.9077
vn 0.2817 -0.0000 0.9595
vn 0.2817 0.0144 0.9594
vn 0.4154 0.0144 0.9095
vn 0.2485 0.4714 0.8462
vn 0.3664 0.4713 0.8023
vn 0.5395 -0.0648 0.8395
vn 0.4768 -0.4714 0.7419
vn 0.5776 -0.4713 0.6665
vn 0.6535 -0.0648 0.7542
vn 0.6549 0.0000 0.7558
vn 0.5406 0.0144 0.8412
vn 0.6548 0.0144 0.7557
vn 0.4768 0.4714 0.7419
vn 0.5776 0.4713 0.6665
vn 0.7542 -0.0648 0.6535
vn 0.6665 -0.4714 0.5775
vn 0.7419 -0.4713 0.4768
vn 0.8395 -0.0648 0.5395
vn 0.7557 0.0144 0.6548
vn 0.8412 0.0144 0.5406
vn 0.6665 0.4714 0.5775
vn 0.7419 0.4713 0.4768
vn 0.9077 -0.0648 0.4145
vn 0.8022 -0.4714 0.3664
vn 0.8462 -0.4713 0.2485
vn 0.9575 -0.0648 0.2811
vn 0.9095 0.0144 0.4154
vn 0.9594 0.0144 0.2817
vn 0.8022 0.4714 0.3664
vn 0.8462 0.4713 0.2485
vn 0.9877 -0.0648 0.1420
vn 0.8729 -0.4714 0.1255
vn 0.9897 0.0144 0.1423
vn 0.8729 0.4714 0.1255
vn 0.6406 -0.7623 -0.0921
vn 0.6472 -0.7623 0.0000
vn 0.6210 -0.7623 -0.1823
vn 0.5887 -0.7623 -0.2689
vn 0.5445 -0.7623 -0.3499
vn 0.4891 -0.7623 -0.4238
vn 0.4238 -0.7623 -0.4891
vn 0.3499 -0.7623 -0.5445
vn 0.2689 -0.7623 -0.5887
vn 0.1823 -0.7623 -0.6210
vn 0.0921 -0.7623 -0.6406
vn -0.0000 -0.7623 -0.6472
vn -0.0921 -0.7623 -0.6406
vn -0.1823 -0.7623 -0.6210
vn -0.2689 -0.7623 -0.5887
vn -0.3499 -0.7623 -0.5445
vn -0.4238 -0.7623 -0.4891
vn -0.4891 -0.7623 -0.4238
vn -0.5445 -0.7623 -0.3499
vn -0.5887 -0.7623 -0.2689
vn -0.6210 -0.7623 -0.1823
vn -0.6406 -0.7623 -0.0921
vn -0.6472 -0.7623 0.0000
vn -0.6406 -0.7623 0.0921
vn -0.6210 -0.7623 0.1823
vn -0.5887 -0.7623 0.2689
vn -0.5445 -0.7623 0.3499
vn -0.4891 -0.7623 0.4238
vn -0.4238 -0.7623 0.4891
vn -0.3499 -0.7623 0.5445
vn -0.2689 -0.7623 0.5887
vn -0.1823 -0.7623 0.6210
vn -0.0921 -0.7623 0.6406
vn -0.0000 -0.7623 0.6472
vn 0.0921 -0.7623 0.6406
vn 0.1823 -0.7623 0.6210
vn 0.2689 -0.7623 0.5887
vn 0.3499 -0.7623 0.5445
vn 0.4238 -0.7623 0.4891
vn 0.4891 -0.7623 0.4238
vn 0.5445 -0.7623 0.3499
vn 0.5887 -0.7623 0.2689
vn 0.6210 -0.7623 0.1823
vn 0.6406 -0.7623 0.0921
vn 0.6406 0.7623 -0.0921
vn 0.6210 0.7623 -0.1823
vn 0.6472 0.7623 0.0000
vn 0.6406 0.7623 0.0921
vn 0.6210 0.7623 0.1823
vn 0.5887 0.7623 0.2689
vn 0.5445 0.7623 0.3499
vn 0.4891 0.7623 0.4238
vn 0.4238 0.7623 0.4891
vn 0.3499 0.7623 0.5445
vn 0.2689 0.7623 0.5887
vn 0.1823 0.7623 0.6210
vn 0.0921 0.7623 0.6406
vn -0.0000 0.7623 0.6472
vn -0.0921 0.7623 0.6406
vn -0.1823 0.7623 0.6210
vn -0.2689 0.7623 0.5887
vn -0.3499 0.7623 0.5445
vn -0.4238 0.7623 0.4891
vn -0.4891 0.7623 0.4238
vn -0.5445 0.7623 0.3499
vn -0.5887 0.7623 0.2689
vn -0.6210 0.7623 0.1823
vn -0.6406 0.7623 0.0921
vn -0.6472 0.7623 -0.0000
vn -0.6406 0.7623 -0.0921
vn -0.6210 0.7623 -0.1823
vn -0.5887 0.7623 -0.2689
vn -0.5445 0.7623 -0.3499
vn -0.4891 0.7623 -0.4238
vn -0.4238 0.7623 -0.4891
vn -0.3499 0.7623 -0.5445
vn -0.2689 0.7623 -0.5887
vn -0.1823 0.7623 -0.6210
vn -0.0921 0.7623 -0.6406
vn 0.0000 0.7623 -0.6472
vn 0.0921 0.7623 -0.6406
vn 0.1823 0.7623 -0.6210
vn 0.2689 0.7623 -0.5887
vn 0.3499 0.7623 -0.5445
vn 0.4238 0.7623 -0.4891
vn 0.4891 0.7623 -0.4238
vn 0.5445 0.7623 -0.3499
vn 0.5887 0.7623 -0.2689
vn -0.5092 -0.8575 0.0732
vn -0.9583 -0.2505 0.1378
vn -0.9289 -0.2505 0.2727
vn -0.4935 -0.8576 0.1449
vn 0.0000 -1.0000 -0.0000
vn -0.5143 -0.8576 -0.0000
vn -0.9681 -0.2505 -0.0000
vn -0.4680 -0.8575 0.2137
vn -0.8806 -0.2505 0.4022
vn -0.8144 -0.2505 0.5234
vn -0.4326 -0.8576 0.2780
vn -0.3888 -0.8575 0.3369
vn -0.7317 -0.2505 0.6340
vn -0.6340 -0.2505 0.7317
vn -0.3368 -0.8576 0.3887
vn -0.2782 -0.8575 0.4328
vn -0.5234 -0.2505 0.8144
vn -0.4022 -0.2505 0.8806
vn -0.2136 -0.8576 0.4678
vn -0.1449 -0.8575 0.4936
vn -0.2728 -0.2505 0.9289
vn -0.1378 -0.2505 0.9583
vn -0.0732 -0.8576 0.5091
vn 0.0000 -0.8575 0.5145
vn 0.0000 -0.2505 0.9681
vn 0.1378 -0.2505 0.9583
vn 0.0732 -0.8576 0.5091
vn 0.1449 -0.8575 0.4936
vn 0.2728 -0.2505 0.9289
vn 0.4022 -0.2505 0.8806
vn 0.2136 -0.8576 0.4678
vn 0.2782 -0.8575 0.4328
vn 0.5234 -0.2505 0.8144
vn 0.6340 -0.2505 0.7317
vn 0.3368 -0.8576 0.3887
vn 0.3888 -0.8575 0.3369
vn 0.7317 -0.2505 0.6340
vn 0.8144 -0.2505 0.5234
vn 0.4326 -0.8576 0.2780
vn 0.4680 -0.8575 0.2137
vn 0.8806 -0.2505 0.4022
vn 0.9289 -0.2505 0.2727
vn 0.4935 -0.8576 0.1449
vn 0.5092 -0.8575 0.0732
vn 0.9583 -0.2505 0.1378
vn 0.9681 -0.2505 0.0000
vn 0.5143 -0.8576 0.0000
vn 0.5092 -0.8575 -0.0732
vn 0.9583 -0.2505 -0.1378
vn 0.9289 -0.2505 -0.2727
vn 0.4935 -0.8576 -0.1449
vn 0.4680 -0.8575 -0.2137
vn 0.8806 -0.2505 -0.4022
vn 0.8144 -0.2505 -0.5234
vn 0.4326 -0.8576 -0.2780
vn 0.3888 -0.8575 -0.3369
vn 0.7317 -0.2505 -0.6340
vn 0.6340 -0.2505 -0.7317
vn 0.3368 -0.8576 -0.3887
vn 0.2782 -0.8575 -0.4328
vn 0.5234 -0.2505 -0.8144
vn 0.4022 -0.2505 -0.8806
vn 0.2136 -0.8576 -0.4678
vn 0.1449 -0.8575 -0.4936
vn 0.2728 -0.2505 -0.9289
vn 0.1378 -0.2505 -0.9583
vn 0.0732 -0.8576 -0.5091
vn 0.0000 -0.8575 -0.5145
vn 0.0000 -0.2505 -0.9681
vn -0.1378 -0.2505 -0.9583
vn -0.0732 -0.8576 -0.5091
vn -0.1449 -0.8575 -0.4936
vn -0.2728 -0.2505 -0.9289
vn -0.4022 -0.2505 -0.8806
vn -0.2136 -0.8576 -0.4678
vn -0.2782 -0.8575 -0.4328
vn -0.5234 -0.2505 -0.8144
vn -0.6340 -0.2505 -0.7317
vn -0.3368 -0.8576 -0.3887
vn -0.3888 -0.8575 -0.3369
vn -0.7317 -0.2505 -0.6340
vn -0.8144 -0.2505 -0.5234
vn -0.4326 -0.8576 -0.2780
vn -0.4680 -0.8575 -0.2137
vn -0.8806 -0.2505 -0.4022
vn -0.9289 -0.2505 -0.2727
vn -0.4935 -0.8576 -0.1449
vn -0.5092 -0.8575 -0.0732
vn -0.9583 -0.2505 -0.1378
vn -0.9895 -0.0267 0.1423
vn -0.9996 -0.0267 -0.0000
vn -0.9591 -0.0267 0.2816
vn -0.9093 -0.0267 0.4153
vn -0.8410 -0.0267 0.5404
vn -0.7555 -0.0267 0.6546
vn -0.6546 -0.0267 0.7555
vn -0.5404 -0.0267 0.8410
vn -0.5406 -0.0000 0.8413
vn -0.4153 -0.0267 0.9093
vn -0.4154 -0.0000 0.9096
vn -0.2816 -0.0267 0.9591
vn -0.1423 -0.0267 0.9895
vn 0.0000 -0.0267 0.9996
vn 0.1423 -0.0267 0.9895
vn 0.2816 -0.0267 0.9591
vn 0.4153 -0.0267 0.9093
vn 0.5404 -0.0267 0.8410
vn 0.6546 -0.0267 0.7555
vn 0.6549 0.0000 0.7557
vn 0.7555 -0.0267 0.6546
vn 0.7557 -0.0000 0.6549
vn 0.8410 -0.0267 0.5404
vn 0.8413 -0.0000 0.5406
vn 0.9093 -0.0267 0.4153
vn 0.9591 -0.0267 0.2816
vn 0.9895 -0.0267 0.1423
vn 0.9996 -0.0267 0.0000
vn 0.9895 -0.0267 -0.1423
vn 0.9592 -0.0267 -0.2816
vn 0.9093 -0.0267 -0.4153
vn 0.8410 -0.0267 -0.5404
vn 0.7555 -0.0267 -0.6546
vn 0.6546 -0.0267 -0.7555
vn 0.5404 -0.0267 -0.8410
vn 0.4153 -0.0267 -0.9093
vn 0.2816 -0.0267 -0.9591
vn 0.1423 -0.0267 -0.9895
vn 0.0000 -0.0267 -0.9996
vn -0.1423 -0.0267 -0.9895
vn -0.1423 -0.0000 -0.9898
vn -0.2816 -0.0267 -0.9592
vn -0.2817 -0.0000 -0.9595
vn -0.4153 -0.0267 -0.9093
vn -0.5404 -0.0267 -0.8410
vn -0.6546 -0.0267 -0.7555
vn -0.6549 0.0000 -0.7558
vn -0.7555 -0.0267 -0.6546
vn -0.8410 -0.0267 -0.5404
vn -0.9093 -0.0267 -0.4153
vn -0.9591 -0.0267 -0.2816
vn -0.9895 -0.0267 -0.1423
vn -0.9898 -0.0000 -0.1423
# 1485 vertex normals

vt 0.7727 0.5357 1.0000
vt 0.7500 0.5357 1.0000
vt 0.7500 0.0714 1.0000
vt 0.7727 0.0714 1.0000
vt 0.7955 0.5357 1.0000
vt 0.7955 0.0714 1.0000
vt 0.7955 1.0000 1.0000
vt 0.7727 1.0000 1.0000
vt 0.7500 1.0000 1.0000
vt 0.8182 0.5357 1.0000
vt 0.8182 0.0714 1.0000
vt 0.8409 0.5357 1.0000
vt 0.8409 0.0714 1.0000
vt 0.8409 1.0000 1.0000
vt 0.8182 1.0000 1.0000
vt 0.8636 0.5357 1.0000
vt 0.8636 0.0714 1.0000
vt 0.8864 0.5357 1.0000
vt 0.8864 0.0714 1.0000
vt 0.8864 1.0000 1.0000
vt 0.8636 1.0000 1.0000
vt 0.9091 0.5357 1.0000
vt 0.9091 0.0714 1.0000
vt 0.9318 0.5357 1.0000
vt 0.9318 0.0714 1.0000
vt 0.9318 1.0000 1.0000
vt 0.9091 1.0000 1.0000
vt 0.9545 0.5357 1.0000
vt 0.9545 0.0714 1.0000
vt 0.9773 0.5357 1.0000
vt 0.9773 0.0714 1.0000
vt 0.9773 1.0000 1.0000
vt 0.9545 1.0000 1.0000
vt 1.0000 0.5357 1.0000
vt 1.0000 0.0714 1.0000
vt 1.0227 0.5357 1.0000
vt 1.0227 0.0714 1.0000
vt 1.0227 1.0000 1.0000
vt 1.0000 1.0000 1.0000
vt 0.0455 0.5357 1.0000
vt 0.0227 0.5357 1.0000
vt 0.0227 0.0714 1.0000
vt 0.0455 0.0714 1.0000
vt 0.0682 0.5357 1.0000
vt 0.0682 0.0714 1.0000
vt 0.0682 1.0000 1.0000
vt 0.0455 1.0000 1.0000
vt 0.0227 1.0000 1.0000
vt 0.0909 0.5357 1.0000
vt 0.0909 0.0714 1.0000
vt 0.1136 0.5357 1.0000
vt 0.1136 0.0714 1.0000
vt 0.1136 1.0000 1.0000
vt 0.0909 1.0000 1.0000
vt 0.1364 0.5357 1.0000
vt 0.1364 0.0714 1.0000
vt 0.1591 0.5357 1.0000
vt 0.1591 0.0714 1.0000
vt 0.1591 1.0000 1.0000
vt 0.1364 1.0000 1.0000
vt 0.1818 0.5357 1.0000
vt 0.1818 0.0714 1.0000
vt 0.2045 0.5357 1.0000
vt 0.2045 0.0714 1.0000
vt 0.2045 1.0000 1.0000
vt 0.1818 1.0000 1.0000
vt 0.2273 0.5357 1.0000
vt 0.2273 0.0714 1.0000
vt 0.2500 0.5357 1.0000
vt 0.2500 0.0714 1.0000
vt 0.2500 1.0000 1.0000
vt 0.2273 1.0000 1.0000
vt 0.2727 0.5357 1.0000
vt 0.2727 0.0714 1.0000
vt 0.2955 0.5357 1.0000
vt 0.2955 0.0714 1.0000
vt 0.2955 1.0000 1.0000
vt 0.2727 1.0000 1.0000
vt 0.3182 0.5357 1.0000
vt 0.3182 0.0714 1.0000
vt 0.3409 0.5357 1.0000
vt 0.3409 0.0714 1.0000
vt 0.3409 1.0000 1.0000
vt 0.3182 1.0000 1.0000
vt 0.3636 0.5357 1.0000
vt 0.3636 0.0714 1.0000
vt 0.3864 0.5357 1.0000
vt 0.3864 0.0714 1.0000
vt 0.3864 1.0000 1.0000
vt 0.3636 1.0000 1.0000
vt 0.4091 0.5357 1.0000
vt 0.4091 0.0714 1.0000
vt 0.4318 0.5357 1.0000
vt 0.4318 0.0714 1.0000
vt 0.4318 1.0000 1.0000
vt 0.4091 1.0000 1.0000
vt 0.4545 0.5357 1.0000
vt 0.4545 0.0714 1.0000
vt 0.4773 0.5357 1.0000
vt 0.4773 0.0714 1.0000
vt 0.4773 1.0000 1.0000
vt 0.4545 1.0000 1.0000
vt 0.5000 0.5357 1.0000
vt 0.5000 0.0714 1.0000
vt 0.5227 0.5357 1.0000
vt 0.5227 0.0714 1.0000
vt 0.5227 1.0000 1.0000
vt 0.5000 1.0000 1.0000
vt 0.5455 0.5357 1.0000
vt 0.5455 0.0714 1.0000
vt 0.5682 0.5357 1.0000
vt 0.5682 0.0714 1.0000
vt 0.5682 1.0000 1.0000
vt 0.5455 1.0000 1.0000
vt 0.5909 0.5357 1.0000
vt 0.5909 0.0714 1.0000
vt 0.6136 0.5357 1.0000
vt 0.6136 0.0714 1.0000
vt 0.6136 1.0000 1.0000
vt 0.5909 1.0000 1.0000
vt 0.6364 0.5357 1.0000
vt 0.6364 0.0714 1.0000
vt 0.6591 0.5357 1.0000
vt 0.6591 0.0714 1.0000
vt 0.6591 1.0000 1.0000
vt 0.6364 1.0000 1.0000
vt 0.6818 0.5357 1.0000
vt 0.6818 0.0714 1.0000
vt 0.7045 0.5357 1.0000
vt 0.7045 0.0714 1.0000
vt 0.7045 1.0000 1.0000
vt 0.6818 1.0000 1.0000
vt 0.7273 0.5357 1.0000
vt 0.7273 0.0714 1.0000
vt 0.7273 1.0000 1.0000
vt 0.5002 0.4999 -0.2499
vt 0.5388 0.7658 -0.2500
vt 0.5900 0.8039 -0.2499
vt 0.6121 0.7444 -0.2498
vt 0.6754 0.7029 -0.2496
vt 0.6712 0.7663 -0.2496
vt 0.7391 0.7074 -0.2496
vt 0.7264 0.6453 -0.2498
vt 0.7596 0.5756 -0.2500
vt 0.7896 0.6316 -0.2499
vt 0.8152 0.5451 -0.2500
vt 0.7697 0.5000 -0.2500
vt 0.7579 0.4243 -0.2500
vt 0.8141 0.4550 -0.2500
vt 0.7884 0.3684 -0.2499
vt 0.7264 0.3548 -0.2498
vt 0.6770 0.2969 -0.2498
vt 0.7402 0.2927 -0.2497
vt 0.6724 0.2333 -0.2499
vt 0.6121 0.2553 -0.2500
vt 0.5380 0.2339 -0.2500
vt 0.5892 0.1958 -0.2500
vt 0.4997 0.1833 -0.2500
vt 0.4613 0.2342 -0.2500
vt 0.3880 0.2554 -0.2500
vt 0.4100 0.1961 -0.2500
vt 0.3286 0.2332 -0.2500
vt 0.3242 0.2967 -0.2500
vt 0.2740 0.3546 -0.2500
vt 0.2606 0.2924 -0.2500
vt 0.2118 0.3682 -0.2500
vt 0.2421 0.4239 -0.2500
vt 0.2311 0.5004 -0.2500
vt 0.1862 0.4547 -0.2500
vt 0.1861 0.5460 -0.2500
vt 0.2420 0.5764 -0.2500
vt 0.2738 0.6445 -0.2500
vt 0.2116 0.6316 -0.2500
vt 0.2605 0.7063 -0.2500
vt 0.3241 0.7021 -0.2500
vt 0.3884 0.7443 -0.2500
vt 0.3288 0.7659 -0.2500
vt 0.4106 0.8039 -0.2500
vt 0.4617 0.7658 -0.2500
vt 0.5002 0.8165 -0.2500
vt 0.4490 0.8452 -0.2500
vt 0.4490 0.8446 -0.2500
vt 0.5194 0.8547 -0.2500
vt 0.5182 0.8551 -0.2500
vt 0.4489 0.8459 -0.2500
vt 0.5170 0.8555 -0.2500
vt 0.3809 0.8362 -0.2500
vt 0.3797 0.8354 -0.2500
vt 0.3785 0.8345 -0.2500
vt 0.3561 0.8185 -0.2500
vt 0.3564 0.8180 -0.2500
vt 0.4211 0.8476 -0.2500
vt 0.4196 0.8476 -0.2500
vt 0.3557 0.8190 -0.2500
vt 0.4182 0.8476 -0.2500
vt 0.2933 0.7903 -0.2500
vt 0.2925 0.7893 -0.2500
vt 0.2917 0.7884 -0.2500
vt 0.2732 0.7631 -0.2500
vt 0.2738 0.7627 -0.2500
vt 0.3276 0.8094 -0.2500
vt 0.3261 0.8090 -0.2500
vt 0.2727 0.7636 -0.2500
vt 0.3247 0.8087 -0.2500
vt 0.2207 0.7184 -0.2500
vt 0.2203 0.7172 -0.2500
vt 0.2200 0.7160 -0.2500
vt 0.2033 0.6890 -0.2500
vt 0.2037 0.6887 -0.2500
vt 0.2421 0.7485 -0.2500
vt 0.2411 0.7476 -0.2500
vt 0.2030 0.6893 -0.2500
vt 0.2401 0.7468 -0.2500
vt 0.1659 0.6317 -0.2500
vt 0.1655 0.6303 -0.2500
vt 0.1652 0.6290 -0.2500
vt 0.1623 0.5980 -0.2500
vt 0.1628 0.5978 -0.2500
vt 0.1828 0.6659 -0.2500
vt 0.1821 0.6650 -0.2500
vt 0.1619 0.5983 -0.2500
vt 0.1813 0.6640 -0.2500
vt 0.1425 0.5326 -0.2500
vt 0.1426 0.5311 -0.2500
vt 0.1427 0.5296 -0.2500
vt 0.1545 0.5002 -0.2500
vt 0.1554 0.5002 -0.2500
vt 0.1554 0.5715 -0.2500
vt 0.1545 0.5704 -0.2500
vt 0.1536 0.5002 -0.2500
vt 0.1536 0.5692 -0.2500
vt 0.1536 0.4312 -0.2500
vt 0.1545 0.4300 -0.2500
vt 0.1554 0.4289 -0.2500
vt 0.1638 0.4021 -0.2500
vt 0.1643 0.4023 -0.2500
vt 0.1442 0.4705 -0.2500
vt 0.1440 0.4691 -0.2500
vt 0.1632 0.4018 -0.2500
vt 0.1438 0.4677 -0.2500
vt 0.1826 0.3360 -0.2500
vt 0.1835 0.3350 -0.2500
vt 0.1844 0.3341 -0.2500
vt 0.2062 0.3110 -0.2500
vt 0.2067 0.3114 -0.2500
vt 0.1683 0.3712 -0.2500
vt 0.1684 0.3699 -0.2500
vt 0.2057 0.3107 -0.2500
vt 0.1686 0.3685 -0.2500
vt 0.2428 0.2529 -0.2500
vt 0.2440 0.2522 -0.2500
vt 0.2452 0.2515 -0.2500
vt 0.2718 0.2363 -0.2500
vt 0.2722 0.2368 -0.2500
vt 0.2185 0.2834 -0.2500
vt 0.2190 0.2821 -0.2500
vt 0.2714 0.2358 -0.2500
vt 0.2194 0.2808 -0.2500
vt 0.3233 0.1908 -0.2500
vt 0.3247 0.1905 -0.2500
vt 0.3260 0.1902 -0.2500
vt 0.3538 0.1801 -0.2500
vt 0.3540 0.1805 -0.2500
vt 0.2894 0.2100 -0.2500
vt 0.2903 0.2091 -0.2500
vt 0.3535 0.1797 -0.2500
vt 0.2912 0.2081 -0.2500
vt 0.4159 0.1512 -0.2500
vt 0.4172 0.1511 -0.2500
vt 0.4186 0.1510 -0.2500
vt 0.4502 0.1562 -0.2500
vt 0.4503 0.1569 -0.2500
vt 0.3798 0.1671 -0.2500
vt 0.3809 0.1662 -0.2500
vt 0.4501 0.1555 -0.2500
vt 0.3819 0.1653 -0.2500
vt 0.5182 0.1457 -0.2500
vt 0.5195 0.1463 -0.2500
vt 0.5208 0.1468 -0.2500
vt 0.5507 0.1533 -0.2500
vt 0.5507 0.1538 -0.2500
vt 0.4803 0.1438 -0.2500
vt 0.4816 0.1434 -0.2500
vt 0.5507 0.1527 -0.2500
vt 0.4828 0.1431 -0.2500
vt 0.6186 0.1624 -0.2500
vt 0.6199 0.1632 -0.2500
vt 0.6211 0.1639 -0.2500
vt 0.6448 0.1858 -0.2500
vt 0.6445 0.1866 -0.2500
vt 0.5796 0.1570 -0.2500
vt 0.5810 0.1567 -0.2500
vt 0.6451 0.1849 -0.2500
vt 0.5823 0.1564 -0.2500
vt 0.7079 0.2135 -0.2500
vt 0.7086 0.2148 -0.2500
vt 0.7093 0.2161 -0.2500
vt 0.7280 0.2346 -0.2500
vt 0.7275 0.2349 -0.2500
vt 0.6738 0.1883 -0.2500
vt 0.6753 0.1887 -0.2500
vt 0.7286 0.2342 -0.2500
vt 0.6768 0.1892 -0.2500
vt 0.7804 0.2793 -0.2499
vt 0.7808 0.2804 -0.2500
vt 0.7812 0.2816 -0.2500
vt 0.7946 0.3102 -0.2499
vt 0.7941 0.3104 -0.2500
vt 0.7556 0.2506 -0.2500
vt 0.7568 0.2514 -0.2499
vt 0.7951 0.3099 -0.2499
vt 0.7580 0.2522 -0.2499
vt 0.8321 0.3677 -0.2500
vt 0.8323 0.3690 -0.2500
vt 0.8325 0.3703 -0.2500
vt 0.8348 0.4017 -0.2500
vt 0.8342 0.4019 -0.2500
vt 0.8141 0.3336 -0.2500
vt 0.8151 0.3346 -0.2500
vt 0.8354 0.4015 -0.2500
vt 0.8161 0.3356 -0.2500
vt 0.8548 0.4674 -0.2500
vt 0.8545 0.4688 -0.2500
vt 0.8542 0.4701 -0.2500
vt 0.8499 0.5029 -0.2500
vt 0.8492 0.5030 -0.2500
vt 0.8491 0.4319 -0.2500
vt 0.8497 0.4330 -0.2500
vt 0.8505 0.5027 -0.2500
vt 0.8503 0.4340 -0.2500
vt 0.8508 0.5713 -0.2500
vt 0.8501 0.5728 -0.2500
vt 0.8493 0.5742 -0.2500
vt 0.8351 0.5983 -0.2500
vt 0.8343 0.5981 -0.2500
vt 0.8544 0.5299 -0.2500
vt 0.8548 0.5312 -0.2500
vt 0.8358 0.5985 -0.2500
vt 0.8552 0.5326 -0.2500
vt 0.8165 0.6644 -0.2500
vt 0.8154 0.6654 -0.2500
vt 0.8143 0.6664 -0.2500
vt 0.7939 0.6841 -0.2500
vt 0.7933 0.6835 -0.2500
vt 0.8320 0.6236 -0.2500
vt 0.8320 0.6253 -0.2500
vt 0.7944 0.6848 -0.2500
vt 0.8319 0.6270 -0.2500
vt 0.7569 0.7426 -0.2499
vt 0.7558 0.7430 -0.2500
vt 0.7547 0.7433 -0.2500
vt 0.7295 0.7654 -0.2499
vt 0.7292 0.7651 -0.2500
vt 0.7829 0.7185 -0.2500
vt 0.7823 0.7197 -0.2499
vt 0.7298 0.7658 -0.2499
vt 0.7816 0.7208 -0.2499
vt 0.6780 0.8107 -0.2499
vt 0.6768 0.8111 -0.2499
vt 0.6755 0.8116 -0.2500
vt 0.6440 0.8199 -0.2499
vt 0.6436 0.8195 -0.2500
vt 0.7083 0.7899 -0.2500
vt 0.7075 0.7908 -0.2499
vt 0.6444 0.8203 -0.2499
vt 0.7067 0.7917 -0.2499
vt 0.5821 0.8489 -0.2500
vt 0.5805 0.8490 -0.2500
vt 0.5790 0.8491 -0.2500
vt 0.5511 0.8438 -0.2500
vt 0.5511 0.8431 -0.2500
vt 0.6216 0.8330 -0.2500
vt 0.6205 0.8339 -0.2500
vt 0.5512 0.8445 -0.2500
vt 0.6193 0.8349 -0.2500
vt 0.4830 0.8542 -0.2500
vt 0.4818 0.8537 -0.2500
vt 0.4806 0.8532 -0.2500
vt 0.4489 0.8465 -0.2500
vt 0.5158 0.8560 -0.2500
vt 0.4489 0.8471 -0.2500
vt 0.5146 0.8564 -0.2500
vt 0.3833 0.8379 -0.2500
vt 0.3821 0.8370 -0.2500
vt 0.4489 0.8478 -0.2500
vt 0.5133 0.8568 -0.2500
vt 0.4489 0.8484 -0.2500
vt 0.5121 0.8572 -0.2500
vt 0.3857 0.8395 -0.2500
vt 0.3845 0.8387 -0.2500
vt 0.4489 0.8490 -0.2500
vt 0.5109 0.8577 -0.2500
vt 0.4489 0.8496 -0.2500
vt 0.5097 0.8581 -0.2500
vt 0.3881 0.8412 -0.2500
vt 0.3869 0.8404 -0.2500
vt 0.4489 0.8503 -0.2500
vt 0.5085 0.8585 -0.2500
vt 0.4489 0.8509 -0.2500
vt 0.5073 0.8589 -0.2500
vt 0.3904 0.8429 -0.2500
vt 0.3893 0.8420 -0.2500
vt 0.4489 0.8515 -0.2500
vt 0.5061 0.8594 -0.2500
vt 0.4488 0.8522 -0.2500
vt 0.5049 0.8598 -0.2500
vt 0.3928 0.8445 -0.2500
vt 0.3916 0.8437 -0.2500
vt 0.4488 0.8528 -0.2500
vt 0.5036 0.8602 -0.2500
vt 0.4488 0.8534 -0.2500
vt 0.5024 0.8606 -0.2500
vt 0.3952 0.8462 -0.2500
vt 0.3940 0.8453 -0.2500
vt 0.4488 0.8540 -0.2500
vt 0.5012 0.8611 -0.2500
vt 0.3964 0.8470 -0.2500
vt 0.3554 0.8195 -0.2500
vt 0.4167 0.8476 -0.2500
vt 0.3551 0.8200 -0.2500
vt 0.4152 0.8476 -0.2500
vt 0.2949 0.7923 -0.2500
vt 0.2941 0.7913 -0.2500
vt 0.3547 0.8205 -0.2500
vt 0.4138 0.8477 -0.2500
vt 0.3544 0.8210 -0.2500
vt 0.4123 0.8477 -0.2500
vt 0.2965 0.7943 -0.2500
vt 0.2957 0.7933 -0.2500
vt 0.3541 0.8215 -0.2500
vt 0.4108 0.8477 -0.2500
vt 0.3537 0.8220 -0.2500
vt 0.4094 0.8477 -0.2500
vt 0.2981 0.7962 -0.2500
vt 0.2973 0.7953 -0.2500
vt 0.3534 0.8225 -0.2500
vt 0.4079 0.8477 -0.2500
vt 0.3530 0.8230 -0.2500
vt 0.4064 0.8477 -0.2500
vt 0.2997 0.7982 -0.2500
vt 0.2989 0.7972 -0.2500
vt 0.3527 0.8235 -0.2500
vt 0.4049 0.8478 -0.2500
vt 0.3524 0.8240 -0.2500
vt 0.4035 0.8478 -0.2500
vt 0.3012 0.8002 -0.2500
vt 0.3005 0.7992 -0.2500
vt 0.3520 0.8245 -0.2500
vt 0.4020 0.8478 -0.2500
vt 0.3517 0.8250 -0.2500
vt 0.4005 0.8478 -0.2500
vt 0.3028 0.8021 -0.2500
vt 0.3020 0.8012 -0.2500
vt 0.3514 0.8255 -0.2500
vt 0.3991 0.8478 -0.2500
vt 0.3036 0.8031 -0.2500
vt 0.2722 0.7640 -0.2500
vt 0.3232 0.8084 -0.2500
vt 0.2716 0.7644 -0.2500
vt 0.3218 0.8080 -0.2500
vt 0.2215 0.7208 -0.2500
vt 0.2211 0.7196 -0.2500
vt 0.2711 0.7648 -0.2500
vt 0.3203 0.8077 -0.2500
vt 0.2706 0.7653 -0.2500
vt 0.3189 0.8074 -0.2500
vt 0.2222 0.7232 -0.2500
vt 0.2218 0.7220 -0.2500
vt 0.2700 0.7657 -0.2500
vt 0.3174 0.8071 -0.2500
vt 0.2695 0.7661 -0.2500
vt 0.3160 0.8067 -0.2500
vt 0.2230 0.7256 -0.2500
vt 0.2226 0.7244 -0.2500
vt 0.2690 0.7666 -0.2500
vt 0.3145 0.8064 -0.2500
vt 0.2684 0.7670 -0.2500
vt 0.3131 0.8061 -0.2500
vt 0.2237 0.7279 -0.2500
vt 0.2234 0.7267 -0.2500
vt 0.2679 0.7674 -0.2500
vt 0.3117 0.8058 -0.2500
vt 0.2673 0.7679 -0.2500
vt 0.3102 0.8054 -0.2500
vt 0.2245 0.7303 -0.2500
vt 0.2241 0.7291 -0.2500
vt 0.2668 0.7683 -0.2500
vt 0.3088 0.8051 -0.2500
vt 0.2663 0.7687 -0.2500
vt 0.3073 0.8048 -0.2500
vt 0.2252 0.7327 -0.2500
vt 0.2249 0.7315 -0.2500
vt 0.2657 0.7692 -0.2500
vt 0.3059 0.8044 -0.2500
vt 0.2256 0.7339 -0.2500
vt 0.2026 0.6895 -0.2500
vt 0.2391 0.7460 -0.2500
vt 0.2023 0.6898 -0.2500
vt 0.2381 0.7451 -0.2500
vt 0.1665 0.6344 -0.2500
vt 0.1662 0.6330 -0.2500
vt 0.2020 0.6900 -0.2500
vt 0.2371 0.7443 -0.2500
vt 0.2016 0.6903 -0.2500
vt 0.2361 0.7435 -0.2500
vt 0.1672 0.6371 -0.2500
vt 0.1669 0.6357 -0.2500
vt 0.2013 0.6905 -0.2500
vt 0.2351 0.7426 -0.2500
vt 0.2010 0.6908 -0.2500
vt 0.2341 0.7418 -0.2500
vt 0.1678 0.6398 -0.2500
vt 0.1675 0.6384 -0.2500
vt 0.2006 0.6910 -0.2500
vt 0.2330 0.7410 -0.2500
vt 0.2003 0.6913 -0.2500
vt 0.2320 0.7401 -0.2500
vt 0.1685 0.6425 -0.2500
vt 0.1682 0.6411 -0.2500
vt 0.1999 0.6915 -0.2500
vt 0.2310 0.7393 -0.2500
vt 0.1996 0.6918 -0.2500
vt 0.2300 0.7384 -0.2500
vt 0.1692 0.6452 -0.2500
vt 0.1688 0.6438 -0.2500
vt 0.1993 0.6921 -0.2500
vt 0.2290 0.7376 -0.2500
vt 0.1989 0.6923 -0.2500
vt 0.2280 0.7368 -0.2500
vt 0.1698 0.6479 -0.2500
vt 0.1695 0.6465 -0.2500
vt 0.1986 0.6926 -0.2500
vt 0.2270 0.7359 -0.2500
vt 0.1702 0.6492 -0.2500
vt 0.1615 0.5986 -0.2500
vt 0.1805 0.6631 -0.2500
vt 0.1610 0.5988 -0.2500
vt 0.1797 0.6621 -0.2500
vt 0.1423 0.5356 -0.2500
vt 0.1424 0.5341 -0.2500
vt 0.1606 0.5991 -0.2500
vt 0.1790 0.6611 -0.2500
vt 0.1601 0.5994 -0.2500
vt 0.1782 0.6602 -0.2500
vt 0.1421 0.5386 -0.2500
vt 0.1422 0.5371 -0.2500
vt 0.1597 0.5996 -0.2500
vt 0.1774 0.6592 -0.2500
vt 0.1593 0.5999 -0.2500
vt 0.1767 0.6582 -0.2500
vt 0.1419 0.5416 -0.2500
vt 0.1420 0.5401 -0.2500
vt 0.1588 0.6002 -0.2500
vt 0.1759 0.6573 -0.2500
vt 0.1584 0.6005 -0.2500
vt 0.1751 0.6563 -0.2500
vt 0.1417 0.5446 -0.2500
vt 0.1418 0.5431 -0.2500
vt 0.1580 0.6007 -0.2500
vt 0.1743 0.6554 -0.2500
vt 0.1575 0.6010 -0.2500
vt 0.1736 0.6544 -0.2500
vt 0.1415 0.5476 -0.2500
vt 0.1416 0.5461 -0.2500
vt 0.1571 0.6013 -0.2500
vt 0.1728 0.6534 -0.2500
vt 0.1567 0.6015 -0.2500
vt 0.1720 0.6525 -0.2500
vt 0.1413 0.5506 -0.2500
vt 0.1414 0.5491 -0.2500
vt 0.1562 0.6018 -0.2500
vt 0.1713 0.6515 -0.2500
vt 0.1412 0.5521 -0.2500
vt 0.1527 0.5003 -0.2500
vt 0.1527 0.5681 -0.2500
vt 0.1518 0.5003 -0.2500
vt 0.1518 0.5670 -0.2500
vt 0.1518 0.4335 -0.2500
vt 0.1527 0.4324 -0.2500
vt 0.1509 0.5003 -0.2500
vt 0.1509 0.5659 -0.2500
vt 0.1500 0.5003 -0.2500
vt 0.1500 0.5648 -0.2500
vt 0.1501 0.4359 -0.2500
vt 0.1510 0.4347 -0.2500
vt 0.1492 0.5003 -0.2500
vt 0.1491 0.5636 -0.2500
vt 0.1483 0.5004 -0.2500
vt 0.1482 0.5625 -0.2500
vt 0.1483 0.4382 -0.2500
vt 0.1492 0.4370 -0.2500
vt 0.1474 0.5004 -0.2500
vt 0.1473 0.5614 -0.2500
vt 0.1465 0.5004 -0.2500
vt 0.1464 0.5603 -0.2500
vt 0.1465 0.4405 -0.2500
vt 0.1474 0.4394 -0.2500
vt 0.1456 0.5004 -0.2500
vt 0.1455 0.5592 -0.2500
vt 0.1447 0.5005 -0.2500
vt 0.1446 0.5580 -0.2500
vt 0.1447 0.4429 -0.2500
vt 0.1456 0.4417 -0.2500
vt 0.1438 0.5005 -0.2500
vt 0.1438 0.5569 -0.2500
vt 0.1429 0.5005 -0.2500
vt 0.1429 0.5558 -0.2500
vt 0.1429 0.4452 -0.2500
vt 0.1438 0.4440 -0.2500
vt 0.1420 0.5005 -0.2500
vt 0.1420 0.5547 -0.2500
vt 0.1421 0.4464 -0.2500
vt 0.1627 0.4016 -0.2500
vt 0.1437 0.4662 -0.2500
vt 0.1622 0.4014 -0.2500
vt 0.1435 0.4648 -0.2500
vt 0.1809 0.3379 -0.2500
vt 0.1818 0.3370 -0.2500
vt 0.1617 0.4011 -0.2500
vt 0.1433 0.4633 -0.2500
vt 0.1611 0.4009 -0.2500
vt 0.1431 0.4619 -0.2500
vt 0.1792 0.3399 -0.2500
vt 0.1801 0.3389 -0.2500
vt 0.1606 0.4006 -0.2500
vt 0.1429 0.4605 -0.2500
vt 0.1601 0.4004 -0.2500
vt 0.1427 0.4590 -0.2500
vt 0.1775 0.3418 -0.2500
vt 0.1784 0.3408 -0.2500
vt 0.1596 0.4002 -0.2500
vt 0.1425 0.4576 -0.2500
vt 0.1590 0.3999 -0.2500
vt 0.1423 0.4562 -0.2500
vt 0.1758 0.3437 -0.2500
vt 0.1766 0.3427 -0.2500
vt 0.1585 0.3997 -0.2500
vt 0.1421 0.4547 -0.2500
vt 0.1580 0.3994 -0.2500
vt 0.1419 0.4533 -0.2500
vt 0.1741 0.3456 -0.2500
vt 0.1749 0.3447 -0.2500
vt 0.1575 0.3992 -0.2500
vt 0.1417 0.4518 -0.2500
vt 0.1569 0.3990 -0.2500
vt 0.1415 0.4504 -0.2500
vt 0.1723 0.3475 -0.2500
vt 0.1732 0.3466 -0.2500
vt 0.1564 0.3987 -0.2500
vt 0.1414 0.4490 -0.2500
vt 0.1715 0.3485 -0.2500
vt 0.2052 0.3104 -0.2500
vt 0.1687 0.3671 -0.2500
vt 0.2047 0.3100 -0.2500
vt 0.1689 0.3658 -0.2500
vt 0.2405 0.2543 -0.2500
vt 0.2416 0.2536 -0.2500
vt 0.2041 0.3097 -0.2500
vt 0.1690 0.3644 -0.2500
vt 0.2036 0.3094 -0.2500
vt 0.1691 0.3631 -0.2500
vt 0.2381 0.2557 -0.2500
vt 0.2393 0.2550 -0.2500
vt 0.2031 0.3091 -0.2500
vt 0.1693 0.3617 -0.2500
vt 0.2026 0.3087 -0.2500
vt 0.1694 0.3603 -0.2500
vt 0.2357 0.2571 -0.2500
vt 0.2369 0.2564 -0.2500
vt 0.2021 0.3084 -0.2500
vt 0.1696 0.3590 -0.2500
vt 0.2016 0.3081 -0.2500
vt 0.1697 0.3576 -0.2500
vt 0.2334 0.2585 -0.2500
vt 0.2345 0.2578 -0.2500
vt 0.2010 0.3077 -0.2500
vt 0.1699 0.3563 -0.2500
vt 0.2005 0.3074 -0.2500
vt 0.1700 0.3549 -0.2500
vt 0.2310 0.2599 -0.2500
vt 0.2322 0.2592 -0.2500
vt 0.2000 0.3071 -0.2500
vt 0.1702 0.3535 -0.2500
vt 0.1995 0.3067 -0.2500
vt 0.1703 0.3522 -0.2500
vt 0.2286 0.2613 -0.2500
vt 0.2298 0.2606 -0.2500
vt 0.1990 0.3064 -0.2500
vt 0.1705 0.3508 -0.2500
vt 0.2275 0.2620 -0.2500
vt 0.2710 0.2353 -0.2500
vt 0.2199 0.2795 -0.2500
vt 0.2705 0.2348 -0.2500
vt 0.2204 0.2782 -0.2500
vt 0.3206 0.1913 -0.2500
vt 0.3220 0.1911 -0.2500
vt 0.2701 0.2343 -0.2500
vt 0.2209 0.2769 -0.2500
vt 0.2697 0.2338 -0.2500
vt 0.2214 0.2757 -0.2500
vt 0.3179 0.1919 -0.2500
vt 0.3193 0.1916 -0.2500
vt 0.2692 0.2333 -0.2500
vt 0.2219 0.2744 -0.2500
vt 0.2688 0.2328 -0.2500
vt 0.2224 0.2731 -0.2500
vt 0.3152 0.1925 -0.2500
vt 0.3166 0.1922 -0.2500
vt 0.2684 0.2323 -0.2500
vt 0.2229 0.2718 -0.2500
vt 0.2679 0.2318 -0.2500
vt 0.2233 0.2705 -0.2500
vt 0.3125 0.1931 -0.2500
vt 0.3139 0.1928 -0.2500
vt 0.2675 0.2313 -0.2500
vt 0.2238 0.2692 -0.2500
vt 0.2671 0.2308 -0.2500
vt 0.2243 0.2679 -0.2500
vt 0.3098 0.1936 -0.2500
vt 0.3112 0.1934 -0.2500
vt 0.2666 0.2303 -0.2500
vt 0.2248 0.2666 -0.2500
vt 0.2662 0.2298 -0.2500
vt 0.2253 0.2653 -0.2500
vt 0.3071 0.1942 -0.2500
vt 0.3085 0.1939 -0.2500
vt 0.2658 0.2293 -0.2500
vt 0.2258 0.2640 -0.2500
vt 0.3058 0.1945 -0.2500
vt 0.3533 0.1792 -0.2500
vt 0.2922 0.2072 -0.2500
vt 0.3531 0.1788 -0.2500
vt 0.2931 0.2062 -0.2500
vt 0.4131 0.1514 -0.2500
vt 0.4145 0.1513 -0.2500
vt 0.3529 0.1784 -0.2500
vt 0.2941 0.2053 -0.2500
vt 0.3527 0.1780 -0.2500
vt 0.2950 0.2043 -0.2500
vt 0.4103 0.1517 -0.2500
vt 0.4117 0.1515 -0.2500
vt 0.3524 0.1776 -0.2500
vt 0.2959 0.2033 -0.2500
vt 0.3522 0.1771 -0.2500
vt 0.2969 0.2024 -0.2500
vt 0.4076 0.1519 -0.2500
vt 0.4089 0.1518 -0.2500
vt 0.3520 0.1767 -0.2500
vt 0.2978 0.2014 -0.2500
vt 0.3518 0.1763 -0.2500
vt 0.2988 0.2005 -0.2500
vt 0.4048 0.1521 -0.2500
vt 0.4062 0.1520 -0.2500
vt 0.3516 0.1759 -0.2500
vt 0.2997 0.1995 -0.2500
vt 0.3513 0.1755 -0.2500
vt 0.3007 0.1986 -0.2500
vt 0.4020 0.1523 -0.2500
vt 0.4034 0.1522 -0.2500
vt 0.3511 0.1750 -0.2500
vt 0.3016 0.1976 -0.2500
vt 0.3509 0.1746 -0.2500
vt 0.3025 0.1967 -0.2500
vt 0.3993 0.1526 -0.2500
vt 0.4007 0.1524 -0.2500
vt 0.3507 0.1742 -0.2500
vt 0.3035 0.1957 -0.2500
vt 0.3979 0.1527 -0.2500
vt 0.4499 0.1548 -0.2500
vt 0.3830 0.1644 -0.2500
vt 0.4498 0.1541 -0.2500
vt 0.3840 0.1635 -0.2500
vt 0.5156 0.1446 -0.2500
vt 0.5169 0.1452 -0.2500
vt 0.4497 0.1533 -0.2500
vt 0.3850 0.1626 -0.2500
vt 0.4495 0.1526 -0.2500
vt 0.3861 0.1617 -0.2500
vt 0.5130 0.1435 -0.2500
vt 0.5143 0.1441 -0.2500
vt 0.4494 0.1519 -0.2500
vt 0.3871 0.1608 -0.2500
vt 0.4493 0.1512 -0.2500
vt 0.3882 0.1599 -0.2500
vt 0.5104 0.1425 -0.2500
vt 0.5117 0.1430 -0.2500
vt 0.4492 0.1505 -0.2500
vt 0.3892 0.1590 -0.2500
vt 0.4490 0.1497 -0.2500
vt 0.3903 0.1581 -0.2500
vt 0.5078 0.1414 -0.2500
vt 0.5091 0.1419 -0.2500
vt 0.4489 0.1490 -0.2500
vt 0.3913 0.1572 -0.2500
vt 0.4488 0.1483 -0.2500
vt 0.3923 0.1563 -0.2500
vt 0.5052 0.1403 -0.2500
vt 0.5065 0.1408 -0.2500
vt 0.4486 0.1476 -0.2500
vt 0.3934 0.1555 -0.2500
vt 0.4485 0.1469 -0.2500
vt 0.3944 0.1546 -0.2500
vt 0.5026 0.1392 -0.2500
vt 0.5039 0.1397 -0.2500
vt 0.4484 0.1462 -0.2500
vt 0.3955 0.1537 -0.2500
vt 0.5013 0.1386 -0.2500
vt 0.5507 0.1522 -0.2500
vt 0.4840 0.1427 -0.2500
vt 0.5507 0.1516 -0.2500
vt 0.4853 0.1423 -0.2500
vt 0.6162 0.1609 -0.2500
vt 0.6174 0.1617 -0.2500
vt 0.5507 0.1511 -0.2500
vt 0.4865 0.1420 -0.2500
vt 0.5507 0.1505 -0.2500
vt 0.4877 0.1416 -0.2500
vt 0.6137 0.1594 -0.2500
vt 0.6149 0.1602 -0.2500
vt 0.5507 0.1500 -0.2500
vt 0.4889 0.1413 -0.2500
vt 0.5507 0.1494 -0.2500
vt 0.4902 0.1409 -0.2500
vt 0.6112 0.1579 -0.2500
vt 0.6125 0.1587 -0.2500
vt 0.5507 0.1489 -0.2500
vt 0.4914 0.1406 -0.2500
vt 0.5507 0.1483 -0.2500
vt 0.4926 0.1402 -0.2500
vt 0.6087 0.1564 -0.2500
vt 0.6100 0.1572 -0.2500
vt 0.5507 0.1478 -0.2500
vt 0.4939 0.1399 -0.2500
vt 0.5507 0.1472 -0.2500
vt 0.4951 0.1395 -0.2500
vt 0.6063 0.1549 -0.2500
vt 0.6075 0.1557 -0.2500
vt 0.5507 0.1467 -0.2500
vt 0.4963 0.1392 -0.2500
vt 0.5507 0.1461 -0.2500
vt 0.4975 0.1388 -0.2500
vt 0.6038 0.1534 -0.2500
vt 0.6050 0.1542 -0.2500
vt 0.5507 0.1456 -0.2500
vt 0.4988 0.1385 -0.2500
vt 0.6025 0.1527 -0.2500
vt 0.6454 0.1841 -0.2500
vt 0.5837 0.1561 -0.2500
vt 0.6457 0.1833 -0.2500
vt 0.5850 0.1557 -0.2500
vt 0.7065 0.2109 -0.2500
vt 0.7072 0.2122 -0.2500
vt 0.6461 0.1825 -0.2500
vt 0.5864 0.1554 -0.2500
vt 0.6464 0.1817 -0.2500
vt 0.5878 0.1551 -0.2500
vt 0.7050 0.2082 -0.2500
vt 0.7057 0.2096 -0.2500
vt 0.6467 0.1809 -0.2500
vt 0.5891 0.1548 -0.2500
vt 0.6470 0.1800 -0.2500
vt 0.5905 0.1545 -0.2500
vt 0.7036 0.2056 -0.2500
vt 0.7043 0.2069 -0.2500
vt 0.6473 0.1792 -0.2500
vt 0.5918 0.1542 -0.2500
vt 0.6476 0.1784 -0.2500
vt 0.5932 0.1538 -0.2500
vt 0.7021 0.2030 -0.2500
vt 0.7028 0.2043 -0.2500
vt 0.6480 0.1776 -0.2500
vt 0.5945 0.1535 -0.2500
vt 0.6483 0.1768 -0.2500
vt 0.5959 0.1532 -0.2500
vt 0.7007 0.2003 -0.2500
vt 0.7014 0.2017 -0.2500
vt 0.6486 0.1760 -0.2500
vt 0.5972 0.1529 -0.2500
vt 0.6489 0.1751 -0.2500
vt 0.5986 0.1526 -0.2500
vt 0.6992 0.1977 -0.2500
vt 0.6999 0.1990 -0.2500
vt 0.6492 0.1743 -0.2500
vt 0.5999 0.1523 -0.2500
vt 0.6985 0.1964 -0.2500
vt 0.7291 0.2339 -0.2499
vt 0.6783 0.1896 -0.2500
vt 0.7297 0.2335 -0.2499
vt 0.6798 0.1900 -0.2500
vt 0.7795 0.2770 -0.2499
vt 0.7800 0.2781 -0.2499
vt 0.7302 0.2331 -0.2499
vt 0.6813 0.1904 -0.2500
vt 0.7307 0.2328 -0.2499
vt 0.6828 0.1908 -0.2500
vt 0.7787 0.2747 -0.2498
vt 0.7791 0.2758 -0.2498
vt 0.7313 0.2324 -0.2499
vt 0.6843 0.1913 -0.2500
vt 0.7318 0.2320 -0.2499
vt 0.6858 0.1917 -0.2500
vt 0.7779 0.2724 -0.2497
vt 0.7783 0.2736 -0.2498
vt 0.7324 0.2317 -0.2498
vt 0.6873 0.1921 -0.2500
vt 0.7329 0.2313 -0.2498
vt 0.6888 0.1925 -0.2500
vt 0.7770 0.2701 -0.2497
vt 0.7775 0.2713 -0.2497
vt 0.7335 0.2310 -0.2498
vt 0.6903 0.1930 -0.2500
vt 0.7340 0.2306 -0.2498
vt 0.6918 0.1934 -0.2500
vt 0.7762 0.2678 -0.2496
vt 0.7766 0.2690 -0.2496
vt 0.7345 0.2302 -0.2498
vt 0.6933 0.1938 -0.2500
vt 0.7351 0.2299 -0.2498
vt 0.6948 0.1942 -0.2500
vt 0.7754 0.2655 -0.2495
vt 0.7758 0.2667 -0.2496
vt 0.7356 0.2295 -0.2497
vt 0.6963 0.1946 -0.2500
vt 0.7750 0.2644 -0.2495
vt 0.7956 0.3097 -0.2499
vt 0.7592 0.2530 -0.2499
vt 0.7961 0.3094 -0.2499
vt 0.7604 0.2538 -0.2498
vt 0.8318 0.3651 -0.2500
vt 0.8319 0.3664 -0.2500
vt 0.7966 0.3092 -0.2499
vt 0.7616 0.2546 -0.2498
vt 0.7971 0.3089 -0.2499
vt 0.7627 0.2554 -0.2498
vt 0.8314 0.3625 -0.2500
vt 0.8316 0.3638 -0.2500
vt 0.7976 0.3087 -0.2499
vt 0.7639 0.2561 -0.2497
vt 0.7981 0.3084 -0.2498
vt 0.7651 0.2569 -0.2497
vt 0.8310 0.3599 -0.2500
vt 0.8312 0.3612 -0.2500
vt 0.7985 0.3081 -0.2498
vt 0.7663 0.2577 -0.2497
vt 0.7990 0.3079 -0.2498
vt 0.7675 0.2585 -0.2496
vt 0.8306 0.3573 -0.2500
vt 0.8308 0.3586 -0.2500
vt 0.7995 0.3076 -0.2498
vt 0.7686 0.2593 -0.2496
vt 0.8000 0.3074 -0.2498
vt 0.7698 0.2601 -0.2496
vt 0.8303 0.3547 -0.2500
vt 0.8304 0.3560 -0.2500
vt 0.8005 0.3071 -0.2498
vt 0.7710 0.2609 -0.2495
vt 0.8010 0.3069 -0.2498
vt 0.7722 0.2617 -0.2495
vt 0.8299 0.3521 -0.2500
vt 0.8301 0.3534 -0.2500
vt 0.8015 0.3066 -0.2497
vt 0.7734 0.2625 -0.2495
vt 0.8297 0.3508 -0.2500
vt 0.8360 0.4013 -0.2500
vt 0.8170 0.3366 -0.2500
vt 0.8366 0.4012 -0.2500
vt 0.8180 0.3375 -0.2500
vt 0.8553 0.4648 -0.2500
vt 0.8550 0.4661 -0.2500
vt 0.8373 0.4010 -0.2500
vt 0.8189 0.3385 -0.2500
vt 0.8379 0.4008 -0.2500
vt 0.8199 0.3395 -0.2500
vt 0.8559 0.4621 -0.2500
vt 0.8556 0.4634 -0.2500
vt 0.8385 0.4006 -0.2500
vt 0.8209 0.3405 -0.2500
vt 0.8391 0.4004 -0.2500
vt 0.8218 0.3415 -0.2500
vt 0.8564 0.4594 -0.2500
vt 0.8561 0.4607 -0.2500
vt 0.8397 0.4003 -0.2500
vt 0.8228 0.3425 -0.2500
vt 0.8404 0.4001 -0.2500
vt 0.8237 0.3435 -0.2500
vt 0.8570 0.4567 -0.2500
vt 0.8567 0.4580 -0.2500
vt 0.8410 0.3999 -0.2500
vt 0.8247 0.3445 -0.2500
vt 0.8416 0.3997 -0.2500
vt 0.8257 0.3455 -0.2500
vt 0.8575 0.4540 -0.2500
vt 0.8572 0.4553 -0.2500
vt 0.8422 0.3996 -0.2500
vt 0.8266 0.3465 -0.2500
vt 0.8428 0.3994 -0.2500
vt 0.8276 0.3475 -0.2500
vt 0.8581 0.4513 -0.2500
vt 0.8578 0.4527 -0.2500
vt 0.8434 0.3992 -0.2500
vt 0.8285 0.3485 -0.2500
vt 0.8583 0.4500 -0.2500
vt 0.8512 0.5025 -0.2500
vt 0.8509 0.4351 -0.2500
vt 0.8519 0.5023 -0.2500
vt 0.8515 0.4361 -0.2500
vt 0.8522 0.5685 -0.2500
vt 0.8515 0.5699 -0.2500
vt 0.8525 0.5021 -0.2500
vt 0.8521 0.4371 -0.2500
vt 0.8532 0.5019 -0.2500
vt 0.8527 0.4382 -0.2500
vt 0.8536 0.5656 -0.2500
vt 0.8529 0.5671 -0.2500
vt 0.8538 0.5017 -0.2500
vt 0.8533 0.4392 -0.2500
vt 0.8545 0.5015 -0.2500
vt 0.8539 0.4403 -0.2500
vt 0.8551 0.5628 -0.2500
vt 0.8544 0.5642 -0.2500
vt 0.8551 0.5013 -0.2500
vt 0.8545 0.4413 -0.2500
vt 0.8558 0.5011 -0.2500
vt 0.8551 0.4424 -0.2500
vt 0.8565 0.5599 -0.2500
vt 0.8558 0.5614 -0.2500
vt 0.8564 0.5010 -0.2500
vt 0.8556 0.4434 -0.2500
vt 0.8571 0.5008 -0.2500
vt 0.8562 0.4445 -0.2500
vt 0.8579 0.5571 -0.2500
vt 0.8572 0.5585 -0.2500
vt 0.8577 0.5006 -0.2500
vt 0.8568 0.4455 -0.2500
vt 0.8584 0.5004 -0.2500
vt 0.8574 0.4465 -0.2500
vt 0.8594 0.5542 -0.2500
vt 0.8587 0.5556 -0.2500
vt 0.8591 0.5002 -0.2500
vt 0.8580 0.4476 -0.2500
vt 0.8601 0.5528 -0.2500
vt 0.8366 0.5987 -0.2500
vt 0.8556 0.5339 -0.2500
vt 0.8373 0.5988 -0.2500
vt 0.8560 0.5352 -0.2500
vt 0.8186 0.6625 -0.2500
vt 0.8176 0.6634 -0.2500
vt 0.8381 0.5990 -0.2500
vt 0.8564 0.5366 -0.2500
vt 0.8388 0.5992 -0.2500
vt 0.8568 0.5379 -0.2500
vt 0.8208 0.6605 -0.2500
vt 0.8197 0.6615 -0.2500
vt 0.8396 0.5994 -0.2500
vt 0.8572 0.5393 -0.2500
vt 0.8403 0.5996 -0.2500
vt 0.8576 0.5406 -0.2500
vt 0.8230 0.6585 -0.2500
vt 0.8219 0.6595 -0.2500
vt 0.8410 0.5997 -0.2500
vt 0.8580 0.5420 -0.2500
vt 0.8418 0.5999 -0.2500
vt 0.8584 0.5433 -0.2500
vt 0.8252 0.6565 -0.2500
vt 0.8241 0.6575 -0.2500
vt 0.8425 0.6001 -0.2500
vt 0.8588 0.5446 -0.2500
vt 0.8433 0.6003 -0.2500
vt 0.8592 0.5460 -0.2500
vt 0.8274 0.6545 -0.2500
vt 0.8263 0.6555 -0.2500
vt 0.8440 0.6004 -0.2500
vt 0.8596 0.5473 -0.2500
vt 0.8448 0.6006 -0.2500
vt 0.8600 0.5487 -0.2500
vt 0.8295 0.6525 -0.2500
vt 0.8284 0.6535 -0.2500
vt 0.8455 0.6008 -0.2500
vt 0.8604 0.5500 -0.2500
vt 0.8306 0.6515 -0.2500
vt 0.7949 0.6854 -0.2499
vt 0.8319 0.6287 -0.2500
vt 0.7955 0.6861 -0.2499
vt 0.8319 0.6304 -0.2500
vt 0.7591 0.7418 -0.2499
vt 0.7580 0.7422 -0.2499
vt 0.7960 0.6867 -0.2499
vt 0.8319 0.6320 -0.2500
vt 0.7966 0.6874 -0.2499
vt 0.8319 0.6337 -0.2500
vt 0.7613 0.7411 -0.2498
vt 0.7602 0.7415 -0.2498
vt 0.7971 0.6881 -0.2499
vt 0.8319 0.6354 -0.2500
vt 0.7977 0.6887 -0.2499
vt 0.8318 0.6371 -0.2500
vt 0.7635 0.7403 -0.2497
vt 0.7624 0.7407 -0.2498
vt 0.7982 0.6894 -0.2498
vt 0.8318 0.6388 -0.2500
vt 0.7988 0.6900 -0.2498
vt 0.8318 0.6405 -0.2500
vt 0.7657 0.7396 -0.2497
vt 0.7646 0.7399 -0.2497
vt 0.7993 0.6907 -0.2498
vt 0.8318 0.6421 -0.2500
vt 0.7999 0.6913 -0.2498
vt 0.8318 0.6438 -0.2500
vt 0.7679 0.7388 -0.2496
vt 0.7668 0.7392 -0.2496
vt 0.8004 0.6920 -0.2498
vt 0.8318 0.6455 -0.2500
vt 0.8009 0.6926 -0.2498
vt 0.8317 0.6472 -0.2500
vt 0.7701 0.7381 -0.2495
vt 0.7690 0.7384 -0.2496
vt 0.8015 0.6933 -0.2497
vt 0.8317 0.6489 -0.2500
vt 0.7712 0.7377 -0.2495
vt 0.7301 0.7661 -0.2499
vt 0.7810 0.7220 -0.2499
vt 0.7304 0.7665 -0.2498
vt 0.7803 0.7232 -0.2498
vt 0.6805 0.8097 -0.2498
vt 0.6793 0.8102 -0.2499
vt 0.7307 0.7668 -0.2498
vt 0.7796 0.7244 -0.2498
vt 0.7310 0.7672 -0.2498
vt 0.7790 0.7255 -0.2498
vt 0.6830 0.8088 -0.2498
vt 0.6818 0.8093 -0.2498
vt 0.7313 0.7675 -0.2497
vt 0.7783 0.7267 -0.2497
vt 0.7316 0.7679 -0.2497
vt 0.7776 0.7279 -0.2497
vt 0.6855 0.8079 -0.2497
vt 0.6843 0.8083 -0.2497
vt 0.7319 0.7682 -0.2497
vt 0.7770 0.7291 -0.2497
vt 0.7322 0.7686 -0.2496
vt 0.7763 0.7302 -0.2496
vt 0.6881 0.8069 -0.2496
vt 0.6868 0.8074 -0.2497
vt 0.7325 0.7689 -0.2496
vt 0.7757 0.7314 -0.2496
vt 0.7328 0.7693 -0.2496
vt 0.7750 0.7326 -0.2496
vt 0.6906 0.8060 -0.2496
vt 0.6893 0.8065 -0.2496
vt 0.7331 0.7696 -0.2495
vt 0.7743 0.7338 -0.2495
vt 0.7334 0.7700 -0.2495
vt 0.7737 0.7349 -0.2495
vt 0.6931 0.8050 -0.2495
vt 0.6918 0.8055 -0.2495
vt 0.7337 0.7704 -0.2495
vt 0.7730 0.7361 -0.2495
vt 0.6943 0.8046 -0.2495
vt 0.6447 0.8207 -0.2499
vt 0.7059 0.7926 -0.2499
vt 0.6451 0.8211 -0.2499
vt 0.7051 0.7934 -0.2498
vt 0.5851 0.8488 -0.2500
vt 0.5836 0.8489 -0.2500
vt 0.6455 0.8215 -0.2499
vt 0.7043 0.7943 -0.2498
vt 0.6458 0.8219 -0.2499
vt 0.7035 0.7952 -0.2498
vt 0.5882 0.8486 -0.2500
vt 0.5866 0.8487 -0.2500
vt 0.6462 0.8223 -0.2499
vt 0.7027 0.7961 -0.2497
vt 0.6466 0.8227 -0.2498
vt 0.7019 0.7970 -0.2497
vt 0.5912 0.8485 -0.2500
vt 0.5897 0.8485 -0.2500
vt 0.6470 0.8231 -0.2498
vt 0.7011 0.7979 -0.2497
vt 0.6473 0.8235 -0.2498
vt 0.7003 0.7988 -0.2496
vt 0.5943 0.8483 -0.2500
vt 0.5928 0.8484 -0.2500
vt 0.6477 0.8239 -0.2498
vt 0.6995 0.7997 -0.2496
vt 0.6481 0.8244 -0.2498
vt 0.6987 0.8006 -0.2496
vt 0.5974 0.8482 -0.2500
vt 0.5958 0.8482 -0.2500
vt 0.6484 0.8248 -0.2498
vt 0.6980 0.8014 -0.2495
vt 0.6488 0.8252 -0.2498
vt 0.6972 0.8023 -0.2495
vt 0.6004 0.8480 -0.2500
vt 0.5989 0.8481 -0.2500
vt 0.6492 0.8256 -0.2497
vt 0.6964 0.8032 -0.2495
vt 0.6020 0.8479 -0.2500
vt 0.5512 0.8453 -0.2500
vt 0.6182 0.8358 -0.2500
vt 0.5512 0.8460 -0.2500
vt 0.6171 0.8367 -0.2500
vt 0.4854 0.8552 -0.2500
vt 0.4842 0.8547 -0.2500
vt 0.5513 0.8467 -0.2500
vt 0.6159 0.8376 -0.2500
vt 0.5513 0.8474 -0.2500
vt 0.6148 0.8386 -0.2500
vt 0.4879 0.8563 -0.2500
vt 0.4866 0.8558 -0.2500
vt 0.5514 0.8482 -0.2500
vt 0.6137 0.8395 -0.2500
vt 0.5514 0.8489 -0.2500
vt 0.6125 0.8404 -0.2500
vt 0.4903 0.8573 -0.2500
vt 0.4891 0.8568 -0.2500
vt 0.5515 0.8496 -0.2500
vt 0.6114 0.8414 -0.2500
vt 0.5515 0.8503 -0.2500
vt 0.6103 0.8423 -0.2500
vt 0.4927 0.8584 -0.2500
vt 0.4915 0.8579 -0.2500
vt 0.5515 0.8511 -0.2500
vt 0.6091 0.8432 -0.2500
vt 0.5516 0.8518 -0.2500
vt 0.6080 0.8441 -0.2500
vt 0.4951 0.8594 -0.2500
vt 0.4939 0.8589 -0.2500
vt 0.5516 0.8525 -0.2500
vt 0.6069 0.8451 -0.2500
vt 0.5517 0.8532 -0.2500
vt 0.6058 0.8460 -0.2500
vt 0.4976 0.8605 -0.2500
vt 0.4964 0.8599 -0.2500
vt 0.5517 0.8539 -0.2500
vt 0.6046 0.8469 -0.2500
vt 0.4988 0.8610 -0.2500
vt 0.4296 0.9899 0.2500
vt 0.5000 0.9949 0.2500
vt 0.5000 1.0000 0.2500
vt 0.3606 0.9749 0.2500
vt 0.3591 0.9797 0.2500
vt 0.2944 0.9502 0.2500
vt 0.2324 0.9164 0.2500
vt 0.2297 0.9206 0.2500
vt 0.1759 0.8740 0.2500
vt 0.1260 0.8241 0.2500
vt 0.1221 0.8274 0.2500
vt 0.0837 0.7676 0.2500
vt 0.0498 0.7056 0.2500
vt 0.0452 0.7077 0.2500
vt 0.0251 0.6394 0.2500
vt 0.0101 0.5704 0.2500
vt 0.0051 0.5712 0.2500
vt 0.0051 0.5000 0.2500
vt 0.0101 0.4296 0.2500
vt 0.0051 0.4288 0.2500
vt 0.0251 0.3606 0.2500
vt 0.0498 0.2944 0.2500
vt 0.0452 0.2923 0.2500
vt 0.0837 0.2324 0.2500
vt 0.1260 0.1759 0.2500
vt 0.1221 0.1726 0.2500
vt 0.1759 0.1260 0.2500
vt 0.2324 0.0836 0.2500
vt 0.2297 0.0794 0.2500
vt 0.2944 0.0498 0.2500
vt 0.3606 0.0251 0.2500
vt 0.3591 0.0203 0.2500
vt 0.4296 0.0101 0.2500
vt 0.5000 0.0051 0.2500
vt 0.5000 0.0000 0.2500
vt 0.5704 0.0101 0.2500
vt 0.6394 0.0251 0.2500
vt 0.6409 0.0203 0.2500
vt 0.7056 0.0498 0.2500
vt 0.7676 0.0836 0.2500
vt 0.7703 0.0794 0.2500
vt 0.8241 0.1260 0.2500
vt 0.8740 0.1759 0.2500
vt 0.8779 0.1726 0.2500
vt 0.9163 0.2324 0.2500
vt 0.9502 0.2944 0.2500
vt 0.9548 0.2923 0.2500
vt 0.9749 0.3606 0.2500
vt 0.9899 0.4296 0.2500
vt 0.9949 0.4288 0.2500
vt 0.9949 0.5000 0.2500
vt 0.9899 0.5704 0.2500
vt 0.9949 0.5712 0.2500
vt 0.9749 0.6394 0.2500
vt 0.9502 0.7056 0.2500
vt 0.9548 0.7077 0.2500
vt 0.9163 0.7676 0.2500
vt 0.8740 0.8241 0.2500
vt 0.8779 0.8274 0.2500
vt 0.8241 0.8740 0.2500
vt 0.7676 0.9164 0.2500
vt 0.7703 0.9206 0.2500
vt 0.7056 0.9502 0.2500
vt 0.6394 0.9749 0.2500
vt 0.6409 0.9797 0.2500
vt 0.5704 0.9899 0.2500
# 1302 texture coords

g Cylinder002
usemtl _crayfishdiffuse
s 2
f -1761/-1302/-1485 -1760/-1301/-1484 -1759/-1300/-1483 -1758/-1299/-1482 
f -1757/-1298/-1481 -1761/-1302/-1485 -1758/-1299/-1482 -1756/-1297/-1480 
f -1761/-1302/-1485 -1757/-1298/-1481 -1755/-1296/-1479 -1754/-1295/-1478 
f -1760/-1301/-1484 -1761/-1302/-1485 -1754/-1295/-1478 -1753/-1294/-1477 
f -1752/-1293/-1476 -1757/-1298/-1481 -1756/-1297/-1480 -1751/-1292/-1475 
f -1750/-1291/-1474 -1752/-1293/-1476 -1751/-1292/-1475 -1749/-1290/-1473 
f -1752/-1293/-1476 -1750/-1291/-1474 -1748/-1289/-1472 -1747/-1288/-1471 
f -1757/-1298/-1481 -1752/-1293/-1476 -1747/-1288/-1471 -1755/-1296/-1479 
f -1746/-1287/-1470 -1750/-1291/-1474 -1749/-1290/-1473 -1745/-1286/-1469 
f -1744/-1285/-1468 -1746/-1287/-1470 -1745/-1286/-1469 -1743/-1284/-1467 
f -1746/-1287/-1470 -1744/-1285/-1468 -1742/-1283/-1466 -1741/-1282/-1465 
f -1750/-1291/-1474 -1746/-1287/-1470 -1741/-1282/-1465 -1748/-1289/-1472 
f -1740/-1281/-1464 -1744/-1285/-1468 -1743/-1284/-1467 -1739/-1280/-1463 
f -1738/-1279/-1462 -1740/-1281/-1464 -1739/-1280/-1463 -1737/-1278/-1461 
f -1740/-1281/-1464 -1738/-1279/-1462 -1736/-1277/-1460 -1735/-1276/-1459 
f -1744/-1285/-1468 -1740/-1281/-1464 -1735/-1276/-1459 -1742/-1283/-1466 
f -1734/-1275/-1458 -1738/-1279/-1462 -1737/-1278/-1461 -1733/-1274/-1457 
f -1732/-1273/-1456 -1734/-1275/-1458 -1733/-1274/-1457 -1731/-1272/-1455 
f -1734/-1275/-1458 -1732/-1273/-1456 -1730/-1271/-1454 -1729/-1270/-1453 
f -1738/-1279/-1462 -1734/-1275/-1458 -1729/-1270/-1453 -1736/-1277/-1460 
f -1728/-1269/-1452 -1732/-1273/-1456 -1731/-1272/-1455 -1727/-1268/-1451 
f -1726/-1267/-1450 -1728/-1269/-1452 -1727/-1268/-1451 -1725/-1266/-1449 
f -1728/-1269/-1452 -1726/-1267/-1450 -1724/-1265/-1448 -1723/-1264/-1447 
f -1732/-1273/-1456 -1728/-1269/-1452 -1723/-1264/-1447 -1730/-1271/-1454 
f -1722/-1263/-1446 -1726/-1262/-1450 -1725/-1261/-1449 -1721/-1260/-1445 
f -1720/-1259/-1444 -1722/-1263/-1446 -1721/-1260/-1445 -1719/-1258/-1443 
f -1722/-1263/-1446 -1720/-1259/-1444 -1718/-1257/-1442 -1717/-1256/-1441 
f -1726/-1262/-1450 -1722/-1263/-1446 -1717/-1256/-1441 -1724/-1255/-1448 
f -1716/-1254/-1440 -1720/-1259/-1444 -1719/-1258/-1443 -1715/-1253/-1439 
f -1714/-1252/-1438 -1716/-1254/-1440 -1715/-1253/-1439 -1713/-1251/-1437 
f -1716/-1254/-1440 -1714/-1252/-1438 -1712/-1250/-1436 -1711/-1249/-1435 
f -1720/-1259/-1444 -1716/-1254/-1440 -1711/-1249/-1435 -1718/-1257/-1442 
f -1710/-1248/-1434 -1714/-1252/-1438 -1713/-1251/-1437 -1709/-1247/-1433 
f -1708/-1246/-1432 -1710/-1248/-1434 -1709/-1247/-1433 -1707/-1245/-1431 
f -1710/-1248/-1434 -1708/-1246/-1432 -1706/-1244/-1430 -1705/-1243/-1429 
f -1714/-1252/-1438 -1710/-1248/-1434 -1705/-1243/-1429 -1712/-1250/-1436 
f -1704/-1242/-1428 -1708/-1246/-1432 -1707/-1245/-1431 -1703/-1241/-1427 
f -1702/-1240/-1426 -1704/-1242/-1428 -1703/-1241/-1427 -1701/-1239/-1425 
f -1704/-1242/-1428 -1702/-1240/-1426 -1700/-1238/-1424 -1699/-1237/-1423 
f -1708/-1246/-1432 -1704/-1242/-1428 -1699/-1237/-1423 -1706/-1244/-1430 
f -1698/-1236/-1422 -1702/-1240/-1426 -1701/-1239/-1425 -1697/-1235/-1421 
f -1696/-1234/-1420 -1698/-1236/-1422 -1697/-1235/-1421 -1695/-1233/-1419 
f -1698/-1236/-1422 -1696/-1234/-1420 -1694/-1232/-1418 -1693/-1231/-1417 
f -1702/-1240/-1426 -1698/-1236/-1422 -1693/-1231/-1417 -1700/-1238/-1424 
f -1692/-1230/-1416 -1696/-1234/-1420 -1695/-1233/-1419 -1691/-1229/-1415 
f -1690/-1228/-1414 -1692/-1230/-1416 -1691/-1229/-1415 -1689/-1227/-1413 
f -1692/-1230/-1416 -1690/-1228/-1414 -1688/-1226/-1412 -1687/-1225/-1411 
f -1696/-1234/-1420 -1692/-1230/-1416 -1687/-1225/-1411 -1694/-1232/-1418 
f -1686/-1224/-1410 -1690/-1228/-1414 -1689/-1227/-1413 -1685/-1223/-1409 
f -1684/-1222/-1408 -1686/-1224/-1410 -1685/-1223/-1409 -1683/-1221/-1407 
f -1686/-1224/-1410 -1684/-1222/-1408 -1682/-1220/-1406 -1681/-1219/-1405 
f -1690/-1228/-1414 -1686/-1224/-1410 -1681/-1219/-1405 -1688/-1226/-1412 
f -1680/-1218/-1404 -1684/-1222/-1408 -1683/-1221/-1407 -1679/-1217/-1403 
f -1678/-1216/-1402 -1680/-1218/-1404 -1679/-1217/-1403 -1677/-1215/-1401 
f -1680/-1218/-1404 -1678/-1216/-1402 -1676/-1214/-1400 -1675/-1213/-1399 
f -1684/-1222/-1408 -1680/-1218/-1404 -1675/-1213/-1399 -1682/-1220/-1406 
f -1674/-1212/-1398 -1678/-1216/-1402 -1677/-1215/-1401 -1673/-1211/-1397 
f -1672/-1210/-1396 -1674/-1212/-1398 -1673/-1211/-1397 -1671/-1209/-1395 
f -1674/-1212/-1398 -1672/-1210/-1396 -1670/-1208/-1394 -1669/-1207/-1393 
f -1678/-1216/-1402 -1674/-1212/-1398 -1669/-1207/-1393 -1676/-1214/-1400 
f -1668/-1206/-1392 -1672/-1210/-1396 -1671/-1209/-1395 -1667/-1205/-1391 
f -1666/-1204/-1390 -1668/-1206/-1392 -1667/-1205/-1391 -1665/-1203/-1389 
f -1668/-1206/-1392 -1666/-1204/-1390 -1664/-1202/-1388 -1663/-1201/-1387 
f -1672/-1210/-1396 -1668/-1206/-1392 -1663/-1201/-1387 -1670/-1208/-1394 
f -1662/-1200/-1386 -1666/-1204/-1390 -1665/-1203/-1389 -1661/-1199/-1385 
f -1660/-1198/-1384 -1662/-1200/-1386 -1661/-1199/-1385 -1659/-1197/-1383 
f -1662/-1200/-1386 -1660/-1198/-1384 -1658/-1196/-1382 -1657/-1195/-1381 
f -1666/-1204/-1390 -1662/-1200/-1386 -1657/-1195/-1381 -1664/-1202/-1388 
f -1656/-1194/-1380 -1660/-1198/-1384 -1659/-1197/-1383 -1655/-1193/-1379 
f -1654/-1192/-1378 -1656/-1194/-1380 -1655/-1193/-1379 -1653/-1191/-1377 
f -1656/-1194/-1380 -1654/-1192/-1378 -1652/-1190/-1376 -1651/-1189/-1375 
f -1660/-1198/-1384 -1656/-1194/-1380 -1651/-1189/-1375 -1658/-1196/-1382 
f -1650/-1188/-1374 -1654/-1192/-1378 -1653/-1191/-1377 -1649/-1187/-1373 
f -1648/-1186/-1372 -1650/-1188/-1374 -1649/-1187/-1373 -1647/-1185/-1371 
f -1650/-1188/-1374 -1648/-1186/-1372 -1646/-1184/-1370 -1645/-1183/-1369 
f -1654/-1192/-1378 -1650/-1188/-1374 -1645/-1183/-1369 -1652/-1190/-1376 
f -1644/-1182/-1368 -1648/-1186/-1372 -1647/-1185/-1371 -1643/-1181/-1367 
f -1642/-1180/-1366 -1644/-1182/-1368 -1643/-1181/-1367 -1641/-1179/-1365 
f -1644/-1182/-1368 -1642/-1180/-1366 -1640/-1178/-1364 -1639/-1177/-1363 
f -1648/-1186/-1372 -1644/-1182/-1368 -1639/-1177/-1363 -1646/-1184/-1370 
f -1638/-1176/-1362 -1642/-1180/-1366 -1641/-1179/-1365 -1637/-1175/-1361 
f -1636/-1174/-1360 -1638/-1176/-1362 -1637/-1175/-1361 -1635/-1173/-1359 
f -1638/-1176/-1362 -1636/-1174/-1360 -1634/-1172/-1358 -1633/-1171/-1357 
f -1642/-1180/-1366 -1638/-1176/-1362 -1633/-1171/-1357 -1640/-1178/-1364 
f -1632/-1170/-1356 -1636/-1174/-1360 -1635/-1173/-1359 -1631/-1169/-1355 
f -1760/-1301/-1484 -1632/-1170/-1356 -1631/-1169/-1355 -1759/-1300/-1483 
f -1632/-1170/-1356 -1760/-1301/-1484 -1753/-1294/-1477 -1630/-1168/-1354 
f -1636/-1174/-1360 -1632/-1170/-1356 -1630/-1168/-1354 -1634/-1172/-1358 
f -1629/-1167/-1353 -1628/-1166/-1352 -1627/-1165/-1351 -1626/-1164/-1350 
f -1625/-1163/-1349 -1629/-1167/-1353 -1626/-1164/-1350 -1624/-1162/-1348 
f -1629/-1167/-1353 -1625/-1163/-1349 -1623/-1161/-1347 -1622/-1160/-1346 
f -1621/-1159/-1345 -1629/-1167/-1353 -1622/-1160/-1346 -1620/-1158/-1344 
f -1629/-1167/-1353 -1621/-1159/-1345 -1619/-1157/-1343 -1618/-1156/-1342 
f -1617/-1155/-1341 -1629/-1167/-1353 -1618/-1156/-1342 -1616/-1154/-1340 
f -1629/-1167/-1353 -1617/-1155/-1341 -1615/-1153/-1339 -1614/-1152/-1338 
f -1613/-1151/-1337 -1629/-1167/-1353 -1614/-1152/-1338 -1612/-1150/-1336 
f -1629/-1167/-1353 -1613/-1151/-1337 -1611/-1149/-1335 -1610/-1148/-1334 
f -1609/-1147/-1333 -1629/-1167/-1353 -1610/-1148/-1334 -1608/-1146/-1332 
f -1629/-1167/-1353 -1609/-1147/-1333 -1607/-1145/-1331 -1606/-1144/-1330 
f -1605/-1143/-1329 -1629/-1167/-1353 -1606/-1144/-1330 -1604/-1142/-1328 
f -1629/-1167/-1353 -1605/-1143/-1329 -1603/-1141/-1327 -1602/-1140/-1326 
f -1601/-1139/-1325 -1629/-1167/-1353 -1602/-1140/-1326 -1600/-1138/-1324 
f -1629/-1167/-1353 -1601/-1139/-1325 -1599/-1137/-1323 -1598/-1136/-1322 
f -1597/-1135/-1321 -1629/-1167/-1353 -1598/-1136/-1322 -1596/-1134/-1320 
f -1629/-1167/-1353 -1597/-1135/-1321 -1595/-1133/-1319 -1594/-1132/-1318 
f -1593/-1131/-1317 -1629/-1167/-1353 -1594/-1132/-1318 -1592/-1130/-1316 
f -1629/-1167/-1353 -1593/-1131/-1317 -1591/-1129/-1315 -1590/-1128/-1314 
f -1589/-1127/-1313 -1629/-1167/-1353 -1590/-1128/-1314 -1588/-1126/-1312 
f -1629/-1167/-1353 -1589/-1127/-1313 -1587/-1125/-1311 -1586/-1124/-1310 
f -1628/-1166/-1352 -1629/-1167/-1353 -1586/-1124/-1310 -1585/-1123/-1309 
f -1584/-1122/-1308 -1758/-1121/-1482 -1759/-1120/-1483 -1583/-1119/-1307 
f -1582/-1118/-1306 -1584/-1122/-1308 -1583/-1119/-1307 -1581/-1117/-1305 
f -1584/-1122/-1308 -1582/-1118/-1306 -1580/-1116/-1304 -1579/-1115/-1303 
f -1758/-1121/-1482 -1584/-1122/-1308 -1579/-1115/-1303 -1756/-1114/-1480 
f -1578/-1113/-1302 -1751/-1112/-1475 -1756/-1111/-1480 -1579/-1110/-1303 
f -1577/-1109/-1301 -1578/-1113/-1302 -1579/-1110/-1303 -1580/-1108/-1304 
f -1578/-1113/-1302 -1577/-1109/-1301 -1576/-1107/-1300 -1575/-1106/-1299 
f -1751/-1112/-1475 -1578/-1113/-1302 -1575/-1106/-1299 -1749/-1105/-1473 
f -1574/-1104/-1298 -1745/-1103/-1469 -1749/-1102/-1473 -1575/-1101/-1299 
f -1573/-1100/-1297 -1574/-1104/-1298 -1575/-1101/-1299 -1576/-1099/-1300 
f -1574/-1104/-1298 -1573/-1100/-1297 -1572/-1098/-1296 -1571/-1097/-1295 
f -1745/-1103/-1469 -1574/-1104/-1298 -1571/-1097/-1295 -1743/-1096/-1467 
f -1570/-1095/-1294 -1739/-1094/-1463 -1743/-1093/-1467 -1571/-1092/-1295 
f -1569/-1091/-1293 -1570/-1095/-1294 -1571/-1092/-1295 -1572/-1090/-1296 
f -1570/-1095/-1294 -1569/-1091/-1293 -1568/-1089/-1292 -1567/-1088/-1291 
f -1739/-1094/-1463 -1570/-1095/-1294 -1567/-1088/-1291 -1737/-1087/-1461 
f -1566/-1086/-1290 -1733/-1085/-1457 -1737/-1084/-1461 -1567/-1083/-1291 
f -1565/-1082/-1289 -1566/-1086/-1290 -1567/-1083/-1291 -1568/-1081/-1292 
f -1566/-1086/-1290 -1565/-1082/-1289 -1564/-1080/-1288 -1563/-1079/-1287 
f -1733/-1085/-1457 -1566/-1086/-1290 -1563/-1079/-1287 -1731/-1078/-1455 
f -1562/-1077/-1286 -1727/-1076/-1451 -1731/-1075/-1455 -1563/-1074/-1287 
f -1561/-1073/-1285 -1562/-1077/-1286 -1563/-1074/-1287 -1564/-1072/-1288 
f -1562/-1077/-1286 -1561/-1073/-1285 -1560/-1071/-1284 -1559/-1070/-1283 
f -1727/-1076/-1451 -1562/-1077/-1286 -1559/-1070/-1283 -1725/-1069/-1449 
f -1558/-1068/-1282 -1721/-1067/-1445 -1725/-1066/-1449 -1559/-1065/-1283 
f -1557/-1064/-1281 -1558/-1068/-1282 -1559/-1065/-1283 -1560/-1063/-1284 
f -1558/-1068/-1282 -1557/-1064/-1281 -1556/-1062/-1280 -1555/-1061/-1279 
f -1721/-1067/-1445 -1558/-1068/-1282 -1555/-1061/-1279 -1719/-1060/-1443 
f -1554/-1059/-1278 -1715/-1058/-1439 -1719/-1057/-1443 -1555/-1056/-1279 
f -1553/-1055/-1277 -1554/-1059/-1278 -1555/-1056/-1279 -1556/-1054/-1280 
f -1554/-1059/-1278 -1553/-1055/-1277 -1552/-1053/-1276 -1551/-1052/-1275 
f -1715/-1058/-1439 -1554/-1059/-1278 -1551/-1052/-1275 -1713/-1051/-1437 
f -1550/-1050/-1274 -1709/-1049/-1433 -1713/-1048/-1437 -1551/-1047/-1275 
f -1549/-1046/-1273 -1550/-1050/-1274 -1551/-1047/-1275 -1552/-1045/-1276 
f -1550/-1050/-1274 -1549/-1046/-1273 -1548/-1044/-1272 -1547/-1043/-1271 
f -1709/-1049/-1433 -1550/-1050/-1274 -1547/-1043/-1271 -1707/-1042/-1431 
f -1546/-1041/-1270 -1703/-1040/-1427 -1707/-1039/-1431 -1547/-1038/-1271 
f -1545/-1037/-1269 -1546/-1041/-1270 -1547/-1038/-1271 -1548/-1036/-1272 
f -1546/-1041/-1270 -1545/-1037/-1269 -1544/-1035/-1268 -1543/-1034/-1267 
f -1703/-1040/-1427 -1546/-1041/-1270 -1543/-1034/-1267 -1701/-1033/-1425 
f -1542/-1032/-1266 -1697/-1031/-1421 -1701/-1030/-1425 -1543/-1029/-1267 
f -1541/-1028/-1265 -1542/-1032/-1266 -1543/-1029/-1267 -1544/-1027/-1268 
f -1542/-1032/-1266 -1541/-1028/-1265 -1540/-1026/-1264 -1539/-1025/-1263 
f -1697/-1031/-1421 -1542/-1032/-1266 -1539/-1025/-1263 -1695/-1024/-1419 
f -1538/-1023/-1262 -1691/-1022/-1415 -1695/-1021/-1419 -1539/-1020/-1263 
f -1537/-1019/-1261 -1538/-1023/-1262 -1539/-1020/-1263 -1540/-1018/-1264 
f -1538/-1023/-1262 -1537/-1019/-1261 -1536/-1017/-1260 -1535/-1016/-1259 
f -1691/-1022/-1415 -1538/-1023/-1262 -1535/-1016/-1259 -1689/-1015/-1413 
f -1534/-1014/-1258 -1685/-1013/-1409 -1689/-1012/-1413 -1535/-1011/-1259 
f -1533/-1010/-1257 -1534/-1014/-1258 -1535/-1011/-1259 -1536/-1009/-1260 
f -1534/-1014/-1258 -1533/-1010/-1257 -1532/-1008/-1256 -1531/-1007/-1255 
f -1685/-1013/-1409 -1534/-1014/-1258 -1531/-1007/-1255 -1683/-1006/-1407 
f -1530/-1005/-1254 -1679/-1004/-1403 -1683/-1003/-1407 -1531/-1002/-1255 
f -1529/-1001/-1253 -1530/-1005/-1254 -1531/-1002/-1255 -1532/-1000/-1256 
f -1530/-1005/-1254 -1529/-1001/-1253 -1528/-999/-1252 -1527/-998/-1251 
f -1679/-1004/-1403 -1530/-1005/-1254 -1527/-998/-1251 -1677/-997/-1401 
f -1526/-996/-1250 -1673/-995/-1397 -1677/-994/-1401 -1527/-993/-1251 
f -1525/-992/-1249 -1526/-996/-1250 -1527/-993/-1251 -1528/-991/-1252 
f -1526/-996/-1250 -1525/-992/-1249 -1524/-990/-1248 -1523/-989/-1247 
f -1673/-995/-1397 -1526/-996/-1250 -1523/-989/-1247 -1671/-988/-1395 
f -1522/-987/-1246 -1667/-986/-1391 -1671/-985/-1395 -1523/-984/-1247 
f -1521/-983/-1245 -1522/-987/-1246 -1523/-984/-1247 -1524/-982/-1248 
f -1522/-987/-1246 -1521/-983/-1245 -1520/-981/-1244 -1519/-980/-1243 
f -1667/-986/-1391 -1522/-987/-1246 -1519/-980/-1243 -1665/-979/-1389 
f -1518/-978/-1242 -1661/-977/-1385 -1665/-976/-1389 -1519/-975/-1243 
f -1517/-974/-1241 -1518/-978/-1242 -1519/-975/-1243 -1520/-973/-1244 
f -1518/-978/-1242 -1517/-974/-1241 -1516/-972/-1240 -1515/-971/-1239 
f -1661/-977/-1385 -1518/-978/-1242 -1515/-971/-1239 -1659/-970/-1383 
f -1514/-969/-1238 -1655/-968/-1379 -1659/-967/-1383 -1515/-966/-1239 
f -1513/-965/-1237 -1514/-969/-1238 -1515/-966/-1239 -1516/-964/-1240 
f -1514/-969/-1238 -1513/-965/-1237 -1512/-963/-1236 -1511/-962/-1235 
f -1655/-968/-1379 -1514/-969/-1238 -1511/-962/-1235 -1653/-961/-1377 
f -1510/-960/-1234 -1649/-959/-1373 -1653/-958/-1377 -1511/-957/-1235 
f -1509/-956/-1233 -1510/-960/-1234 -1511/-957/-1235 -1512/-955/-1236 
f -1510/-960/-1234 -1509/-956/-1233 -1508/-954/-1232 -1507/-953/-1231 
f -1649/-959/-1373 -1510/-960/-1234 -1507/-953/-1231 -1647/-952/-1371 
f -1506/-951/-1230 -1643/-950/-1367 -1647/-949/-1371 -1507/-948/-1231 
f -1505/-947/-1229 -1506/-951/-1230 -1507/-948/-1231 -1508/-946/-1232 
f -1506/-951/-1230 -1505/-947/-1229 -1504/-945/-1228 -1503/-944/-1227 
f -1643/-950/-1367 -1506/-951/-1230 -1503/-944/-1227 -1641/-943/-1365 
f -1502/-942/-1226 -1637/-941/-1361 -1641/-940/-1365 -1503/-939/-1227 
f -1501/-938/-1225 -1502/-942/-1226 -1503/-939/-1227 -1504/-937/-1228 
f -1502/-942/-1226 -1501/-938/-1225 -1500/-936/-1224 -1499/-935/-1223 
f -1637/-941/-1361 -1502/-942/-1226 -1499/-935/-1223 -1635/-934/-1359 
f -1498/-933/-1222 -1631/-932/-1355 -1635/-931/-1359 -1499/-930/-1223 
f -1497/-929/-1221 -1498/-933/-1222 -1499/-930/-1223 -1500/-928/-1224 
f -1498/-933/-1222 -1497/-929/-1221 -1581/-927/-1305 -1583/-926/-1307 
f -1631/-932/-1355 -1498/-933/-1222 -1583/-926/-1307 -1759/-925/-1483 
f -1496/-924/-1220 -1582/-1118/-1306 -1581/-1117/-1305 -1495/-923/-1219 
f -1494/-922/-1218 -1496/-924/-1220 -1495/-923/-1219 -1493/-921/-1217 
f -1496/-924/-1220 -1494/-922/-1218 -1492/-920/-1216 -1491/-919/-1215 
f -1582/-1118/-1306 -1496/-924/-1220 -1491/-919/-1215 -1580/-1116/-1304 
f -1490/-918/-1214 -1494/-922/-1218 -1493/-921/-1217 -1489/-917/-1213 
f -1488/-916/-1212 -1490/-918/-1214 -1489/-917/-1213 -1487/-915/-1211 
f -1490/-918/-1214 -1488/-916/-1212 -1486/-914/-1210 -1485/-913/-1209 
f -1494/-922/-1218 -1490/-918/-1214 -1485/-913/-1209 -1492/-920/-1216 
f -1484/-912/-1208 -1488/-916/-1212 -1487/-915/-1211 -1483/-911/-1207 
f -1482/-910/-1206 -1484/-912/-1208 -1483/-911/-1207 -1481/-909/-1205 
f -1484/-912/-1208 -1482/-910/-1206 -1480/-908/-1204 -1479/-907/-1203 
f -1488/-916/-1212 -1484/-912/-1208 -1479/-907/-1203 -1486/-914/-1210 
f -1478/-906/-1202 -1482/-910/-1206 -1481/-909/-1205 -1477/-905/-1201 
f -1476/-904/-1200 -1478/-906/-1202 -1477/-905/-1201 -1475/-903/-1199 
f -1478/-906/-1202 -1476/-904/-1200 -1474/-902/-1198 -1473/-901/-1197 
f -1482/-910/-1206 -1478/-906/-1202 -1473/-901/-1197 -1480/-908/-1204 
f -1472/-900/-1196 -1476/-904/-1200 -1475/-903/-1199 -1471/-899/-1195 
f -1470/-898/-1194 -1472/-900/-1196 -1471/-899/-1195 -1469/-897/-1193 
f -1472/-900/-1196 -1470/-898/-1194 -1468/-896/-1192 -1467/-895/-1191 
f -1476/-904/-1200 -1472/-900/-1196 -1467/-895/-1191 -1474/-902/-1198 
f -1466/-894/-1190 -1470/-898/-1194 -1469/-897/-1193 -1465/-893/-1189 
f -1464/-892/-1188 -1466/-894/-1190 -1465/-893/-1189 -1463/-891/-1187 
f -1466/-894/-1190 -1464/-892/-1188 -1462/-890/-1186 -1461/-889/-1185 
f -1470/-898/-1194 -1466/-894/-1190 -1461/-889/-1185 -1468/-896/-1192 
f -1460/-888/-1184 -1464/-892/-1188 -1463/-891/-1187 -1459/-887/-1183 
f -1586/-1124/-1310 -1460/-888/-1184 -1459/-887/-1183 -1585/-1123/-1309 
f -1460/-888/-1184 -1586/-1124/-1310 -1587/-1125/-1311 -1458/-886/-1182 
f -1464/-892/-1188 -1460/-888/-1184 -1458/-886/-1182 -1462/-890/-1186 
f -1457/-885/-1181 -1577/-1109/-1301 -1580/-1108/-1304 -1491/-884/-1215 
f -1456/-883/-1180 -1457/-885/-1181 -1491/-884/-1215 -1492/-882/-1216 
f -1457/-885/-1181 -1456/-883/-1180 -1455/-881/-1179 -1454/-880/-1178 
f -1577/-1109/-1301 -1457/-885/-1181 -1454/-880/-1178 -1576/-1107/-1300 
f -1453/-879/-1177 -1456/-883/-1180 -1492/-882/-1216 -1485/-878/-1209 
f -1452/-877/-1176 -1453/-879/-1177 -1485/-878/-1209 -1486/-876/-1210 
f -1453/-879/-1177 -1452/-877/-1176 -1451/-875/-1175 -1450/-874/-1174 
f -1456/-883/-1180 -1453/-879/-1177 -1450/-874/-1174 -1455/-881/-1179 
f -1449/-873/-1173 -1452/-877/-1176 -1486/-876/-1210 -1479/-872/-1203 
f -1448/-871/-1172 -1449/-873/-1173 -1479/-872/-1203 -1480/-870/-1204 
f -1449/-873/-1173 -1448/-871/-1172 -1447/-869/-1171 -1446/-868/-1170 
f -1452/-877/-1176 -1449/-873/-1173 -1446/-868/-1170 -1451/-875/-1175 
f -1445/-867/-1169 -1448/-871/-1172 -1480/-870/-1204 -1473/-866/-1197 
f -1444/-865/-1168 -1445/-867/-1169 -1473/-866/-1197 -1474/-864/-1198 
f -1445/-867/-1169 -1444/-865/-1168 -1443/-863/-1167 -1442/-862/-1166 
f -1448/-871/-1172 -1445/-867/-1169 -1442/-862/-1166 -1447/-869/-1171 
f -1441/-861/-1165 -1444/-865/-1168 -1474/-864/-1198 -1467/-860/-1191 
f -1440/-859/-1164 -1441/-861/-1165 -1467/-860/-1191 -1468/-858/-1192 
f -1441/-861/-1165 -1440/-859/-1164 -1439/-857/-1163 -1438/-856/-1162 
f -1444/-865/-1168 -1441/-861/-1165 -1438/-856/-1162 -1443/-863/-1167 
f -1437/-855/-1161 -1440/-859/-1164 -1468/-858/-1192 -1461/-854/-1185 
f -1436/-853/-1160 -1437/-855/-1161 -1461/-854/-1185 -1462/-852/-1186 
f -1437/-855/-1161 -1436/-853/-1160 -1435/-851/-1159 -1434/-850/-1158 
f -1440/-859/-1164 -1437/-855/-1161 -1434/-850/-1158 -1439/-857/-1163 
f -1433/-849/-1157 -1436/-853/-1160 -1462/-852/-1186 -1458/-848/-1182 
f -1589/-1127/-1313 -1433/-849/-1157 -1458/-848/-1182 -1587/-1125/-1311 
f -1433/-849/-1157 -1589/-1127/-1313 -1588/-1126/-1312 -1432/-847/-1156 
f -1436/-853/-1160 -1433/-849/-1157 -1432/-847/-1156 -1435/-851/-1159 
f -1431/-846/-1155 -1573/-1100/-1297 -1576/-1099/-1300 -1454/-845/-1178 
f -1430/-844/-1154 -1431/-846/-1155 -1454/-845/-1178 -1455/-843/-1179 
f -1431/-846/-1155 -1430/-844/-1154 -1429/-842/-1153 -1428/-841/-1152 
f -1573/-1100/-1297 -1431/-846/-1155 -1428/-841/-1152 -1572/-1098/-1296 
f -1427/-840/-1151 -1430/-844/-1154 -1455/-843/-1179 -1450/-839/-1174 
f -1426/-838/-1150 -1427/-840/-1151 -1450/-839/-1174 -1451/-837/-1175 
f -1427/-840/-1151 -1426/-838/-1150 -1425/-836/-1149 -1424/-835/-1148 
f -1430/-844/-1154 -1427/-840/-1151 -1424/-835/-1148 -1429/-842/-1153 
f -1423/-834/-1147 -1426/-838/-1150 -1451/-837/-1175 -1446/-833/-1170 
f -1422/-832/-1146 -1423/-834/-1147 -1446/-833/-1170 -1447/-831/-1171 
f -1423/-834/-1147 -1422/-832/-1146 -1421/-830/-1145 -1420/-829/-1144 
f -1426/-838/-1150 -1423/-834/-1147 -1420/-829/-1144 -1425/-836/-1149 
f -1419/-828/-1143 -1422/-832/-1146 -1447/-831/-1171 -1442/-827/-1166 
f -1418/-826/-1142 -1419/-828/-1143 -1442/-827/-1166 -1443/-825/-1167 
f -1419/-828/-1143 -1418/-826/-1142 -1417/-824/-1141 -1416/-823/-1140 
f -1422/-832/-1146 -1419/-828/-1143 -1416/-823/-1140 -1421/-830/-1145 
f -1415/-822/-1139 -1418/-826/-1142 -1443/-825/-1167 -1438/-821/-1162 
f -1414/-820/-1138 -1415/-822/-1139 -1438/-821/-1162 -1439/-819/-1163 
f -1415/-822/-1139 -1414/-820/-1138 -1413/-818/-1137 -1412/-817/-1136 
f -1418/-826/-1142 -1415/-822/-1139 -1412/-817/-1136 -1417/-824/-1141 
f -1411/-816/-1135 -1414/-820/-1138 -1439/-819/-1163 -1434/-815/-1158 
f -1410/-814/-1134 -1411/-816/-1135 -1434/-815/-1158 -1435/-813/-1159 
f -1411/-816/-1135 -1410/-814/-1134 -1409/-812/-1133 -1408/-811/-1132 
f -1414/-820/-1138 -1411/-816/-1135 -1408/-811/-1132 -1413/-818/-1137 
f -1407/-810/-1131 -1410/-814/-1134 -1435/-813/-1159 -1432/-809/-1156 
f -1590/-1128/-1314 -1407/-810/-1131 -1432/-809/-1156 -1588/-1126/-1312 
f -1407/-810/-1131 -1590/-1128/-1314 -1591/-1129/-1315 -1406/-808/-1130 
f -1410/-814/-1134 -1407/-810/-1131 -1406/-808/-1130 -1409/-812/-1133 
f -1405/-807/-1129 -1569/-1091/-1293 -1572/-1090/-1296 -1428/-806/-1152 
f -1404/-805/-1128 -1405/-807/-1129 -1428/-806/-1152 -1429/-804/-1153 
f -1405/-807/-1129 -1404/-805/-1128 -1403/-803/-1127 -1402/-802/-1126 
f -1569/-1091/-1293 -1405/-807/-1129 -1402/-802/-1126 -1568/-1089/-1292 
f -1401/-801/-1125 -1404/-805/-1128 -1429/-804/-1153 -1424/-800/-1148 
f -1400/-799/-1124 -1401/-801/-1125 -1424/-800/-1148 -1425/-798/-1149 
f -1401/-801/-1125 -1400/-799/-1124 -1399/-797/-1123 -1398/-796/-1122 
f -1404/-805/-1128 -1401/-801/-1125 -1398/-796/-1122 -1403/-803/-1127 
f -1397/-795/-1121 -1400/-799/-1124 -1425/-798/-1149 -1420/-794/-1144 
f -1396/-793/-1120 -1397/-795/-1121 -1420/-794/-1144 -1421/-792/-1145 
f -1397/-795/-1121 -1396/-793/-1120 -1395/-791/-1119 -1394/-790/-1118 
f -1400/-799/-1124 -1397/-795/-1121 -1394/-790/-1118 -1399/-797/-1123 
f -1393/-789/-1117 -1396/-793/-1120 -1421/-792/-1145 -1416/-788/-1140 
f -1392/-787/-1116 -1393/-789/-1117 -1416/-788/-1140 -1417/-786/-1141 
f -1393/-789/-1117 -1392/-787/-1116 -1391/-785/-1115 -1390/-784/-1114 
f -1396/-793/-1120 -1393/-789/-1117 -1390/-784/-1114 -1395/-791/-1119 
f -1389/-783/-1113 -1392/-787/-1116 -1417/-786/-1141 -1412/-782/-1136 
f -1388/-781/-1112 -1389/-783/-1113 -1412/-782/-1136 -1413/-780/-1137 
f -1389/-783/-1113 -1388/-781/-1112 -1387/-779/-1111 -1386/-778/-1110 
f -1392/-787/-1116 -1389/-783/-1113 -1386/-778/-1110 -1391/-785/-1115 
f -1385/-777/-1109 -1388/-781/-1112 -1413/-780/-1137 -1408/-776/-1132 
f -1384/-775/-1108 -1385/-777/-1109 -1408/-776/-1132 -1409/-774/-1133 
f -1385/-777/-1109 -1384/-775/-1108 -1383/-773/-1107 -1382/-772/-1106 
f -1388/-781/-1112 -1385/-777/-1109 -1382/-772/-1106 -1387/-779/-1111 
f -1381/-771/-1105 -1384/-775/-1108 -1409/-774/-1133 -1406/-770/-1130 
f -1593/-1131/-1317 -1381/-771/-1105 -1406/-770/-1130 -1591/-1129/-1315 
f -1381/-771/-1105 -1593/-1131/-1317 -1592/-1130/-1316 -1380/-769/-1104 
f -1384/-775/-1108 -1381/-771/-1105 -1380/-769/-1104 -1383/-773/-1107 
f -1379/-768/-1103 -1565/-1082/-1289 -1568/-1081/-1292 -1402/-767/-1126 
f -1378/-766/-1102 -1379/-768/-1103 -1402/-767/-1126 -1403/-765/-1127 
f -1379/-768/-1103 -1378/-766/-1102 -1377/-764/-1101 -1376/-763/-1100 
f -1565/-1082/-1289 -1379/-768/-1103 -1376/-763/-1100 -1564/-1080/-1288 
f -1375/-762/-1099 -1378/-766/-1102 -1403/-765/-1127 -1398/-761/-1122 
f -1374/-760/-1098 -1375/-762/-1099 -1398/-761/-1122 -1399/-759/-1123 
f -1375/-762/-1099 -1374/-760/-1098 -1373/-758/-1097 -1372/-757/-1096 
f -1378/-766/-1102 -1375/-762/-1099 -1372/-757/-1096 -1377/-764/-1101 
f -1371/-756/-1095 -1374/-760/-1098 -1399/-759/-1123 -1394/-755/-1118 
f -1370/-754/-1094 -1371/-756/-1095 -1394/-755/-1118 -1395/-753/-1119 
f -1371/-756/-1095 -1370/-754/-1094 -1369/-752/-1093 -1368/-751/-1092 
f -1374/-760/-1098 -1371/-756/-1095 -1368/-751/-1092 -1373/-758/-1097 
f -1367/-750/-1091 -1370/-754/-1094 -1395/-753/-1119 -1390/-749/-1114 
f -1366/-748/-1090 -1367/-750/-1091 -1390/-749/-1114 -1391/-747/-1115 
f -1367/-750/-1091 -1366/-748/-1090 -1365/-746/-1089 -1364/-745/-1088 
f -1370/-754/-1094 -1367/-750/-1091 -1364/-745/-1088 -1369/-752/-1093 
f -1363/-744/-1087 -1366/-748/-1090 -1391/-747/-1115 -1386/-743/-1110 
f -1362/-742/-1086 -1363/-744/-1087 -1386/-743/-1110 -1387/-741/-1111 
f -1363/-744/-1087 -1362/-742/-1086 -1361/-740/-1085 -1360/-739/-1084 
f -1366/-748/-1090 -1363/-744/-1087 -1360/-739/-1084 -1365/-746/-1089 
f -1359/-738/-1083 -1362/-742/-1086 -1387/-741/-1111 -1382/-737/-1106 
f -1358/-736/-1082 -1359/-738/-1083 -1382/-737/-1106 -1383/-735/-1107 
f -1359/-738/-1083 -1358/-736/-1082 -1357/-734/-1081 -1356/-733/-1080 
f -1362/-742/-1086 -1359/-738/-1083 -1356/-733/-1080 -1361/-740/-1085 
f -1355/-732/-1079 -1358/-736/-1082 -1383/-735/-1107 -1380/-731/-1104 
f -1594/-1132/-1318 -1355/-732/-1079 -1380/-731/-1104 -1592/-1130/-1316 
f -1355/-732/-1079 -1594/-1132/-1318 -1595/-1133/-1319 -1354/-730/-1078 
f -1358/-736/-1082 -1355/-732/-1079 -1354/-730/-1078 -1357/-734/-1081 
f -1353/-729/-1077 -1561/-1073/-1285 -1564/-1072/-1288 -1376/-728/-1100 
f -1352/-727/-1076 -1353/-729/-1077 -1376/-728/-1100 -1377/-726/-1101 
f -1353/-729/-1077 -1352/-727/-1076 -1351/-725/-1075 -1350/-724/-1074 
f -1561/-1073/-1285 -1353/-729/-1077 -1350/-724/-1074 -1560/-1071/-1284 
f -1349/-723/-1073 -1352/-727/-1076 -1377/-726/-1101 -1372/-722/-1096 
f -1348/-721/-1072 -1349/-723/-1073 -1372/-722/-1096 -1373/-720/-1097 
f -1349/-723/-1073 -1348/-721/-1072 -1347/-719/-1071 -1346/-718/-1070 
f -1352/-727/-1076 -1349/-723/-1073 -1346/-718/-1070 -1351/-725/-1075 
f -1345/-717/-1069 -1348/-721/-1072 -1373/-720/-1097 -1368/-716/-1092 
f -1344/-715/-1068 -1345/-717/-1069 -1368/-716/-1092 -1369/-714/-1093 
f -1345/-717/-1069 -1344/-715/-1068 -1343/-713/-1067 -1342/-712/-1066 
f -1348/-721/-1072 -1345/-717/-1069 -1342/-712/-1066 -1347/-719/-1071 
f -1341/-711/-1065 -1344/-715/-1068 -1369/-714/-1093 -1364/-710/-1088 
f -1340/-709/-1064 -1341/-711/-1065 -1364/-710/-1088 -1365/-708/-1089 
f -1341/-711/-1065 -1340/-709/-1064 -1339/-707/-1063 -1338/-706/-1062 
f -1344/-715/-1068 -1341/-711/-1065 -1338/-706/-1062 -1343/-713/-1067 
f -1337/-705/-1061 -1340/-709/-1064 -1365/-708/-1089 -1360/-704/-1084 
f -1336/-703/-1060 -1337/-705/-1061 -1360/-704/-1084 -1361/-702/-1085 
f -1337/-705/-1061 -1336/-703/-1060 -1335/-701/-1059 -1334/-700/-1058 
f -1340/-709/-1064 -1337/-705/-1061 -1334/-700/-1058 -1339/-707/-1063 
f -1333/-699/-1057 -1336/-703/-1060 -1361/-702/-1085 -1356/-698/-1080 
f -1332/-697/-1056 -1333/-699/-1057 -1356/-698/-1080 -1357/-696/-1081 
f -1333/-699/-1057 -1332/-697/-1056 -1331/-695/-1055 -1330/-694/-1054 
f -1336/-703/-1060 -1333/-699/-1057 -1330/-694/-1054 -1335/-701/-1059 
f -1329/-693/-1053 -1332/-697/-1056 -1357/-696/-1081 -1354/-692/-1078 
f -1597/-1135/-1321 -1329/-693/-1053 -1354/-692/-1078 -1595/-1133/-1319 
f -1329/-693/-1053 -1597/-1135/-1321 -1596/-1134/-1320 -1328/-691/-1052 
f -1332/-697/-1056 -1329/-693/-1053 -1328/-691/-1052 -1331/-695/-1055 
f -1327/-690/-1051 -1557/-1064/-1281 -1560/-1063/-1284 -1350/-689/-1074 
f -1326/-688/-1050 -1327/-690/-1051 -1350/-689/-1074 -1351/-687/-1075 
f -1327/-690/-1051 -1326/-688/-1050 -1325/-686/-1049 -1324/-685/-1048 
f -1557/-1064/-1281 -1327/-690/-1051 -1324/-685/-1048 -1556/-1062/-1280 
f -1323/-684/-1047 -1326/-688/-1050 -1351/-687/-1075 -1346/-683/-1070 
f -1322/-682/-1046 -1323/-684/-1047 -1346/-683/-1070 -1347/-681/-1071 
f -1323/-684/-1047 -1322/-682/-1046 -1321/-680/-1045 -1320/-679/-1044 
f -1326/-688/-1050 -1323/-684/-1047 -1320/-679/-1044 -1325/-686/-1049 
f -1319/-678/-1043 -1322/-682/-1046 -1347/-681/-1071 -1342/-677/-1066 
f -1318/-676/-1042 -1319/-678/-1043 -1342/-677/-1066 -1343/-675/-1067 
f -1319/-678/-1043 -1318/-676/-1042 -1317/-674/-1041 -1316/-673/-1040 
f -1322/-682/-1046 -1319/-678/-1043 -1316/-673/-1040 -1321/-680/-1045 
f -1315/-672/-1039 -1318/-676/-1042 -1343/-675/-1067 -1338/-671/-1062 
f -1314/-670/-1038 -1315/-672/-1039 -1338/-671/-1062 -1339/-669/-1063 
f -1315/-672/-1039 -1314/-670/-1038 -1313/-668/-1037 -1312/-667/-1036 
f -1318/-676/-1042 -1315/-672/-1039 -1312/-667/-1036 -1317/-674/-1041 
f -1311/-666/-1035 -1314/-670/-1038 -1339/-669/-1063 -1334/-665/-1058 
f -1310/-664/-1034 -1311/-666/-1035 -1334/-665/-1058 -1335/-663/-1059 
f -1311/-666/-1035 -1310/-664/-1034 -1309/-662/-1033 -1308/-661/-1032 
f -1314/-670/-1038 -1311/-666/-1035 -1308/-661/-1032 -1313/-668/-1037 
f -1307/-660/-1031 -1310/-664/-1034 -1335/-663/-1059 -1330/-659/-1054 
f -1306/-658/-1030 -1307/-660/-1031 -1330/-659/-1054 -1331/-657/-1055 
f -1307/-660/-1031 -1306/-658/-1030 -1305/-656/-1029 -1304/-655/-1028 
f -1310/-664/-1034 -1307/-660/-1031 -1304/-655/-1028 -1309/-662/-1033 
f -1303/-654/-1027 -1306/-658/-1030 -1331/-657/-1055 -1328/-653/-1052 
f -1598/-1136/-1322 -1303/-654/-1027 -1328/-653/-1052 -1596/-1134/-1320 
f -1303/-654/-1027 -1598/-1136/-1322 -1599/-1137/-1323 -1302/-652/-1026 
f -1306/-658/-1030 -1303/-654/-1027 -1302/-652/-1026 -1305/-656/-1029 
f -1301/-651/-1025 -1553/-1055/-1277 -1556/-1054/-1280 -1324/-650/-1048 
f -1300/-649/-1024 -1301/-651/-1025 -1324/-650/-1048 -1325/-648/-1049 
f -1301/-651/-1025 -1300/-649/-1024 -1299/-647/-1023 -1298/-646/-1022 
f -1553/-1055/-1277 -1301/-651/-1025 -1298/-646/-1022 -1552/-1053/-1276 
f -1297/-645/-1021 -1300/-649/-1024 -1325/-648/-1049 -1320/-644/-1044 
f -1296/-643/-1020 -1297/-645/-1021 -1320/-644/-1044 -1321/-642/-1045 
f -1297/-645/-1021 -1296/-643/-1020 -1295/-641/-1019 -1294/-640/-1018 
f -1300/-649/-1024 -1297/-645/-1021 -1294/-640/-1018 -1299/-647/-1023 
f -1293/-639/-1017 -1296/-643/-1020 -1321/-642/-1045 -1316/-638/-1040 
f -1292/-637/-1016 -1293/-639/-1017 -1316/-638/-1040 -1317/-636/-1041 
f -1293/-639/-1017 -1292/-637/-1016 -1291/-635/-1015 -1290/-634/-1014 
f -1296/-643/-1020 -1293/-639/-1017 -1290/-634/-1014 -1295/-641/-1019 
f -1289/-633/-1013 -1292/-637/-1016 -1317/-636/-1041 -1312/-632/-1036 
f -1288/-631/-1012 -1289/-633/-1013 -1312/-632/-1036 -1313/-630/-1037 
f -1289/-633/-1013 -1288/-631/-1012 -1287/-629/-1011 -1286/-628/-1010 
f -1292/-637/-1016 -1289/-633/-1013 -1286/-628/-1010 -1291/-635/-1015 
f -1285/-627/-1009 -1288/-631/-1012 -1313/-630/-1037 -1308/-626/-1032 
f -1284/-625/-1008 -1285/-627/-1009 -1308/-626/-1032 -1309/-624/-1033 
f -1285/-627/-1009 -1284/-625/-1008 -1283/-623/-1007 -1282/-622/-1006 
f -1288/-631/-1012 -1285/-627/-1009 -1282/-622/-1006 -1287/-629/-1011 
f -1281/-621/-1005 -1284/-625/-1008 -1309/-624/-1033 -1304/-620/-1028 
f -1280/-619/-1004 -1281/-621/-1005 -1304/-620/-1028 -1305/-618/-1029 
f -1281/-621/-1005 -1280/-619/-1004 -1279/-617/-1003 -1278/-616/-1002 
f -1284/-625/-1008 -1281/-621/-1005 -1278/-616/-1002 -1283/-623/-1007 
f -1277/-615/-1001 -1280/-619/-1004 -1305/-618/-1029 -1302/-614/-1026 
f -1601/-1139/-1325 -1277/-615/-1001 -1302/-614/-1026 -1599/-1137/-1323 
f -1277/-615/-1001 -1601/-1139/-1325 -1600/-1138/-1324 -1276/-613/-1000 
f -1280/-619/-1004 -1277/-615/-1001 -1276/-613/-1000 -1279/-617/-1003 
f -1275/-612/-999 -1549/-1046/-1273 -1552/-1045/-1276 -1298/-611/-1022 
f -1274/-610/-998 -1275/-612/-999 -1298/-611/-1022 -1299/-609/-1023 
f -1275/-612/-999 -1274/-610/-998 -1273/-608/-997 -1272/-607/-996 
f -1549/-1046/-1273 -1275/-612/-999 -1272/-607/-996 -1548/-1044/-1272 
f -1271/-606/-995 -1274/-610/-998 -1299/-609/-1023 -1294/-605/-1018 
f -1270/-604/-994 -1271/-606/-995 -1294/-605/-1018 -1295/-603/-1019 
f -1271/-606/-995 -1270/-604/-994 -1269/-602/-993 -1268/-601/-992 
f -1274/-610/-998 -1271/-606/-995 -1268/-601/-992 -1273/-608/-997 
f -1267/-600/-991 -1270/-604/-994 -1295/-603/-1019 -1290/-599/-1014 
f -1266/-598/-990 -1267/-600/-991 -1290/-599/-1014 -1291/-597/-1015 
f -1267/-600/-991 -1266/-598/-990 -1265/-596/-989 -1264/-595/-988 
f -1270/-604/-994 -1267/-600/-991 -1264/-595/-988 -1269/-602/-993 
f -1263/-594/-987 -1266/-598/-990 -1291/-597/-1015 -1286/-593/-1010 
f -1262/-592/-986 -1263/-594/-987 -1286/-593/-1010 -1287/-591/-1011 
f -1263/-594/-987 -1262/-592/-986 -1261/-590/-985 -1260/-589/-984 
f -1266/-598/-990 -1263/-594/-987 -1260/-589/-984 -1265/-596/-989 
f -1259/-588/-983 -1262/-592/-986 -1287/-591/-1011 -1282/-587/-1006 
f -1258/-586/-982 -1259/-588/-983 -1282/-587/-1006 -1283/-585/-1007 
f -1259/-588/-983 -1258/-586/-982 -1257/-584/-981 -1256/-583/-980 
f -1262/-592/-986 -1259/-588/-983 -1256/-583/-980 -1261/-590/-985 
f -1255/-582/-979 -1258/-586/-982 -1283/-585/-1007 -1278/-581/-1002 
f -1254/-580/-978 -1255/-582/-979 -1278/-581/-1002 -1279/-579/-1003 
f -1255/-582/-979 -1254/-580/-978 -1253/-578/-977 -1252/-577/-976 
f -1258/-586/-982 -1255/-582/-979 -1252/-577/-976 -1257/-584/-981 
f -1251/-576/-975 -1254/-580/-978 -1279/-579/-1003 -1276/-575/-1000 
f -1602/-1140/-1326 -1251/-576/-975 -1276/-575/-1000 -1600/-1138/-1324 
f -1251/-576/-975 -1602/-1140/-1326 -1603/-1141/-1327 -1250/-574/-974 
f -1254/-580/-978 -1251/-576/-975 -1250/-574/-974 -1253/-578/-977 
f -1249/-573/-973 -1545/-1037/-1269 -1548/-1036/-1272 -1272/-572/-996 
f -1248/-571/-972 -1249/-573/-973 -1272/-572/-996 -1273/-570/-997 
f -1249/-573/-973 -1248/-571/-972 -1247/-569/-971 -1246/-568/-970 
f -1545/-1037/-1269 -1249/-573/-973 -1246/-568/-970 -1544/-1035/-1268 
f -1245/-567/-969 -1248/-571/-972 -1273/-570/-997 -1268/-566/-992 
f -1244/-565/-968 -1245/-567/-969 -1268/-566/-992 -1269/-564/-993 
f -1245/-567/-969 -1244/-565/-968 -1243/-563/-967 -1242/-562/-966 
f -1248/-571/-972 -1245/-567/-969 -1242/-562/-966 -1247/-569/-971 
f -1241/-561/-965 -1244/-565/-968 -1269/-564/-993 -1264/-560/-988 
f -1240/-559/-964 -1241/-561/-965 -1264/-560/-988 -1265/-558/-989 
f -1241/-561/-965 -1240/-559/-964 -1239/-557/-963 -1238/-556/-962 
f -1244/-565/-968 -1241/-561/-965 -1238/-556/-962 -1243/-563/-967 
f -1237/-555/-961 -1240/-559/-964 -1265/-558/-989 -1260/-554/-984 
f -1236/-553/-960 -1237/-555/-961 -1260/-554/-984 -1261/-552/-985 
f -1237/-555/-961 -1236/-553/-960 -1235/-551/-959 -1234/-550/-958 
f -1240/-559/-964 -1237/-555/-961 -1234/-550/-958 -1239/-557/-963 
f -1233/-549/-957 -1236/-553/-960 -1261/-552/-985 -1256/-548/-980 
f -1232/-547/-956 -1233/-549/-957 -1256/-548/-980 -1257/-546/-981 
f -1233/-549/-957 -1232/-547/-956 -1231/-545/-955 -1230/-544/-954 
f -1236/-553/-960 -1233/-549/-957 -1230/-544/-954 -1235/-551/-959 
f -1229/-543/-953 -1232/-547/-956 -1257/-546/-981 -1252/-542/-976 
f -1228/-541/-952 -1229/-543/-953 -1252/-542/-976 -1253/-540/-977 
f -1229/-543/-953 -1228/-541/-952 -1227/-539/-951 -1226/-538/-950 
f -1232/-547/-956 -1229/-543/-953 -1226/-538/-950 -1231/-545/-955 
f -1225/-537/-949 -1228/-541/-952 -1253/-540/-977 -1250/-536/-974 
f -1605/-1143/-1329 -1225/-537/-949 -1250/-536/-974 -1603/-1141/-1327 
f -1225/-537/-949 -1605/-1143/-1329 -1604/-1142/-1328 -1224/-535/-948 
f -1228/-541/-952 -1225/-537/-949 -1224/-535/-948 -1227/-539/-951 
f -1223/-534/-947 -1541/-1028/-1265 -1544/-1027/-1268 -1246/-533/-970 
f -1222/-532/-946 -1223/-534/-947 -1246/-533/-970 -1247/-531/-971 
f -1223/-534/-947 -1222/-532/-946 -1221/-530/-945 -1220/-529/-944 
f -1541/-1028/-1265 -1223/-534/-947 -1220/-529/-944 -1540/-1026/-1264 
f -1219/-528/-943 -1222/-532/-946 -1247/-531/-971 -1242/-527/-966 
f -1218/-526/-942 -1219/-528/-943 -1242/-527/-966 -1243/-525/-967 
f -1219/-528/-943 -1218/-526/-942 -1217/-524/-941 -1216/-523/-940 
f -1222/-532/-946 -1219/-528/-943 -1216/-523/-940 -1221/-530/-945 
f -1215/-522/-939 -1218/-526/-942 -1243/-525/-967 -1238/-521/-962 
f -1214/-520/-938 -1215/-522/-939 -1238/-521/-962 -1239/-519/-963 
f -1215/-522/-939 -1214/-520/-938 -1213/-518/-937 -1212/-517/-936 
f -1218/-526/-942 -1215/-522/-939 -1212/-517/-936 -1217/-524/-941 
f -1211/-516/-935 -1214/-520/-938 -1239/-519/-963 -1234/-515/-958 
f -1210/-514/-934 -1211/-516/-935 -1234/-515/-958 -1235/-513/-959 
f -1211/-516/-935 -1210/-514/-934 -1209/-512/-933 -1208/-511/-932 
f -1214/-520/-938 -1211/-516/-935 -1208/-511/-932 -1213/-518/-937 
f -1207/-510/-931 -1210/-514/-934 -1235/-513/-959 -1230/-509/-954 
f -1206/-508/-930 -1207/-510/-931 -1230/-509/-954 -1231/-507/-955 
f -1207/-510/-931 -1206/-508/-930 -1205/-506/-929 -1204/-505/-928 
f -1210/-514/-934 -1207/-510/-931 -1204/-505/-928 -1209/-512/-933 
f -1203/-504/-927 -1206/-508/-930 -1231/-507/-955 -1226/-503/-950 
f -1202/-502/-926 -1203/-504/-927 -1226/-503/-950 -1227/-501/-951 
f -1203/-504/-927 -1202/-502/-926 -1201/-500/-925 -1200/-499/-924 
f -1206/-508/-930 -1203/-504/-927 -1200/-499/-924 -1205/-506/-929 
f -1199/-498/-923 -1202/-502/-926 -1227/-501/-951 -1224/-497/-948 
f -1606/-1144/-1330 -1199/-498/-923 -1224/-497/-948 -1604/-1142/-1328 
f -1199/-498/-923 -1606/-1144/-1330 -1607/-1145/-1331 -1198/-496/-922 
f -1202/-502/-926 -1199/-498/-923 -1198/-496/-922 -1201/-500/-925 
f -1197/-495/-921 -1537/-1019/-1261 -1540/-1018/-1264 -1220/-494/-944 
f -1196/-493/-920 -1197/-495/-921 -1220/-494/-944 -1221/-492/-945 
f -1197/-495/-921 -1196/-493/-920 -1195/-491/-919 -1194/-490/-918 
f -1537/-1019/-1261 -1197/-495/-921 -1194/-490/-918 -1536/-1017/-1260 
f -1193/-489/-917 -1196/-493/-920 -1221/-492/-945 -1216/-488/-940 
f -1192/-487/-916 -1193/-489/-917 -1216/-488/-940 -1217/-486/-941 
f -1193/-489/-917 -1192/-487/-916 -1191/-485/-915 -1190/-484/-914 
f -1196/-493/-920 -1193/-489/-917 -1190/-484/-914 -1195/-491/-919 
f -1189/-483/-913 -1192/-487/-916 -1217/-486/-941 -1212/-482/-936 
f -1188/-481/-912 -1189/-483/-913 -1212/-482/-936 -1213/-480/-937 
f -1189/-483/-913 -1188/-481/-912 -1187/-479/-911 -1186/-478/-910 
f -1192/-487/-916 -1189/-483/-913 -1186/-478/-910 -1191/-485/-915 
f -1185/-477/-909 -1188/-481/-912 -1213/-480/-937 -1208/-476/-932 
f -1184/-475/-908 -1185/-477/-909 -1208/-476/-932 -1209/-474/-933 
f -1185/-477/-909 -1184/-475/-908 -1183/-473/-907 -1182/-472/-906 
f -1188/-481/-912 -1185/-477/-909 -1182/-472/-906 -1187/-479/-911 
f -1181/-471/-905 -1184/-475/-908 -1209/-474/-933 -1204/-470/-928 
f -1180/-469/-904 -1181/-471/-905 -1204/-470/-928 -1205/-468/-929 
f -1181/-471/-905 -1180/-469/-904 -1179/-467/-903 -1178/-466/-902 
f -1184/-475/-908 -1181/-471/-905 -1178/-466/-902 -1183/-473/-907 
f -1177/-465/-901 -1180/-469/-904 -1205/-468/-929 -1200/-464/-924 
f -1176/-463/-900 -1177/-465/-901 -1200/-464/-924 -1201/-462/-925 
f -1177/-465/-901 -1176/-463/-900 -1175/-461/-899 -1174/-460/-898 
f -1180/-469/-904 -1177/-465/-901 -1174/-460/-898 -1179/-467/-903 
f -1173/-459/-897 -1176/-463/-900 -1201/-462/-925 -1198/-458/-922 
f -1609/-1147/-1333 -1173/-459/-897 -1198/-458/-922 -1607/-1145/-1331 
f -1173/-459/-897 -1609/-1147/-1333 -1608/-1146/-1332 -1172/-457/-896 
f -1176/-463/-900 -1173/-459/-897 -1172/-457/-896 -1175/-461/-899 
f -1171/-456/-895 -1533/-1010/-1257 -1536/-1009/-1260 -1194/-455/-918 
f -1170/-454/-894 -1171/-456/-895 -1194/-455/-918 -1195/-453/-919 
f -1171/-456/-895 -1170/-454/-894 -1169/-452/-893 -1168/-451/-892 
f -1533/-1010/-1257 -1171/-456/-895 -1168/-451/-892 -1532/-1008/-1256 
f -1167/-450/-891 -1170/-454/-894 -1195/-453/-919 -1190/-449/-914 
f -1166/-448/-890 -1167/-450/-891 -1190/-449/-914 -1191/-447/-915 
f -1167/-450/-891 -1166/-448/-890 -1165/-446/-889 -1164/-445/-888 
f -1170/-454/-894 -1167/-450/-891 -1164/-445/-888 -1169/-452/-893 
f -1163/-444/-887 -1166/-448/-890 -1191/-447/-915 -1186/-443/-910 
f -1162/-442/-886 -1163/-444/-887 -1186/-443/-910 -1187/-441/-911 
f -1163/-444/-887 -1162/-442/-886 -1161/-440/-885 -1160/-439/-884 
f -1166/-448/-890 -1163/-444/-887 -1160/-439/-884 -1165/-446/-889 
f -1159/-438/-883 -1162/-442/-886 -1187/-441/-911 -1182/-437/-906 
f -1158/-436/-882 -1159/-438/-883 -1182/-437/-906 -1183/-435/-907 
f -1159/-438/-883 -1158/-436/-882 -1157/-434/-881 -1156/-433/-880 
f -1162/-442/-886 -1159/-438/-883 -1156/-433/-880 -1161/-440/-885 
f -1155/-432/-879 -1158/-436/-882 -1183/-435/-907 -1178/-431/-902 
f -1154/-430/-878 -1155/-432/-879 -1178/-431/-902 -1179/-429/-903 
f -1155/-432/-879 -1154/-430/-878 -1153/-428/-877 -1152/-427/-876 
f -1158/-436/-882 -1155/-432/-879 -1152/-427/-876 -1157/-434/-881 
f -1151/-426/-875 -1154/-430/-878 -1179/-429/-903 -1174/-425/-898 
f -1150/-424/-874 -1151/-426/-875 -1174/-425/-898 -1175/-423/-899 
f -1151/-426/-875 -1150/-424/-874 -1149/-422/-873 -1148/-421/-872 
f -1154/-430/-878 -1151/-426/-875 -1148/-421/-872 -1153/-428/-877 
f -1147/-420/-871 -1150/-424/-874 -1175/-423/-899 -1172/-419/-896 
f -1610/-1148/-1334 -1147/-420/-871 -1172/-419/-896 -1608/-1146/-1332 
f -1147/-420/-871 -1610/-1148/-1334 -1611/-1149/-1335 -1146/-418/-870 
f -1150/-424/-874 -1147/-420/-871 -1146/-418/-870 -1149/-422/-873 
f -1145/-417/-869 -1529/-1001/-1253 -1532/-1000/-1256 -1168/-416/-892 
f -1144/-415/-868 -1145/-417/-869 -1168/-416/-892 -1169/-414/-893 
f -1145/-417/-869 -1144/-415/-868 -1143/-413/-867 -1142/-412/-866 
f -1529/-1001/-1253 -1145/-417/-869 -1142/-412/-866 -1528/-999/-1252 
f -1141/-411/-865 -1144/-415/-868 -1169/-414/-893 -1164/-410/-888 
f -1140/-409/-864 -1141/-411/-865 -1164/-410/-888 -1165/-408/-889 
f -1141/-411/-865 -1140/-409/-864 -1139/-407/-863 -1138/-406/-862 
f -1144/-415/-868 -1141/-411/-865 -1138/-406/-862 -1143/-413/-867 
f -1137/-405/-861 -1140/-409/-864 -1165/-408/-889 -1160/-404/-884 
f -1136/-403/-860 -1137/-405/-861 -1160/-404/-884 -1161/-402/-885 
f -1137/-405/-861 -1136/-403/-860 -1135/-401/-859 -1134/-400/-858 
f -1140/-409/-864 -1137/-405/-861 -1134/-400/-858 -1139/-407/-863 
f -1133/-399/-857 -1136/-403/-860 -1161/-402/-885 -1156/-398/-880 
f -1132/-397/-856 -1133/-399/-857 -1156/-398/-880 -1157/-396/-881 
f -1133/-399/-857 -1132/-397/-856 -1131/-395/-855 -1130/-394/-854 
f -1136/-403/-860 -1133/-399/-857 -1130/-394/-854 -1135/-401/-859 
f -1129/-393/-853 -1132/-397/-856 -1157/-396/-881 -1152/-392/-876 
f -1128/-391/-852 -1129/-393/-853 -1152/-392/-876 -1153/-390/-877 
f -1129/-393/-853 -1128/-391/-852 -1127/-389/-851 -1126/-388/-850 
f -1132/-397/-856 -1129/-393/-853 -1126/-388/-850 -1131/-395/-855 
f -1125/-387/-849 -1128/-391/-852 -1153/-390/-877 -1148/-386/-872 
f -1124/-385/-848 -1125/-387/-849 -1148/-386/-872 -1149/-384/-873 
f -1125/-387/-849 -1124/-385/-848 -1123/-383/-847 -1122/-382/-846 
f -1128/-391/-852 -1125/-387/-849 -1122/-382/-846 -1127/-389/-851 
f -1121/-381/-845 -1124/-385/-848 -1149/-384/-873 -1146/-380/-870 
f -1613/-1151/-1337 -1121/-381/-845 -1146/-380/-870 -1611/-1149/-1335 
f -1121/-381/-845 -1613/-1151/-1337 -1612/-1150/-1336 -1120/-379/-844 
f -1124/-385/-848 -1121/-381/-845 -1120/-379/-844 -1123/-383/-847 
f -1119/-378/-843 -1525/-992/-1249 -1528/-991/-1252 -1142/-377/-866 
f -1118/-376/-842 -1119/-378/-843 -1142/-377/-866 -1143/-375/-867 
f -1119/-378/-843 -1118/-376/-842 -1117/-374/-841 -1116/-373/-840 
f -1525/-992/-1249 -1119/-378/-843 -1116/-373/-840 -1524/-990/-1248 
f -1115/-372/-839 -1118/-376/-842 -1143/-375/-867 -1138/-371/-862 
f -1114/-370/-838 -1115/-372/-839 -1138/-371/-862 -1139/-369/-863 
f -1115/-372/-839 -1114/-370/-838 -1113/-368/-837 -1112/-367/-836 
f -1118/-376/-842 -1115/-372/-839 -1112/-367/-836 -1117/-374/-841 
f -1111/-366/-835 -1114/-370/-838 -1139/-369/-863 -1134/-365/-858 
f -1110/-364/-834 -1111/-366/-835 -1134/-365/-858 -1135/-363/-859 
f -1111/-366/-835 -1110/-364/-834 -1109/-362/-833 -1108/-361/-832 
f -1114/-370/-838 -1111/-366/-835 -1108/-361/-832 -1113/-368/-837 
f -1107/-360/-831 -1110/-364/-834 -1135/-363/-859 -1130/-359/-854 
f -1106/-358/-830 -1107/-360/-831 -1130/-359/-854 -1131/-357/-855 
f -1107/-360/-831 -1106/-358/-830 -1105/-356/-829 -1104/-355/-828 
f -1110/-364/-834 -1107/-360/-831 -1104/-355/-828 -1109/-362/-833 
f -1103/-354/-827 -1106/-358/-830 -1131/-357/-855 -1126/-353/-850 
f -1102/-352/-826 -1103/-354/-827 -1126/-353/-850 -1127/-351/-851 
f -1103/-354/-827 -1102/-352/-826 -1101/-350/-825 -1100/-349/-824 
f -1106/-358/-830 -1103/-354/-827 -1100/-349/-824 -1105/-356/-829 
f -1099/-348/-823 -1102/-352/-826 -1127/-351/-851 -1122/-347/-846 
f -1098/-346/-822 -1099/-348/-823 -1122/-347/-846 -1123/-345/-847 
f -1099/-348/-823 -1098/-346/-822 -1097/-344/-821 -1096/-343/-820 
f -1102/-352/-826 -1099/-348/-823 -1096/-343/-820 -1101/-350/-825 
f -1095/-342/-819 -1098/-346/-822 -1123/-345/-847 -1120/-341/-844 
f -1614/-1152/-1338 -1095/-342/-819 -1120/-341/-844 -1612/-1150/-1336 
f -1095/-342/-819 -1614/-1152/-1338 -1615/-1153/-1339 -1094/-340/-818 
f -1098/-346/-822 -1095/-342/-819 -1094/-340/-818 -1097/-344/-821 
f -1093/-339/-817 -1521/-983/-1245 -1524/-982/-1248 -1116/-338/-840 
f -1092/-337/-816 -1093/-339/-817 -1116/-338/-840 -1117/-336/-841 
f -1093/-339/-817 -1092/-337/-816 -1091/-335/-815 -1090/-334/-814 
f -1521/-983/-1245 -1093/-339/-817 -1090/-334/-814 -1520/-981/-1244 
f -1089/-333/-813 -1092/-337/-816 -1117/-336/-841 -1112/-332/-836 
f -1088/-331/-812 -1089/-333/-813 -1112/-332/-836 -1113/-330/-837 
f -1089/-333/-813 -1088/-331/-812 -1087/-329/-811 -1086/-328/-810 
f -1092/-337/-816 -1089/-333/-813 -1086/-328/-810 -1091/-335/-815 
f -1085/-327/-809 -1088/-331/-812 -1113/-330/-837 -1108/-326/-832 
f -1084/-325/-808 -1085/-327/-809 -1108/-326/-832 -1109/-324/-833 
f -1085/-327/-809 -1084/-325/-808 -1083/-323/-807 -1082/-322/-806 
f -1088/-331/-812 -1085/-327/-809 -1082/-322/-806 -1087/-329/-811 
f -1081/-321/-805 -1084/-325/-808 -1109/-324/-833 -1104/-320/-828 
f -1080/-319/-804 -1081/-321/-805 -1104/-320/-828 -1105/-318/-829 
f -1081/-321/-805 -1080/-319/-804 -1079/-317/-803 -1078/-316/-802 
f -1084/-325/-808 -1081/-321/-805 -1078/-316/-802 -1083/-323/-807 
f -1077/-315/-801 -1080/-319/-804 -1105/-318/-829 -1100/-314/-824 
f -1076/-313/-800 -1077/-315/-801 -1100/-314/-824 -1101/-312/-825 
f -1077/-315/-801 -1076/-313/-800 -1075/-311/-799 -1074/-310/-798 
f -1080/-319/-804 -1077/-315/-801 -1074/-310/-798 -1079/-317/-803 
f -1073/-309/-797 -1076/-313/-800 -1101/-312/-825 -1096/-308/-820 
f -1072/-307/-796 -1073/-309/-797 -1096/-308/-820 -1097/-306/-821 
f -1073/-309/-797 -1072/-307/-796 -1071/-305/-795 -1070/-304/-794 
f -1076/-313/-800 -1073/-309/-797 -1070/-304/-794 -1075/-311/-799 
f -1069/-303/-793 -1072/-307/-796 -1097/-306/-821 -1094/-302/-818 
f -1617/-1155/-1341 -1069/-303/-793 -1094/-302/-818 -1615/-1153/-1339 
f -1069/-303/-793 -1617/-1155/-1341 -1616/-1154/-1340 -1068/-301/-792 
f -1072/-307/-796 -1069/-303/-793 -1068/-301/-792 -1071/-305/-795 
f -1067/-300/-791 -1517/-974/-1241 -1520/-973/-1244 -1090/-299/-814 
f -1066/-298/-790 -1067/-300/-791 -1090/-299/-814 -1091/-297/-815 
f -1067/-300/-791 -1066/-298/-790 -1065/-296/-789 -1064/-295/-788 
f -1517/-974/-1241 -1067/-300/-791 -1064/-295/-788 -1516/-972/-1240 
f -1063/-294/-787 -1066/-298/-790 -1091/-297/-815 -1086/-293/-810 
f -1062/-292/-786 -1063/-294/-787 -1086/-293/-810 -1087/-291/-811 
f -1063/-294/-787 -1062/-292/-786 -1061/-290/-785 -1060/-289/-784 
f -1066/-298/-790 -1063/-294/-787 -1060/-289/-784 -1065/-296/-789 
f -1059/-288/-783 -1062/-292/-786 -1087/-291/-811 -1082/-287/-806 
f -1058/-286/-782 -1059/-288/-783 -1082/-287/-806 -1083/-285/-807 
f -1059/-288/-783 -1058/-286/-782 -1057/-284/-781 -1056/-283/-780 
f -1062/-292/-786 -1059/-288/-783 -1056/-283/-780 -1061/-290/-785 
f -1055/-282/-779 -1058/-286/-782 -1083/-285/-807 -1078/-281/-802 
f -1054/-280/-778 -1055/-282/-779 -1078/-281/-802 -1079/-279/-803 
f -1055/-282/-779 -1054/-280/-778 -1053/-278/-777 -1052/-277/-776 
f -1058/-286/-782 -1055/-282/-779 -1052/-277/-776 -1057/-284/-781 
f -1051/-276/-775 -1054/-280/-778 -1079/-279/-803 -1074/-275/-798 
f -1050/-274/-774 -1051/-276/-775 -1074/-275/-798 -1075/-273/-799 
f -1051/-276/-775 -1050/-274/-774 -1049/-272/-773 -1048/-271/-772 
f -1054/-280/-778 -1051/-276/-775 -1048/-271/-772 -1053/-278/-777 
f -1047/-270/-771 -1050/-274/-774 -1075/-273/-799 -1070/-269/-794 
f -1046/-268/-770 -1047/-270/-771 -1070/-269/-794 -1071/-267/-795 
f -1047/-270/-771 -1046/-268/-770 -1045/-266/-769 -1044/-265/-768 
f -1050/-274/-774 -1047/-270/-771 -1044/-265/-768 -1049/-272/-773 
f -1043/-264/-767 -1046/-268/-770 -1071/-267/-795 -1068/-263/-792 
f -1618/-1156/-1342 -1043/-264/-767 -1068/-263/-792 -1616/-1154/-1340 
f -1043/-264/-767 -1618/-1156/-1342 -1619/-1157/-1343 -1042/-262/-766 
f -1046/-268/-770 -1043/-264/-767 -1042/-262/-766 -1045/-266/-769 
f -1041/-261/-765 -1513/-965/-1237 -1516/-964/-1240 -1064/-260/-788 
f -1040/-259/-764 -1041/-261/-765 -1064/-260/-788 -1065/-258/-789 
f -1041/-261/-765 -1040/-259/-764 -1039/-257/-763 -1038/-256/-762 
f -1513/-965/-1237 -1041/-261/-765 -1038/-256/-762 -1512/-963/-1236 
f -1037/-255/-761 -1040/-259/-764 -1065/-258/-789 -1060/-254/-784 
f -1036/-253/-760 -1037/-255/-761 -1060/-254/-784 -1061/-252/-785 
f -1037/-255/-761 -1036/-253/-760 -1035/-251/-759 -1034/-250/-758 
f -1040/-259/-764 -1037/-255/-761 -1034/-250/-758 -1039/-257/-763 
f -1033/-249/-757 -1036/-253/-760 -1061/-252/-785 -1056/-248/-780 
f -1032/-247/-756 -1033/-249/-757 -1056/-248/-780 -1057/-246/-781 
f -1033/-249/-757 -1032/-247/-756 -1031/-245/-755 -1030/-244/-754 
f -1036/-253/-760 -1033/-249/-757 -1030/-244/-754 -1035/-251/-759 
f -1029/-243/-753 -1032/-247/-756 -1057/-246/-781 -1052/-242/-776 
f -1028/-241/-752 -1029/-243/-753 -1052/-242/-776 -1053/-240/-777 
f -1029/-243/-753 -1028/-241/-752 -1027/-239/-751 -1026/-238/-750 
f -1032/-247/-756 -1029/-243/-753 -1026/-238/-750 -1031/-245/-755 
f -1025/-237/-749 -1028/-241/-752 -1053/-240/-777 -1048/-236/-772 
f -1024/-235/-748 -1025/-237/-749 -1048/-236/-772 -1049/-234/-773 
f -1025/-237/-749 -1024/-235/-748 -1023/-233/-747 -1022/-232/-746 
f -1028/-241/-752 -1025/-237/-749 -1022/-232/-746 -1027/-239/-751 
f -1021/-231/-745 -1024/-235/-748 -1049/-234/-773 -1044/-230/-768 
f -1020/-229/-744 -1021/-231/-745 -1044/-230/-768 -1045/-228/-769 
f -1021/-231/-745 -1020/-229/-744 -1019/-227/-743 -1018/-226/-742 
f -1024/-235/-748 -1021/-231/-745 -1018/-226/-742 -1023/-233/-747 
f -1017/-225/-741 -1020/-229/-744 -1045/-228/-769 -1042/-224/-766 
f -1621/-1159/-1345 -1017/-225/-741 -1042/-224/-766 -1619/-1157/-1343 
f -1017/-225/-741 -1621/-1159/-1345 -1620/-1158/-1344 -1016/-223/-740 
f -1020/-229/-744 -1017/-225/-741 -1016/-223/-740 -1019/-227/-743 
f -1015/-222/-739 -1509/-956/-1233 -1512/-955/-1236 -1038/-221/-762 
f -1014/-220/-738 -1015/-222/-739 -1038/-221/-762 -1039/-219/-763 
f -1015/-222/-739 -1014/-220/-738 -1013/-218/-737 -1012/-217/-736 
f -1509/-956/-1233 -1015/-222/-739 -1012/-217/-736 -1508/-954/-1232 
f -1011/-216/-735 -1014/-220/-738 -1039/-219/-763 -1034/-215/-758 
f -1010/-214/-734 -1011/-216/-735 -1034/-215/-758 -1035/-213/-759 
f -1011/-216/-735 -1010/-214/-734 -1009/-212/-733 -1008/-211/-732 
f -1014/-220/-738 -1011/-216/-735 -1008/-211/-732 -1013/-218/-737 
f -1007/-210/-731 -1010/-214/-734 -1035/-213/-759 -1030/-209/-754 
f -1006/-208/-730 -1007/-210/-731 -1030/-209/-754 -1031/-207/-755 
f -1007/-210/-731 -1006/-208/-730 -1005/-206/-729 -1004/-205/-728 
f -1010/-214/-734 -1007/-210/-731 -1004/-205/-728 -1009/-212/-733 
f -1003/-204/-727 -1006/-208/-730 -1031/-207/-755 -1026/-203/-750 
f -1002/-202/-726 -1003/-204/-727 -1026/-203/-750 -1027/-201/-751 
f -1003/-204/-727 -1002/-202/-726 -1001/-200/-725 -1000/-199/-724 
f -1006/-208/-730 -1003/-204/-727 -1000/-199/-724 -1005/-206/-729 
f -999/-198/-723 -1002/-202/-726 -1027/-201/-751 -1022/-197/-746 
f -998/-196/-722 -999/-198/-723 -1022/-197/-746 -1023/-195/-747 
f -999/-198/-723 -998/-196/-722 -997/-194/-721 -996/-193/-720 
f -1002/-202/-726 -999/-198/-723 -996/-193/-720 -1001/-200/-725 
f -995/-192/-719 -998/-196/-722 -1023/-195/-747 -1018/-191/-742 
f -994/-190/-718 -995/-192/-719 -1018/-191/-742 -1019/-189/-743 
f -995/-192/-719 -994/-190/-718 -993/-188/-717 -992/-187/-716 
f -998/-196/-722 -995/-192/-719 -992/-187/-716 -997/-194/-721 
f -991/-186/-715 -994/-190/-718 -1019/-189/-743 -1016/-185/-740 
f -1622/-1160/-1346 -991/-186/-715 -1016/-185/-740 -1620/-1158/-1344 
f -991/-186/-715 -1622/-1160/-1346 -1623/-1161/-1347 -990/-184/-714 
f -994/-190/-718 -991/-186/-715 -990/-184/-714 -993/-188/-717 
f -989/-183/-713 -1505/-947/-1229 -1508/-946/-1232 -1012/-182/-736 
f -988/-181/-712 -989/-183/-713 -1012/-182/-736 -1013/-180/-737 
f -989/-183/-713 -988/-181/-712 -987/-179/-711 -986/-178/-710 
f -1505/-947/-1229 -989/-183/-713 -986/-178/-710 -1504/-945/-1228 
f -985/-177/-709 -988/-181/-712 -1013/-180/-737 -1008/-176/-732 
f -984/-175/-708 -985/-177/-709 -1008/-176/-732 -1009/-174/-733 
f -985/-177/-709 -984/-175/-708 -983/-173/-707 -982/-172/-706 
f -988/-181/-712 -985/-177/-709 -982/-172/-706 -987/-179/-711 
f -981/-171/-705 -984/-175/-708 -1009/-174/-733 -1004/-170/-728 
f -980/-169/-704 -981/-171/-705 -1004/-170/-728 -1005/-168/-729 
f -981/-171/-705 -980/-169/-704 -979/-167/-703 -978/-166/-702 
f -984/-175/-708 -981/-171/-705 -978/-166/-702 -983/-173/-707 
f -977/-165/-701 -980/-169/-704 -1005/-168/-729 -1000/-164/-724 
f -976/-163/-700 -977/-165/-701 -1000/-164/-724 -1001/-162/-725 
f -977/-165/-701 -976/-163/-700 -975/-161/-699 -974/-160/-698 
f -980/-169/-704 -977/-165/-701 -974/-160/-698 -979/-167/-703 
f -973/-159/-697 -976/-163/-700 -1001/-162/-725 -996/-158/-720 
f -972/-157/-696 -973/-159/-697 -996/-158/-720 -997/-156/-721 
f -973/-159/-697 -972/-157/-696 -971/-155/-695 -970/-154/-694 
f -976/-163/-700 -973/-159/-697 -970/-154/-694 -975/-161/-699 
f -969/-153/-693 -972/-157/-696 -997/-156/-721 -992/-152/-716 
f -968/-151/-692 -969/-153/-693 -992/-152/-716 -993/-150/-717 
f -969/-153/-693 -968/-151/-692 -967/-149/-691 -966/-148/-690 
f -972/-157/-696 -969/-153/-693 -966/-148/-690 -971/-155/-695 
f -965/-147/-689 -968/-151/-692 -993/-150/-717 -990/-146/-714 
f -1625/-1163/-1349 -965/-147/-689 -990/-146/-714 -1623/-1161/-1347 
f -965/-147/-689 -1625/-1163/-1349 -1624/-1162/-1348 -964/-145/-688 
f -968/-151/-692 -965/-147/-689 -964/-145/-688 -967/-149/-691 
f -963/-144/-687 -1501/-938/-1225 -1504/-937/-1228 -986/-143/-710 
f -962/-142/-686 -963/-144/-687 -986/-143/-710 -987/-141/-711 
f -963/-144/-687 -962/-142/-686 -961/-140/-685 -960/-139/-684 
f -1501/-938/-1225 -963/-144/-687 -960/-139/-684 -1500/-936/-1224 
f -959/-138/-683 -962/-142/-686 -987/-141/-711 -982/-137/-706 
f -958/-136/-682 -959/-138/-683 -982/-137/-706 -983/-135/-707 
f -959/-138/-683 -958/-136/-682 -957/-134/-681 -956/-133/-680 
f -962/-142/-686 -959/-138/-683 -956/-133/-680 -961/-140/-685 
f -955/-132/-679 -958/-136/-682 -983/-135/-707 -978/-131/-702 
f -954/-130/-678 -955/-132/-679 -978/-131/-702 -979/-129/-703 
f -955/-132/-679 -954/-130/-678 -953/-128/-677 -952/-127/-676 
f -958/-136/-682 -955/-132/-679 -952/-127/-676 -957/-134/-681 
f -951/-126/-675 -954/-130/-678 -979/-129/-703 -974/-125/-698 
f -950/-124/-674 -951/-126/-675 -974/-125/-698 -975/-123/-699 
f -951/-126/-675 -950/-124/-674 -949/-122/-673 -948/-121/-672 
f -954/-130/-678 -951/-126/-675 -948/-121/-672 -953/-128/-677 
f -947/-120/-671 -950/-124/-674 -975/-123/-699 -970/-119/-694 
f -946/-118/-670 -947/-120/-671 -970/-119/-694 -971/-117/-695 
f -947/-120/-671 -946/-118/-670 -945/-116/-669 -944/-115/-668 
f -950/-124/-674 -947/-120/-671 -944/-115/-668 -949/-122/-673 
f -943/-114/-667 -946/-118/-670 -971/-117/-695 -966/-113/-690 
f -942/-112/-666 -943/-114/-667 -966/-113/-690 -967/-111/-691 
f -943/-114/-667 -942/-112/-666 -941/-110/-665 -940/-109/-664 
f -946/-118/-670 -943/-114/-667 -940/-109/-664 -945/-116/-669 
f -939/-108/-663 -942/-112/-666 -967/-111/-691 -964/-107/-688 
f -1626/-1164/-1350 -939/-108/-663 -964/-107/-688 -1624/-1162/-1348 
f -939/-108/-663 -1626/-1164/-1350 -1627/-1165/-1351 -938/-106/-662 
f -942/-112/-666 -939/-108/-663 -938/-106/-662 -941/-110/-665 
f -937/-105/-661 -1497/-929/-1221 -1500/-928/-1224 -960/-104/-684 
f -936/-103/-660 -937/-105/-661 -960/-104/-684 -961/-102/-685 
f -937/-105/-661 -936/-103/-660 -1493/-101/-1217 -1495/-100/-1219 
f -1497/-929/-1221 -937/-105/-661 -1495/-100/-1219 -1581/-927/-1305 
f -935/-99/-659 -936/-103/-660 -961/-102/-685 -956/-98/-680 
f -934/-97/-658 -935/-99/-659 -956/-98/-680 -957/-96/-681 
f -935/-99/-659 -934/-97/-658 -1487/-95/-1211 -1489/-94/-1213 
f -936/-103/-660 -935/-99/-659 -1489/-94/-1213 -1493/-101/-1217 
f -933/-93/-657 -934/-97/-658 -957/-96/-681 -952/-92/-676 
f -932/-91/-656 -933/-93/-657 -952/-92/-676 -953/-90/-677 
f -933/-93/-657 -932/-91/-656 -1481/-89/-1205 -1483/-88/-1207 
f -934/-97/-658 -933/-93/-657 -1483/-88/-1207 -1487/-95/-1211 
f -931/-87/-655 -932/-91/-656 -953/-90/-677 -948/-86/-672 
f -930/-85/-654 -931/-87/-655 -948/-86/-672 -949/-84/-673 
f -931/-87/-655 -930/-85/-654 -1475/-83/-1199 -1477/-82/-1201 
f -932/-91/-656 -931/-87/-655 -1477/-82/-1201 -1481/-89/-1205 
f -929/-81/-653 -930/-85/-654 -949/-84/-673 -944/-80/-668 
f -928/-79/-652 -929/-81/-653 -944/-80/-668 -945/-78/-669 
f -929/-81/-653 -928/-79/-652 -1469/-77/-1193 -1471/-76/-1195 
f -930/-85/-654 -929/-81/-653 -1471/-76/-1195 -1475/-83/-1199 
f -927/-75/-651 -928/-79/-652 -945/-78/-669 -940/-74/-664 
f -926/-73/-650 -927/-75/-651 -940/-74/-664 -941/-72/-665 
f -927/-75/-651 -926/-73/-650 -1463/-71/-1187 -1465/-70/-1189 
f -928/-79/-652 -927/-75/-651 -1465/-70/-1189 -1469/-77/-1193 
f -925/-69/-649 -926/-73/-650 -941/-72/-665 -938/-68/-662 
f -1628/-1166/-1352 -925/-69/-649 -938/-68/-662 -1627/-1165/-1351 
f -925/-69/-649 -1628/-1166/-1352 -1585/-1123/-1309 -1459/-67/-1183 
f -926/-73/-650 -925/-69/-649 -1459/-67/-1183 -1463/-71/-1187 
f -924/-66/-648 -923/-65/-647 -1753/-64/-1477 -1754/-66/-1478 
f -922/-63/-646 -924/-66/-648 -1754/-66/-1478 -1755/-62/-1479 
f -924/-66/-648 -922/-63/-646 -921/-63/-645 -920/-66/-644 
f -923/-65/-647 -924/-66/-648 -920/-66/-644 -919/-65/-643 
f -918/-61/-642 -922/-63/-646 -1755/-62/-1479 -1747/-61/-1471 
f -917/-60/-641 -918/-61/-642 -1747/-61/-1471 -1748/-59/-1472 
f -918/-61/-642 -917/-60/-641 -916/-60/-640 -915/-61/-639 
f -922/-63/-646 -918/-61/-642 -915/-61/-639 -921/-63/-645 
f -914/-58/-638 -917/-60/-641 -1748/-59/-1472 -1741/-58/-1465 
f -913/-57/-637 -914/-58/-638 -1741/-58/-1465 -1742/-56/-1466 
f -914/-58/-638 -913/-57/-637 -912/-57/-636 -911/-58/-635 
f -917/-60/-641 -914/-58/-638 -911/-58/-635 -916/-60/-640 
f -910/-55/-634 -913/-57/-637 -1742/-56/-1466 -1735/-55/-1459 
f -909/-54/-633 -910/-55/-634 -1735/-55/-1459 -1736/-53/-1460 
f -910/-55/-634 -909/-54/-633 -908/-54/-632 -907/-55/-631 
f -913/-57/-637 -910/-55/-634 -907/-55/-631 -912/-57/-636 
f -906/-52/-630 -909/-54/-633 -1736/-53/-1460 -1729/-52/-1453 
f -905/-51/-629 -906/-52/-630 -1729/-52/-1453 -1730/-50/-1454 
f -906/-52/-630 -905/-51/-629 -904/-51/-628 -903/-52/-627 
f -909/-54/-633 -906/-52/-630 -903/-52/-627 -908/-54/-632 
f -902/-49/-626 -905/-51/-629 -1730/-50/-1454 -1723/-49/-1447 
f -901/-48/-625 -902/-49/-626 -1723/-49/-1447 -1724/-47/-1448 
f -902/-49/-626 -901/-48/-625 -900/-48/-624 -899/-49/-623 
f -905/-51/-629 -902/-49/-626 -899/-49/-623 -904/-51/-628 
f -898/-46/-622 -901/-48/-625 -1724/-47/-1448 -1717/-46/-1441 
f -897/-45/-621 -898/-46/-622 -1717/-46/-1441 -1718/-44/-1442 
f -898/-46/-622 -897/-45/-621 -896/-45/-620 -895/-46/-619 
f -901/-48/-625 -898/-46/-622 -895/-46/-619 -900/-48/-624 
f -894/-43/-618 -897/-45/-621 -1718/-44/-1442 -1711/-43/-1435 
f -893/-42/-617 -894/-43/-618 -1711/-43/-1435 -1712/-41/-1436 
f -894/-43/-618 -893/-42/-617 -892/-42/-616 -891/-43/-615 
f -897/-45/-621 -894/-43/-618 -891/-43/-615 -896/-45/-620 
f -890/-40/-614 -893/-42/-617 -1712/-41/-1436 -1705/-40/-1429 
f -889/-39/-613 -890/-40/-614 -1705/-40/-1429 -1706/-38/-1430 
f -890/-40/-614 -889/-39/-613 -888/-39/-612 -887/-40/-611 
f -893/-42/-617 -890/-40/-614 -887/-40/-611 -892/-42/-616 
f -886/-37/-610 -889/-39/-613 -1706/-38/-1430 -1699/-37/-1423 
f -885/-36/-609 -886/-37/-610 -1699/-37/-1423 -1700/-35/-1424 
f -886/-37/-610 -885/-36/-609 -884/-36/-608 -883/-37/-607 
f -889/-39/-613 -886/-37/-610 -883/-37/-607 -888/-39/-612 
f -882/-34/-606 -885/-36/-609 -1700/-35/-1424 -1693/-34/-1417 
f -881/-33/-605 -882/-34/-606 -1693/-34/-1417 -1694/-32/-1418 
f -882/-34/-606 -881/-33/-605 -880/-33/-604 -879/-34/-603 
f -885/-36/-609 -882/-34/-606 -879/-34/-603 -884/-36/-608 
f -878/-31/-602 -881/-33/-605 -1694/-32/-1418 -1687/-31/-1411 
f -877/-30/-601 -878/-31/-602 -1687/-31/-1411 -1688/-29/-1412 
f -878/-31/-602 -877/-30/-601 -876/-30/-600 -875/-31/-599 
f -881/-33/-605 -878/-31/-602 -875/-31/-599 -880/-33/-604 
f -874/-28/-598 -877/-30/-601 -1688/-29/-1412 -1681/-28/-1405 
f -873/-27/-597 -874/-28/-598 -1681/-28/-1405 -1682/-26/-1406 
f -874/-28/-598 -873/-27/-597 -872/-27/-596 -871/-28/-595 
f -877/-30/-601 -874/-28/-598 -871/-28/-595 -876/-30/-600 
f -870/-25/-594 -873/-27/-597 -1682/-26/-1406 -1675/-25/-1399 
f -869/-24/-593 -870/-25/-594 -1675/-25/-1399 -1676/-23/-1400 
f -870/-25/-594 -869/-24/-593 -868/-24/-592 -867/-25/-591 
f -873/-27/-597 -870/-25/-594 -867/-25/-591 -872/-27/-596 
f -866/-22/-590 -869/-24/-593 -1676/-23/-1400 -1669/-22/-1393 
f -865/-21/-589 -866/-22/-590 -1669/-22/-1393 -1670/-20/-1394 
f -866/-22/-590 -865/-21/-589 -864/-21/-588 -863/-22/-587 
f -869/-24/-593 -866/-22/-590 -863/-22/-587 -868/-24/-592 
f -862/-19/-586 -865/-21/-589 -1670/-20/-1394 -1663/-19/-1387 
f -861/-18/-585 -862/-19/-586 -1663/-19/-1387 -1664/-17/-1388 
f -862/-19/-586 -861/-18/-585 -860/-18/-584 -859/-19/-583 
f -865/-21/-589 -862/-19/-586 -859/-19/-583 -864/-21/-588 
f -858/-16/-582 -861/-18/-585 -1664/-17/-1388 -1657/-16/-1381 
f -857/-15/-581 -858/-16/-582 -1657/-16/-1381 -1658/-14/-1382 
f -858/-16/-582 -857/-15/-581 -856/-15/-580 -855/-16/-579 
f -861/-18/-585 -858/-16/-582 -855/-16/-579 -860/-18/-584 
f -854/-13/-578 -857/-15/-581 -1658/-14/-1382 -1651/-13/-1375 
f -853/-12/-577 -854/-13/-578 -1651/-13/-1375 -1652/-11/-1376 
f -854/-13/-578 -853/-12/-577 -852/-12/-576 -851/-13/-575 
f -857/-15/-581 -854/-13/-578 -851/-13/-575 -856/-15/-580 
f -850/-10/-574 -853/-12/-577 -1652/-11/-1376 -1645/-10/-1369 
f -849/-9/-573 -850/-10/-574 -1645/-10/-1369 -1646/-8/-1370 
f -850/-10/-574 -849/-9/-573 -848/-9/-572 -847/-10/-571 
f -853/-12/-577 -850/-10/-574 -847/-10/-571 -852/-12/-576 
f -846/-7/-570 -849/-9/-573 -1646/-8/-1370 -1639/-7/-1363 
f -845/-6/-569 -846/-7/-570 -1639/-7/-1363 -1640/-5/-1364 
f -846/-7/-570 -845/-6/-569 -844/-6/-568 -843/-7/-567 
f -849/-9/-573 -846/-7/-570 -843/-7/-567 -848/-9/-572 
f -842/-4/-566 -845/-6/-569 -1640/-5/-1364 -1633/-4/-1357 
f -841/-3/-565 -842/-4/-566 -1633/-4/-1357 -1634/-2/-1358 
f -842/-4/-566 -841/-3/-565 -840/-3/-564 -839/-4/-563 
f -845/-6/-569 -842/-4/-566 -839/-4/-563 -844/-6/-568 
f -838/-1/-562 -841/-3/-565 -1634/-2/-1358 -1630/-1/-1354 
f -923/-65/-647 -838/-1/-562 -1630/-1/-1354 -1753/-64/-1477 
f -838/-1/-562 -923/-65/-647 -919/-65/-643 -837/-1/-561 
f -841/-3/-565 -838/-1/-562 -837/-1/-561 -840/-3/-564 
f -836/-66/-560 -835/-66/-559 -834/-63/-558 -833/-63/-557 
f -832/-66/-556 -836/-66/-560 -833/-63/-557 -831/-63/-555 
f -836/-66/-560 -832/-66/-556 -830/-65/-554 -829/-65/-553 
f -835/-66/-559 -836/-66/-560 -829/-65/-553 -828/-65/-552 
f -827/-61/-551 -826/-61/-550 -825/-60/-549 -824/-60/-548 
f -823/-61/-547 -827/-61/-551 -824/-60/-548 -822/-60/-546 
f -827/-61/-551 -823/-61/-547 -831/-63/-555 -833/-63/-557 
f -826/-61/-550 -827/-61/-551 -833/-63/-557 -834/-63/-558 
f -821/-58/-545 -820/-58/-544 -819/-57/-543 -818/-57/-542 
f -817/-58/-541 -821/-58/-545 -818/-57/-542 -816/-57/-540 
f -821/-58/-545 -817/-58/-541 -822/-60/-546 -824/-60/-548 
f -820/-58/-544 -821/-58/-545 -824/-60/-548 -825/-60/-549 
f -815/-55/-539 -814/-55/-538 -813/-54/-537 -812/-54/-536 
f -811/-55/-535 -815/-55/-539 -812/-54/-536 -810/-54/-534 
f -815/-55/-539 -811/-55/-535 -816/-57/-540 -818/-57/-542 
f -814/-55/-538 -815/-55/-539 -818/-57/-542 -819/-57/-543 
f -809/-52/-533 -808/-52/-532 -807/-51/-531 -806/-51/-530 
f -805/-52/-529 -809/-52/-533 -806/-51/-530 -804/-51/-528 
f -809/-52/-533 -805/-52/-529 -810/-54/-534 -812/-54/-536 
f -808/-52/-532 -809/-52/-533 -812/-54/-536 -813/-54/-537 
f -803/-49/-527 -802/-49/-526 -801/-48/-525 -800/-48/-524 
f -799/-49/-523 -803/-49/-527 -800/-48/-524 -798/-48/-522 
f -803/-49/-527 -799/-49/-523 -804/-51/-528 -806/-51/-530 
f -802/-49/-526 -803/-49/-527 -806/-51/-530 -807/-51/-531 
f -797/-46/-521 -796/-46/-520 -795/-45/-519 -794/-45/-518 
f -793/-46/-517 -797/-46/-521 -794/-45/-518 -792/-45/-516 
f -797/-46/-521 -793/-46/-517 -798/-48/-522 -800/-48/-524 
f -796/-46/-520 -797/-46/-521 -800/-48/-524 -801/-48/-525 
f -791/-43/-515 -790/-43/-514 -789/-42/-513 -788/-42/-512 
f -787/-43/-511 -791/-43/-515 -788/-42/-512 -786/-42/-510 
f -791/-43/-515 -787/-43/-511 -792/-45/-516 -794/-45/-518 
f -790/-43/-514 -791/-43/-515 -794/-45/-518 -795/-45/-519 
f -785/-40/-509 -784/-40/-508 -783/-39/-507 -782/-39/-506 
f -781/-40/-505 -785/-40/-509 -782/-39/-506 -780/-39/-504 
f -785/-40/-509 -781/-40/-505 -786/-42/-510 -788/-42/-512 
f -784/-40/-508 -785/-40/-509 -788/-42/-512 -789/-42/-513 
f -779/-37/-503 -778/-37/-502 -777/-36/-501 -776/-36/-500 
f -775/-37/-499 -779/-37/-503 -776/-36/-500 -774/-36/-498 
f -779/-37/-503 -775/-37/-499 -780/-39/-504 -782/-39/-506 
f -778/-37/-502 -779/-37/-503 -782/-39/-506 -783/-39/-507 
f -773/-34/-497 -772/-34/-496 -771/-33/-495 -770/-33/-494 
f -769/-34/-493 -773/-34/-497 -770/-33/-494 -768/-33/-492 
f -773/-34/-497 -769/-34/-493 -774/-36/-498 -776/-36/-500 
f -772/-34/-496 -773/-34/-497 -776/-36/-500 -777/-36/-501 
f -767/-31/-491 -766/-31/-490 -765/-30/-489 -764/-30/-488 
f -763/-31/-487 -767/-31/-491 -764/-30/-488 -762/-30/-486 
f -767/-31/-491 -763/-31/-487 -768/-33/-492 -770/-33/-494 
f -766/-31/-490 -767/-31/-491 -770/-33/-494 -771/-33/-495 
f -761/-28/-485 -760/-28/-484 -759/-27/-483 -758/-27/-482 
f -757/-28/-481 -761/-28/-485 -758/-27/-482 -756/-27/-480 
f -761/-28/-485 -757/-28/-481 -762/-30/-486 -764/-30/-488 
f -760/-28/-484 -761/-28/-485 -764/-30/-488 -765/-30/-489 
f -755/-25/-479 -754/-25/-478 -753/-24/-477 -752/-24/-476 
f -751/-25/-475 -755/-25/-479 -752/-24/-476 -750/-24/-474 
f -755/-25/-479 -751/-25/-475 -756/-27/-480 -758/-27/-482 
f -754/-25/-478 -755/-25/-479 -758/-27/-482 -759/-27/-483 
f -749/-22/-473 -748/-22/-472 -747/-21/-471 -746/-21/-470 
f -745/-22/-469 -749/-22/-473 -746/-21/-470 -744/-21/-468 
f -749/-22/-473 -745/-22/-469 -750/-24/-474 -752/-24/-476 
f -748/-22/-472 -749/-22/-473 -752/-24/-476 -753/-24/-477 
f -743/-19/-467 -742/-19/-466 -741/-18/-465 -740/-18/-464 
f -739/-19/-463 -743/-19/-467 -740/-18/-464 -738/-18/-462 
f -743/-19/-467 -739/-19/-463 -744/-21/-468 -746/-21/-470 
f -742/-19/-466 -743/-19/-467 -746/-21/-470 -747/-21/-471 
f -737/-16/-461 -736/-16/-460 -735/-15/-459 -734/-15/-458 
f -733/-16/-457 -737/-16/-461 -734/-15/-458 -732/-15/-456 
f -737/-16/-461 -733/-16/-457 -738/-18/-462 -740/-18/-464 
f -736/-16/-460 -737/-16/-461 -740/-18/-464 -741/-18/-465 
f -731/-13/-455 -730/-13/-454 -729/-12/-453 -728/-12/-452 
f -727/-13/-451 -731/-13/-455 -728/-12/-452 -726/-12/-450 
f -731/-13/-455 -727/-13/-451 -732/-15/-456 -734/-15/-458 
f -730/-13/-454 -731/-13/-455 -734/-15/-458 -735/-15/-459 
f -725/-10/-449 -724/-10/-448 -723/-9/-447 -722/-9/-446 
f -721/-10/-445 -725/-10/-449 -722/-9/-446 -720/-9/-444 
f -725/-10/-449 -721/-10/-445 -726/-12/-450 -728/-12/-452 
f -724/-10/-448 -725/-10/-449 -728/-12/-452 -729/-12/-453 
f -719/-7/-443 -718/-7/-442 -717/-6/-441 -716/-6/-440 
f -715/-7/-439 -719/-7/-443 -716/-6/-440 -714/-6/-438 
f -719/-7/-443 -715/-7/-439 -720/-9/-444 -722/-9/-446 
f -718/-7/-442 -719/-7/-443 -722/-9/-446 -723/-9/-447 
f -713/-4/-437 -712/-4/-436 -711/-3/-435 -710/-3/-434 
f -709/-4/-433 -713/-4/-437 -710/-3/-434 -708/-3/-432 
f -713/-4/-437 -709/-4/-433 -714/-6/-438 -716/-6/-440 
f -712/-4/-436 -713/-4/-437 -716/-6/-440 -717/-6/-441 
f -707/-1/-431 -706/-1/-430 -828/-65/-552 -829/-65/-553 
f -705/-1/-429 -707/-1/-431 -829/-65/-553 -830/-65/-554 
f -707/-1/-431 -705/-1/-429 -708/-3/-432 -710/-3/-434 
f -706/-1/-430 -707/-1/-431 -710/-3/-434 -711/-3/-435 
f -704/-66/-428 -703/-66/-427 -702/-63/-426 -701/-63/-425 
f -700/-66/-424 -704/-66/-428 -701/-63/-425 -699/-63/-423 
f -704/-66/-428 -700/-66/-424 -698/-65/-422 -697/-65/-421 
f -703/-66/-427 -704/-66/-428 -697/-65/-421 -696/-65/-420 
f -695/-66/-419 -694/-66/-556 -693/-65/-554 -692/-65/-418 
f -920/-66/-644 -695/-66/-419 -692/-65/-418 -919/-65/-643 
f -695/-66/-419 -920/-66/-644 -921/-63/-645 -691/-63/-417 
f -694/-66/-556 -695/-66/-419 -691/-63/-417 -690/-63/-555 
f -689/-66/-560 -688/-66/-416 -687/-65/-415 -686/-65/-553 
f -685/-66/-427 -689/-66/-560 -686/-65/-553 -684/-65/-420 
f -689/-66/-560 -685/-66/-427 -683/-63/-426 -682/-63/-557 
f -688/-66/-416 -689/-66/-560 -682/-63/-557 -681/-63/-414 
f -680/-61/-413 -679/-61/-412 -678/-60/-411 -677/-60/-410 
f -676/-61/-409 -680/-61/-413 -677/-60/-410 -675/-60/-408 
f -680/-61/-413 -676/-61/-409 -699/-63/-423 -701/-63/-425 
f -679/-61/-412 -680/-61/-413 -701/-63/-425 -702/-63/-426 
f -674/-61/-407 -673/-61/-547 -690/-63/-555 -691/-63/-417 
f -915/-61/-639 -674/-61/-407 -691/-63/-417 -921/-63/-645 
f -674/-61/-407 -915/-61/-639 -916/-60/-640 -672/-60/-406 
f -673/-61/-547 -674/-61/-407 -672/-60/-406 -671/-60/-546 
f -670/-61/-551 -669/-61/-405 -681/-63/-414 -682/-63/-557 
f -668/-61/-412 -670/-61/-551 -682/-63/-557 -683/-63/-426 
f -670/-61/-551 -668/-61/-412 -667/-60/-411 -666/-60/-548 
f -669/-61/-405 -670/-61/-551 -666/-60/-548 -665/-60/-404 
f -664/-58/-403 -663/-58/-402 -662/-57/-401 -661/-57/-400 
f -660/-58/-545 -664/-58/-403 -661/-57/-400 -659/-57/-542 
f -664/-58/-403 -660/-58/-545 -675/-60/-408 -677/-60/-410 
f -663/-58/-402 -664/-58/-403 -677/-60/-410 -678/-60/-411 
f -658/-58/-399 -657/-58/-541 -671/-60/-546 -672/-60/-406 
f -911/-58/-635 -658/-58/-399 -672/-60/-406 -916/-60/-640 
f -658/-58/-399 -911/-58/-635 -912/-57/-636 -656/-57/-398 
f -657/-58/-541 -658/-58/-399 -656/-57/-398 -655/-57/-540 
f -654/-58/-545 -653/-58/-397 -665/-60/-404 -666/-60/-548 
f -652/-58/-402 -654/-58/-545 -666/-60/-548 -667/-60/-411 
f -654/-58/-545 -652/-58/-402 -651/-57/-401 -650/-57/-542 
f -653/-58/-397 -654/-58/-545 -650/-57/-542 -649/-57/-396 
f -648/-55/-395 -647/-55/-394 -646/-54/-393 -645/-54/-392 
f -644/-55/-539 -648/-55/-395 -645/-54/-392 -643/-54/-536 
f -648/-55/-395 -644/-55/-539 -659/-57/-542 -661/-57/-400 
f -647/-55/-394 -648/-55/-395 -661/-57/-400 -662/-57/-401 
f -642/-55/-391 -641/-55/-535 -655/-57/-540 -656/-57/-398 
f -907/-55/-631 -642/-55/-391 -656/-57/-398 -912/-57/-636 
f -642/-55/-391 -907/-55/-631 -908/-54/-632 -640/-54/-390 
f -641/-55/-535 -642/-55/-391 -640/-54/-390 -639/-54/-534 
f -638/-55/-539 -637/-55/-389 -649/-57/-396 -650/-57/-542 
f -636/-55/-394 -638/-55/-539 -650/-57/-542 -651/-57/-401 
f -638/-55/-539 -636/-55/-394 -635/-54/-393 -634/-54/-536 
f -637/-55/-389 -638/-55/-539 -634/-54/-536 -633/-54/-388 
f -632/-52/-387 -631/-52/-386 -630/-51/-385 -629/-51/-384 
f -628/-52/-533 -632/-52/-387 -629/-51/-384 -627/-51/-530 
f -632/-52/-387 -628/-52/-533 -643/-54/-536 -645/-54/-392 
f -631/-52/-386 -632/-52/-387 -645/-54/-392 -646/-54/-393 
f -626/-52/-383 -625/-52/-529 -639/-54/-534 -640/-54/-390 
f -903/-52/-627 -626/-52/-383 -640/-54/-390 -908/-54/-632 
f -626/-52/-383 -903/-52/-627 -904/-51/-628 -624/-51/-382 
f -625/-52/-529 -626/-52/-383 -624/-51/-382 -623/-51/-528 
f -622/-52/-533 -621/-52/-381 -633/-54/-388 -634/-54/-536 
f -620/-52/-386 -622/-52/-533 -634/-54/-536 -635/-54/-393 
f -622/-52/-533 -620/-52/-386 -619/-51/-385 -618/-51/-530 
f -621/-52/-381 -622/-52/-533 -618/-51/-530 -617/-51/-380 
f -616/-49/-379 -615/-49/-378 -614/-48/-377 -613/-48/-376 
f -612/-49/-375 -616/-49/-379 -613/-48/-376 -611/-48/-524 
f -616/-49/-379 -612/-49/-375 -627/-51/-530 -629/-51/-384 
f -615/-49/-378 -616/-49/-379 -629/-51/-384 -630/-51/-385 
f -610/-49/-374 -609/-49/-523 -623/-51/-528 -624/-51/-382 
f -899/-49/-623 -610/-49/-374 -624/-51/-382 -904/-51/-628 
f -610/-49/-374 -899/-49/-623 -900/-48/-624 -608/-48/-373 
f -609/-49/-523 -610/-49/-374 -608/-48/-373 -607/-48/-522 
f -606/-49/-527 -605/-49/-372 -617/-51/-380 -618/-51/-530 
f -604/-49/-378 -606/-49/-527 -618/-51/-530 -619/-51/-385 
f -606/-49/-527 -604/-49/-378 -603/-48/-377 -602/-48/-524 
f -605/-49/-372 -606/-49/-527 -602/-48/-524 -601/-48/-371 
f -600/-46/-370 -599/-46/-369 -598/-45/-368 -597/-45/-367 
f -596/-46/-521 -600/-46/-370 -597/-45/-367 -595/-45/-518 
f -600/-46/-370 -596/-46/-521 -611/-48/-524 -613/-48/-376 
f -599/-46/-369 -600/-46/-370 -613/-48/-376 -614/-48/-377 
f -594/-46/-366 -593/-46/-517 -607/-48/-522 -608/-48/-373 
f -895/-46/-619 -594/-46/-366 -608/-48/-373 -900/-48/-624 
f -594/-46/-366 -895/-46/-619 -896/-45/-620 -592/-45/-365 
f -593/-46/-517 -594/-46/-366 -592/-45/-365 -591/-45/-516 
f -590/-46/-521 -589/-46/-364 -601/-48/-371 -602/-48/-524 
f -588/-46/-369 -590/-46/-521 -602/-48/-524 -603/-48/-377 
f -590/-46/-521 -588/-46/-369 -587/-45/-368 -586/-45/-518 
f -589/-46/-364 -590/-46/-521 -586/-45/-518 -585/-45/-363 
f -584/-43/-362 -583/-43/-361 -582/-42/-360 -581/-42/-359 
f -580/-43/-515 -584/-43/-362 -581/-42/-359 -579/-42/-358 
f -584/-43/-362 -580/-43/-515 -595/-45/-518 -597/-45/-367 
f -583/-43/-361 -584/-43/-362 -597/-45/-367 -598/-45/-368 
f -578/-43/-357 -577/-43/-511 -591/-45/-516 -592/-45/-365 
f -891/-43/-615 -578/-43/-357 -592/-45/-365 -896/-45/-620 
f -578/-43/-357 -891/-43/-615 -892/-42/-616 -576/-42/-356 
f -577/-43/-511 -578/-43/-357 -576/-42/-356 -575/-42/-510 
f -574/-43/-515 -573/-43/-355 -585/-45/-363 -586/-45/-518 
f -572/-43/-361 -574/-43/-515 -586/-45/-518 -587/-45/-368 
f -574/-43/-515 -572/-43/-361 -571/-42/-360 -570/-42/-512 
f -573/-43/-355 -574/-43/-515 -570/-42/-512 -569/-42/-354 
f -568/-40/-353 -567/-40/-352 -566/-39/-351 -565/-39/-350 
f -564/-40/-349 -568/-40/-353 -565/-39/-350 -563/-39/-348 
f -568/-40/-353 -564/-40/-349 -579/-42/-358 -581/-42/-359 
f -567/-40/-352 -568/-40/-353 -581/-42/-359 -582/-42/-360 
f -562/-40/-347 -561/-40/-505 -575/-42/-510 -576/-42/-356 
f -887/-40/-611 -562/-40/-347 -576/-42/-356 -892/-42/-616 
f -562/-40/-347 -887/-40/-611 -888/-39/-612 -560/-39/-346 
f -561/-40/-505 -562/-40/-347 -560/-39/-346 -559/-39/-504 
f -558/-40/-509 -557/-40/-345 -569/-42/-354 -570/-42/-512 
f -556/-40/-352 -558/-40/-509 -570/-42/-512 -571/-42/-360 
f -558/-40/-509 -556/-40/-352 -555/-39/-351 -554/-39/-506 
f -557/-40/-345 -558/-40/-509 -554/-39/-506 -553/-39/-344 
f -552/-37/-343 -551/-37/-342 -550/-36/-341 -549/-36/-340 
f -548/-37/-339 -552/-37/-343 -549/-36/-340 -547/-36/-500 
f -552/-37/-343 -548/-37/-339 -563/-39/-348 -565/-39/-350 
f -551/-37/-342 -552/-37/-343 -565/-39/-350 -566/-39/-351 
f -546/-37/-338 -545/-37/-499 -559/-39/-504 -560/-39/-346 
f -883/-37/-607 -546/-37/-338 -560/-39/-346 -888/-39/-612 
f -546/-37/-338 -883/-37/-607 -884/-36/-608 -544/-36/-337 
f -545/-37/-499 -546/-37/-338 -544/-36/-337 -543/-36/-498 
f -542/-37/-503 -541/-37/-336 -553/-39/-344 -554/-39/-506 
f -540/-37/-342 -542/-37/-503 -554/-39/-506 -555/-39/-351 
f -542/-37/-503 -540/-37/-342 -539/-36/-341 -538/-36/-500 
f -541/-37/-336 -542/-37/-503 -538/-36/-500 -537/-36/-335 
f -536/-34/-334 -535/-34/-333 -534/-33/-332 -533/-33/-331 
f -532/-34/-497 -536/-34/-334 -533/-33/-331 -531/-33/-330 
f -536/-34/-334 -532/-34/-497 -547/-36/-500 -549/-36/-340 
f -535/-34/-333 -536/-34/-334 -549/-36/-340 -550/-36/-341 
f -530/-34/-329 -529/-34/-493 -543/-36/-498 -544/-36/-337 
f -879/-34/-603 -530/-34/-329 -544/-36/-337 -884/-36/-608 
f -530/-34/-329 -879/-34/-603 -880/-33/-604 -528/-33/-328 
f -529/-34/-493 -530/-34/-329 -528/-33/-328 -527/-33/-492 
f -526/-34/-497 -525/-34/-327 -537/-36/-335 -538/-36/-500 
f -524/-34/-333 -526/-34/-497 -538/-36/-500 -539/-36/-341 
f -526/-34/-497 -524/-34/-333 -523/-33/-332 -522/-33/-326 
f -525/-34/-327 -526/-34/-497 -522/-33/-326 -521/-33/-325 
f -520/-31/-324 -519/-31/-323 -518/-30/-322 -517/-30/-321 
f -516/-31/-320 -520/-31/-324 -517/-30/-321 -515/-30/-319 
f -520/-31/-324 -516/-31/-320 -531/-33/-330 -533/-33/-331 
f -519/-31/-323 -520/-31/-324 -533/-33/-331 -534/-33/-332 
f -514/-31/-318 -513/-31/-487 -527/-33/-492 -528/-33/-328 
f -875/-31/-599 -514/-31/-318 -528/-33/-328 -880/-33/-604 
f -514/-31/-318 -875/-31/-599 -876/-30/-600 -512/-30/-317 
f -513/-31/-487 -514/-31/-318 -512/-30/-317 -511/-30/-486 
f -510/-31/-491 -509/-31/-316 -521/-33/-325 -522/-33/-326 
f -508/-31/-323 -510/-31/-491 -522/-33/-326 -523/-33/-332 
f -510/-31/-491 -508/-31/-323 -507/-30/-322 -506/-30/-488 
f -509/-31/-316 -510/-31/-491 -506/-30/-488 -505/-30/-315 
f -504/-28/-314 -503/-28/-313 -502/-27/-312 -501/-27/-311 
f -500/-28/-310 -504/-28/-314 -501/-27/-311 -499/-27/-309 
f -504/-28/-314 -500/-28/-310 -515/-30/-319 -517/-30/-321 
f -503/-28/-313 -504/-28/-314 -517/-30/-321 -518/-30/-322 
f -498/-28/-308 -497/-28/-481 -511/-30/-486 -512/-30/-317 
f -871/-28/-595 -498/-28/-308 -512/-30/-317 -876/-30/-600 
f -498/-28/-308 -871/-28/-595 -872/-27/-596 -496/-27/-307 
f -497/-28/-481 -498/-28/-308 -496/-27/-307 -495/-27/-480 
f -494/-28/-485 -493/-28/-306 -505/-30/-315 -506/-30/-488 
f -492/-28/-313 -494/-28/-485 -506/-30/-488 -507/-30/-322 
f -494/-28/-485 -492/-28/-313 -491/-27/-312 -490/-27/-482 
f -493/-28/-306 -494/-28/-485 -490/-27/-482 -489/-27/-305 
f -488/-25/-304 -487/-25/-303 -486/-24/-302 -485/-24/-301 
f -484/-25/-479 -488/-25/-304 -485/-24/-301 -483/-24/-476 
f -488/-25/-304 -484/-25/-479 -499/-27/-309 -501/-27/-311 
f -487/-25/-303 -488/-25/-304 -501/-27/-311 -502/-27/-312 
f -482/-25/-300 -481/-25/-475 -495/-27/-480 -496/-27/-307 
f -867/-25/-591 -482/-25/-300 -496/-27/-307 -872/-27/-596 
f -482/-25/-300 -867/-25/-591 -868/-24/-592 -480/-24/-299 
f -481/-25/-475 -482/-25/-300 -480/-24/-299 -479/-24/-474 
f -478/-25/-479 -477/-25/-298 -489/-27/-305 -490/-27/-482 
f -476/-25/-303 -478/-25/-479 -490/-27/-482 -491/-27/-312 
f -478/-25/-479 -476/-25/-303 -475/-24/-302 -474/-24/-476 
f -477/-25/-298 -478/-25/-479 -474/-24/-476 -473/-24/-297 
f -472/-22/-296 -471/-22/-295 -470/-21/-294 -469/-21/-293 
f -468/-22/-473 -472/-22/-296 -469/-21/-293 -467/-21/-470 
f -472/-22/-296 -468/-22/-473 -483/-24/-476 -485/-24/-301 
f -471/-22/-295 -472/-22/-296 -485/-24/-301 -486/-24/-302 
f -466/-22/-292 -465/-22/-469 -479/-24/-474 -480/-24/-299 
f -863/-22/-587 -466/-22/-292 -480/-24/-299 -868/-24/-592 
f -466/-22/-292 -863/-22/-587 -864/-21/-588 -464/-21/-291 
f -465/-22/-469 -466/-22/-292 -464/-21/-291 -463/-21/-468 
f -462/-22/-473 -461/-22/-290 -473/-24/-297 -474/-24/-476 
f -460/-22/-295 -462/-22/-473 -474/-24/-476 -475/-24/-302 
f -462/-22/-473 -460/-22/-295 -459/-21/-294 -458/-21/-470 
f -461/-22/-290 -462/-22/-473 -458/-21/-470 -457/-21/-289 
f -456/-19/-288 -455/-19/-287 -454/-18/-286 -453/-18/-285 
f -452/-19/-284 -456/-19/-288 -453/-18/-285 -451/-18/-283 
f -456/-19/-288 -452/-19/-284 -467/-21/-470 -469/-21/-293 
f -455/-19/-287 -456/-19/-288 -469/-21/-293 -470/-21/-294 
f -450/-19/-282 -449/-19/-463 -463/-21/-468 -464/-21/-291 
f -859/-19/-583 -450/-19/-282 -464/-21/-291 -864/-21/-588 
f -450/-19/-282 -859/-19/-583 -860/-18/-584 -448/-18/-281 
f -449/-19/-463 -450/-19/-282 -448/-18/-281 -447/-18/-462 
f -446/-19/-467 -445/-19/-280 -457/-21/-289 -458/-21/-470 
f -444/-19/-287 -446/-19/-467 -458/-21/-470 -459/-21/-294 
f -446/-19/-467 -444/-19/-287 -443/-18/-286 -442/-18/-464 
f -445/-19/-280 -446/-19/-467 -442/-18/-464 -441/-18/-279 
f -440/-16/-278 -439/-16/-277 -438/-15/-276 -437/-15/-275 
f -436/-16/-274 -440/-16/-278 -437/-15/-275 -435/-15/-273 
f -440/-16/-278 -436/-16/-274 -451/-18/-283 -453/-18/-285 
f -439/-16/-277 -440/-16/-278 -453/-18/-285 -454/-18/-286 
f -434/-16/-272 -433/-16/-457 -447/-18/-462 -448/-18/-281 
f -855/-16/-579 -434/-16/-272 -448/-18/-281 -860/-18/-584 
f -434/-16/-272 -855/-16/-579 -856/-15/-580 -432/-15/-271 
f -433/-16/-457 -434/-16/-272 -432/-15/-271 -431/-15/-456 
f -430/-16/-461 -429/-16/-270 -441/-18/-279 -442/-18/-464 
f -428/-16/-277 -430/-16/-461 -442/-18/-464 -443/-18/-286 
f -430/-16/-461 -428/-16/-277 -427/-15/-276 -426/-15/-458 
f -429/-16/-270 -430/-16/-461 -426/-15/-458 -425/-15/-269 
f -424/-13/-268 -423/-13/-267 -422/-12/-266 -421/-12/-265 
f -420/-13/-264 -424/-13/-268 -421/-12/-265 -419/-12/-452 
f -424/-13/-268 -420/-13/-264 -435/-15/-273 -437/-15/-275 
f -423/-13/-267 -424/-13/-268 -437/-15/-275 -438/-15/-276 
f -418/-13/-263 -417/-13/-451 -431/-15/-456 -432/-15/-271 
f -851/-13/-575 -418/-13/-263 -432/-15/-271 -856/-15/-580 
f -418/-13/-263 -851/-13/-575 -852/-12/-576 -416/-12/-262 
f -417/-13/-451 -418/-13/-263 -416/-12/-262 -415/-12/-450 
f -414/-13/-455 -413/-13/-261 -425/-15/-269 -426/-15/-458 
f -412/-13/-267 -414/-13/-455 -426/-15/-458 -427/-15/-276 
f -414/-13/-455 -412/-13/-267 -411/-12/-266 -410/-12/-452 
f -413/-13/-261 -414/-13/-455 -410/-12/-452 -409/-12/-260 
f -408/-10/-259 -407/-10/-258 -406/-9/-257 -405/-9/-256 
f -404/-10/-449 -408/-10/-259 -405/-9/-256 -403/-9/-255 
f -408/-10/-259 -404/-10/-449 -419/-12/-452 -421/-12/-265 
f -407/-10/-258 -408/-10/-259 -421/-12/-265 -422/-12/-266 
f -402/-10/-254 -401/-10/-445 -415/-12/-450 -416/-12/-262 
f -847/-10/-571 -402/-10/-254 -416/-12/-262 -852/-12/-576 
f -402/-10/-254 -847/-10/-571 -848/-9/-572 -400/-9/-253 
f -401/-10/-445 -402/-10/-254 -400/-9/-253 -399/-9/-444 
f -398/-10/-449 -397/-10/-252 -409/-12/-260 -410/-12/-452 
f -396/-10/-258 -398/-10/-449 -410/-12/-452 -411/-12/-266 
f -398/-10/-449 -396/-10/-258 -395/-9/-257 -394/-9/-255 
f -397/-10/-252 -398/-10/-449 -394/-9/-255 -393/-9/-251 
f -392/-7/-250 -391/-7/-249 -390/-6/-248 -389/-6/-247 
f -388/-7/-443 -392/-7/-250 -389/-6/-247 -387/-6/-440 
f -392/-7/-250 -388/-7/-443 -403/-9/-255 -405/-9/-256 
f -391/-7/-249 -392/-7/-250 -405/-9/-256 -406/-9/-257 
f -386/-7/-246 -385/-7/-439 -399/-9/-444 -400/-9/-253 
f -843/-7/-567 -386/-7/-246 -400/-9/-253 -848/-9/-572 
f -386/-7/-246 -843/-7/-567 -844/-6/-568 -384/-6/-245 
f -385/-7/-439 -386/-7/-246 -384/-6/-245 -383/-6/-438 
f -382/-7/-443 -381/-7/-244 -393/-9/-251 -394/-9/-255 
f -380/-7/-249 -382/-7/-443 -394/-9/-255 -395/-9/-257 
f -382/-7/-443 -380/-7/-249 -379/-6/-248 -378/-6/-440 
f -381/-7/-244 -382/-7/-443 -378/-6/-440 -377/-6/-243 
f -376/-4/-242 -375/-4/-241 -374/-3/-240 -373/-3/-239 
f -372/-4/-437 -376/-4/-242 -373/-3/-239 -371/-3/-434 
f -376/-4/-242 -372/-4/-437 -387/-6/-440 -389/-6/-247 
f -375/-4/-241 -376/-4/-242 -389/-6/-247 -390/-6/-248 
f -370/-4/-238 -369/-4/-433 -383/-6/-438 -384/-6/-245 
f -839/-4/-563 -370/-4/-238 -384/-6/-245 -844/-6/-568 
f -370/-4/-238 -839/-4/-563 -840/-3/-564 -368/-3/-237 
f -369/-4/-433 -370/-4/-238 -368/-3/-237 -367/-3/-432 
f -366/-4/-437 -365/-4/-236 -377/-6/-243 -378/-6/-440 
f -364/-4/-241 -366/-4/-437 -378/-6/-440 -379/-6/-248 
f -366/-4/-437 -364/-4/-241 -363/-3/-240 -362/-3/-434 
f -365/-4/-236 -366/-4/-437 -362/-3/-434 -361/-3/-235 
f -360/-1/-234 -359/-1/-233 -696/-65/-420 -697/-65/-421 
f -358/-1/-431 -360/-1/-234 -697/-65/-421 -698/-65/-422 
f -360/-1/-234 -358/-1/-431 -371/-3/-434 -373/-3/-239 
f -359/-1/-233 -360/-1/-234 -373/-3/-239 -374/-3/-240 
f -357/-1/-232 -356/-1/-429 -367/-3/-432 -368/-3/-237 
f -837/-1/-561 -357/-1/-232 -368/-3/-237 -840/-3/-564 
f -357/-1/-232 -837/-1/-561 -919/-65/-643 -692/-65/-418 
f -356/-1/-429 -357/-1/-232 -692/-65/-418 -693/-65/-554 
f -355/-1/-431 -354/-1/-231 -361/-3/-235 -362/-3/-434 
f -353/-1/-233 -355/-1/-431 -362/-3/-434 -363/-3/-240 
f -355/-1/-431 -353/-1/-233 -684/-65/-420 -686/-65/-553 
f -354/-1/-231 -355/-1/-431 -686/-65/-553 -687/-65/-415 
f -352/-66/-230 -351/-65/-229 -830/-65/-554 -832/-66/-556 
f -350/-63/-228 -352/-66/-230 -832/-66/-556 -831/-63/-555 
f -352/-66/-230 -350/-63/-228 -702/-63/-426 -703/-66/-427 
f -351/-65/-229 -352/-66/-230 -703/-66/-427 -696/-65/-420 
f -349/-61/-227 -350/-63/-228 -831/-63/-555 -823/-61/-547 
f -348/-60/-226 -349/-61/-227 -823/-61/-547 -822/-60/-546 
f -349/-61/-227 -348/-60/-226 -678/-60/-411 -679/-61/-412 
f -350/-63/-228 -349/-61/-227 -679/-61/-412 -702/-63/-426 
f -347/-58/-225 -348/-60/-226 -822/-60/-546 -817/-58/-541 
f -346/-57/-224 -347/-58/-225 -817/-58/-541 -816/-57/-540 
f -347/-58/-225 -346/-57/-224 -662/-57/-401 -663/-58/-402 
f -348/-60/-226 -347/-58/-225 -663/-58/-402 -678/-60/-411 
f -345/-55/-223 -346/-57/-224 -816/-57/-540 -811/-55/-535 
f -344/-54/-222 -345/-55/-223 -811/-55/-535 -810/-54/-534 
f -345/-55/-223 -344/-54/-222 -646/-54/-393 -647/-55/-394 
f -346/-57/-224 -345/-55/-223 -647/-55/-394 -662/-57/-401 
f -343/-52/-221 -344/-54/-222 -810/-54/-534 -805/-52/-529 
f -342/-51/-220 -343/-52/-221 -805/-52/-529 -804/-51/-528 
f -343/-52/-221 -342/-51/-220 -630/-51/-385 -631/-52/-386 
f -344/-54/-222 -343/-52/-221 -631/-52/-386 -646/-54/-393 
f -341/-49/-219 -342/-51/-220 -804/-51/-528 -799/-49/-523 
f -340/-48/-218 -341/-49/-219 -799/-49/-523 -798/-48/-522 
f -341/-49/-219 -340/-48/-218 -614/-48/-377 -615/-49/-378 
f -342/-51/-220 -341/-49/-219 -615/-49/-378 -630/-51/-385 
f -339/-46/-217 -340/-48/-218 -798/-48/-522 -793/-46/-517 
f -338/-45/-216 -339/-46/-217 -793/-46/-517 -792/-45/-516 
f -339/-46/-217 -338/-45/-216 -598/-45/-368 -599/-46/-369 
f -340/-48/-218 -339/-46/-217 -599/-46/-369 -614/-48/-377 
f -337/-43/-215 -338/-45/-216 -792/-45/-516 -787/-43/-511 
f -336/-42/-214 -337/-43/-215 -787/-43/-511 -786/-42/-510 
f -337/-43/-215 -336/-42/-214 -582/-42/-360 -583/-43/-361 
f -338/-45/-216 -337/-43/-215 -583/-43/-361 -598/-45/-368 
f -335/-40/-213 -336/-42/-214 -786/-42/-510 -781/-40/-505 
f -334/-39/-212 -335/-40/-213 -781/-40/-505 -780/-39/-504 
f -335/-40/-213 -334/-39/-212 -566/-39/-351 -567/-40/-352 
f -336/-42/-214 -335/-40/-213 -567/-40/-352 -582/-42/-360 
f -333/-37/-211 -334/-39/-212 -780/-39/-504 -775/-37/-499 
f -332/-36/-210 -333/-37/-211 -775/-37/-499 -774/-36/-498 
f -333/-37/-211 -332/-36/-210 -550/-36/-341 -551/-37/-342 
f -334/-39/-212 -333/-37/-211 -551/-37/-342 -566/-39/-351 
f -331/-34/-209 -332/-36/-210 -774/-36/-498 -769/-34/-493 
f -330/-33/-208 -331/-34/-209 -769/-34/-493 -768/-33/-492 
f -331/-34/-209 -330/-33/-208 -534/-33/-332 -535/-34/-333 
f -332/-36/-210 -331/-34/-209 -535/-34/-333 -550/-36/-341 
f -329/-31/-207 -330/-33/-208 -768/-33/-492 -763/-31/-487 
f -328/-30/-206 -329/-31/-207 -763/-31/-487 -762/-30/-486 
f -329/-31/-207 -328/-30/-206 -518/-30/-322 -519/-31/-323 
f -330/-33/-208 -329/-31/-207 -519/-31/-323 -534/-33/-332 
f -327/-28/-205 -328/-30/-206 -762/-30/-486 -757/-28/-481 
f -326/-27/-204 -327/-28/-205 -757/-28/-481 -756/-27/-480 
f -327/-28/-205 -326/-27/-204 -502/-27/-312 -503/-28/-313 
f -328/-30/-206 -327/-28/-205 -503/-28/-313 -518/-30/-322 
f -325/-25/-203 -326/-27/-204 -756/-27/-480 -751/-25/-475 
f -324/-24/-202 -325/-25/-203 -751/-25/-475 -750/-24/-474 
f -325/-25/-203 -324/-24/-202 -486/-24/-302 -487/-25/-303 
f -326/-27/-204 -325/-25/-203 -487/-25/-303 -502/-27/-312 
f -323/-22/-201 -324/-24/-202 -750/-24/-474 -745/-22/-469 
f -322/-21/-200 -323/-22/-201 -745/-22/-469 -744/-21/-468 
f -323/-22/-201 -322/-21/-200 -470/-21/-294 -471/-22/-295 
f -324/-24/-202 -323/-22/-201 -471/-22/-295 -486/-24/-302 
f -321/-19/-199 -322/-21/-200 -744/-21/-468 -739/-19/-463 
f -320/-18/-198 -321/-19/-199 -739/-19/-463 -738/-18/-462 
f -321/-19/-199 -320/-18/-198 -454/-18/-286 -455/-19/-287 
f -322/-21/-200 -321/-19/-199 -455/-19/-287 -470/-21/-294 
f -319/-16/-197 -320/-18/-198 -738/-18/-462 -733/-16/-457 
f -318/-15/-196 -319/-16/-197 -733/-16/-457 -732/-15/-456 
f -319/-16/-197 -318/-15/-196 -438/-15/-276 -439/-16/-277 
f -320/-18/-198 -319/-16/-197 -439/-16/-277 -454/-18/-286 
f -317/-13/-195 -318/-15/-196 -732/-15/-456 -727/-13/-451 
f -316/-12/-194 -317/-13/-195 -727/-13/-451 -726/-12/-450 
f -317/-13/-195 -316/-12/-194 -422/-12/-266 -423/-13/-267 
f -318/-15/-196 -317/-13/-195 -423/-13/-267 -438/-15/-276 
f -315/-10/-193 -316/-12/-194 -726/-12/-450 -721/-10/-445 
f -314/-9/-192 -315/-10/-193 -721/-10/-445 -720/-9/-444 
f -315/-10/-193 -314/-9/-192 -406/-9/-257 -407/-10/-258 
f -316/-12/-194 -315/-10/-193 -407/-10/-258 -422/-12/-266 
f -313/-7/-191 -314/-9/-192 -720/-9/-444 -715/-7/-439 
f -312/-6/-190 -313/-7/-191 -715/-7/-439 -714/-6/-438 
f -313/-7/-191 -312/-6/-190 -390/-6/-248 -391/-7/-249 
f -314/-9/-192 -313/-7/-191 -391/-7/-249 -406/-9/-257 
f -311/-4/-189 -312/-6/-190 -714/-6/-438 -709/-4/-433 
f -310/-3/-188 -311/-4/-189 -709/-4/-433 -708/-3/-432 
f -311/-4/-189 -310/-3/-188 -374/-3/-240 -375/-4/-241 
f -312/-6/-190 -311/-4/-189 -375/-4/-241 -390/-6/-248 
f -309/-1/-187 -310/-3/-188 -708/-3/-432 -705/-1/-429 
f -351/-65/-229 -309/-1/-187 -705/-1/-429 -830/-65/-554 
f -309/-1/-187 -351/-65/-229 -696/-65/-420 -359/-1/-233 
f -310/-3/-188 -309/-1/-187 -359/-1/-233 -374/-3/-240 
f -308/-66/-230 -307/-65/-229 -693/-65/-554 -694/-66/-556 
f -306/-63/-228 -308/-66/-230 -694/-66/-556 -690/-63/-555 
f -308/-66/-230 -306/-63/-228 -683/-63/-426 -685/-66/-427 
f -307/-65/-229 -308/-66/-230 -685/-66/-427 -684/-65/-420 
f -305/-61/-227 -306/-63/-228 -690/-63/-555 -673/-61/-547 
f -304/-60/-226 -305/-61/-227 -673/-61/-547 -671/-60/-546 
f -305/-61/-227 -304/-60/-226 -667/-60/-411 -668/-61/-412 
f -306/-63/-228 -305/-61/-227 -668/-61/-412 -683/-63/-426 
f -303/-58/-225 -304/-60/-226 -671/-60/-546 -657/-58/-541 
f -302/-57/-224 -303/-58/-225 -657/-58/-541 -655/-57/-540 
f -303/-58/-225 -302/-57/-224 -651/-57/-401 -652/-58/-402 
f -304/-60/-226 -303/-58/-225 -652/-58/-402 -667/-60/-411 
f -301/-55/-223 -302/-57/-224 -655/-57/-540 -641/-55/-535 
f -300/-54/-222 -301/-55/-223 -641/-55/-535 -639/-54/-534 
f -301/-55/-223 -300/-54/-222 -635/-54/-393 -636/-55/-394 
f -302/-57/-224 -301/-55/-223 -636/-55/-394 -651/-57/-401 
f -299/-52/-221 -300/-54/-222 -639/-54/-534 -625/-52/-529 
f -298/-51/-220 -299/-52/-221 -625/-52/-529 -623/-51/-528 
f -299/-52/-221 -298/-51/-220 -619/-51/-385 -620/-52/-386 
f -300/-54/-222 -299/-52/-221 -620/-52/-386 -635/-54/-393 
f -297/-49/-219 -298/-51/-220 -623/-51/-528 -609/-49/-523 
f -296/-48/-218 -297/-49/-219 -609/-49/-523 -607/-48/-522 
f -297/-49/-219 -296/-48/-218 -603/-48/-377 -604/-49/-378 
f -298/-51/-220 -297/-49/-219 -604/-49/-378 -619/-51/-385 
f -295/-46/-217 -296/-48/-218 -607/-48/-522 -593/-46/-517 
f -294/-45/-216 -295/-46/-217 -593/-46/-517 -591/-45/-516 
f -295/-46/-217 -294/-45/-216 -587/-45/-368 -588/-46/-369 
f -296/-48/-218 -295/-46/-217 -588/-46/-369 -603/-48/-377 
f -293/-43/-215 -294/-45/-216 -591/-45/-516 -577/-43/-511 
f -292/-42/-214 -293/-43/-215 -577/-43/-511 -575/-42/-510 
f -293/-43/-215 -292/-42/-214 -571/-42/-360 -572/-43/-361 
f -294/-45/-216 -293/-43/-215 -572/-43/-361 -587/-45/-368 
f -291/-40/-213 -292/-42/-214 -575/-42/-510 -561/-40/-505 
f -290/-39/-212 -291/-40/-213 -561/-40/-505 -559/-39/-504 
f -291/-40/-213 -290/-39/-212 -555/-39/-351 -556/-40/-352 
f -292/-42/-214 -291/-40/-213 -556/-40/-352 -571/-42/-360 
f -289/-37/-211 -290/-39/-212 -559/-39/-504 -545/-37/-499 
f -288/-36/-210 -289/-37/-211 -545/-37/-499 -543/-36/-498 
f -289/-37/-211 -288/-36/-210 -539/-36/-341 -540/-37/-342 
f -290/-39/-212 -289/-37/-211 -540/-37/-342 -555/-39/-351 
f -287/-34/-209 -288/-36/-210 -543/-36/-498 -529/-34/-493 
f -286/-33/-208 -287/-34/-209 -529/-34/-493 -527/-33/-492 
f -287/-34/-209 -286/-33/-208 -523/-33/-332 -524/-34/-333 
f -288/-36/-210 -287/-34/-209 -524/-34/-333 -539/-36/-341 
f -285/-31/-207 -286/-33/-208 -527/-33/-492 -513/-31/-487 
f -284/-30/-206 -285/-31/-207 -513/-31/-487 -511/-30/-486 
f -285/-31/-207 -284/-30/-206 -507/-30/-322 -508/-31/-323 
f -286/-33/-208 -285/-31/-207 -508/-31/-323 -523/-33/-332 
f -283/-28/-205 -284/-30/-206 -511/-30/-486 -497/-28/-481 
f -282/-27/-204 -283/-28/-205 -497/-28/-481 -495/-27/-480 
f -283/-28/-205 -282/-27/-204 -491/-27/-312 -492/-28/-313 
f -284/-30/-206 -283/-28/-205 -492/-28/-313 -507/-30/-322 
f -281/-25/-203 -282/-27/-204 -495/-27/-480 -481/-25/-475 
f -280/-24/-202 -281/-25/-203 -481/-25/-475 -479/-24/-474 
f -281/-25/-203 -280/-24/-202 -475/-24/-302 -476/-25/-303 
f -282/-27/-204 -281/-25/-203 -476/-25/-303 -491/-27/-312 
f -279/-22/-201 -280/-24/-202 -479/-24/-474 -465/-22/-469 
f -278/-21/-200 -279/-22/-201 -465/-22/-469 -463/-21/-468 
f -279/-22/-201 -278/-21/-200 -459/-21/-294 -460/-22/-295 
f -280/-24/-202 -279/-22/-201 -460/-22/-295 -475/-24/-302 
f -277/-19/-199 -278/-21/-200 -463/-21/-468 -449/-19/-463 
f -276/-18/-198 -277/-19/-199 -449/-19/-463 -447/-18/-462 
f -277/-19/-199 -276/-18/-198 -443/-18/-286 -444/-19/-287 
f -278/-21/-200 -277/-19/-199 -444/-19/-287 -459/-21/-294 
f -275/-16/-197 -276/-18/-198 -447/-18/-462 -433/-16/-457 
f -274/-15/-196 -275/-16/-197 -433/-16/-457 -431/-15/-456 
f -275/-16/-197 -274/-15/-196 -427/-15/-276 -428/-16/-277 
f -276/-18/-198 -275/-16/-197 -428/-16/-277 -443/-18/-286 
f -273/-13/-195 -274/-15/-196 -431/-15/-456 -417/-13/-451 
f -272/-12/-194 -273/-13/-195 -417/-13/-451 -415/-12/-450 
f -273/-13/-195 -272/-12/-194 -411/-12/-266 -412/-13/-267 
f -274/-15/-196 -273/-13/-195 -412/-13/-267 -427/-15/-276 
f -271/-10/-193 -272/-12/-194 -415/-12/-450 -401/-10/-445 
f -270/-9/-192 -271/-10/-193 -401/-10/-445 -399/-9/-444 
f -271/-10/-193 -270/-9/-192 -395/-9/-257 -396/-10/-258 
f -272/-12/-194 -271/-10/-193 -396/-10/-258 -411/-12/-266 
f -269/-7/-191 -270/-9/-192 -399/-9/-444 -385/-7/-439 
f -268/-6/-190 -269/-7/-191 -385/-7/-439 -383/-6/-438 
f -269/-7/-191 -268/-6/-190 -379/-6/-248 -380/-7/-249 
f -270/-9/-192 -269/-7/-191 -380/-7/-249 -395/-9/-257 
f -267/-4/-189 -268/-6/-190 -383/-6/-438 -369/-4/-433 
f -266/-3/-188 -267/-4/-189 -369/-4/-433 -367/-3/-432 
f -267/-4/-189 -266/-3/-188 -363/-3/-240 -364/-4/-241 
f -268/-6/-190 -267/-4/-189 -364/-4/-241 -379/-6/-248 
f -265/-1/-187 -266/-3/-188 -367/-3/-432 -356/-1/-429 
f -307/-65/-229 -265/-1/-187 -356/-1/-429 -693/-65/-554 
f -265/-1/-187 -307/-65/-229 -684/-65/-420 -353/-1/-233 
f -266/-3/-188 -265/-1/-187 -353/-1/-233 -363/-3/-240 
f -264/-66/-186 -263/-63/-185 -834/-63/-558 -835/-66/-559 
f -262/-65/-184 -264/-66/-186 -835/-66/-559 -828/-65/-552 
f -264/-66/-186 -262/-65/-184 -687/-65/-415 -688/-66/-416 
f -263/-63/-185 -264/-66/-186 -688/-66/-416 -681/-63/-414 
f -261/-1/-183 -262/-65/-184 -828/-65/-552 -706/-1/-430 
f -260/-3/-182 -261/-1/-183 -706/-1/-430 -711/-3/-435 
f -261/-1/-183 -260/-3/-182 -361/-3/-235 -354/-1/-231 
f -262/-65/-184 -261/-1/-183 -354/-1/-231 -687/-65/-415 
f -259/-4/-181 -260/-3/-182 -711/-3/-435 -712/-4/-436 
f -258/-6/-180 -259/-4/-181 -712/-4/-436 -717/-6/-441 
f -259/-4/-181 -258/-6/-180 -377/-6/-243 -365/-4/-236 
f -260/-3/-182 -259/-4/-181 -365/-4/-236 -361/-3/-235 
f -257/-7/-179 -258/-6/-180 -717/-6/-441 -718/-7/-442 
f -256/-9/-178 -257/-7/-179 -718/-7/-442 -723/-9/-447 
f -257/-7/-179 -256/-9/-178 -393/-9/-251 -381/-7/-244 
f -258/-6/-180 -257/-7/-179 -381/-7/-244 -377/-6/-243 
f -255/-10/-177 -256/-9/-178 -723/-9/-447 -724/-10/-448 
f -254/-12/-176 -255/-10/-177 -724/-10/-448 -729/-12/-453 
f -255/-10/-177 -254/-12/-176 -409/-12/-260 -397/-10/-252 
f -256/-9/-178 -255/-10/-177 -397/-10/-252 -393/-9/-251 
f -253/-13/-175 -254/-12/-176 -729/-12/-453 -730/-13/-454 
f -252/-15/-174 -253/-13/-175 -730/-13/-454 -735/-15/-459 
f -253/-13/-175 -252/-15/-174 -425/-15/-269 -413/-13/-261 
f -254/-12/-176 -253/-13/-175 -413/-13/-261 -409/-12/-260 
f -251/-16/-173 -252/-15/-174 -735/-15/-459 -736/-16/-460 
f -250/-18/-172 -251/-16/-173 -736/-16/-460 -741/-18/-465 
f -251/-16/-173 -250/-18/-172 -441/-18/-279 -429/-16/-270 
f -252/-15/-174 -251/-16/-173 -429/-16/-270 -425/-15/-269 
f -249/-19/-171 -250/-18/-172 -741/-18/-465 -742/-19/-466 
f -248/-21/-170 -249/-19/-171 -742/-19/-466 -747/-21/-471 
f -249/-19/-171 -248/-21/-170 -457/-21/-289 -445/-19/-280 
f -250/-18/-172 -249/-19/-171 -445/-19/-280 -441/-18/-279 
f -247/-22/-169 -248/-21/-170 -747/-21/-471 -748/-22/-472 
f -246/-24/-168 -247/-22/-169 -748/-22/-472 -753/-24/-477 
f -247/-22/-169 -246/-24/-168 -473/-24/-297 -461/-22/-290 
f -248/-21/-170 -247/-22/-169 -461/-22/-290 -457/-21/-289 
f -245/-25/-167 -246/-24/-168 -753/-24/-477 -754/-25/-478 
f -244/-27/-166 -245/-25/-167 -754/-25/-478 -759/-27/-483 
f -245/-25/-167 -244/-27/-166 -489/-27/-305 -477/-25/-298 
f -246/-24/-168 -245/-25/-167 -477/-25/-298 -473/-24/-297 
f -243/-28/-165 -244/-27/-166 -759/-27/-483 -760/-28/-484 
f -242/-30/-164 -243/-28/-165 -760/-28/-484 -765/-30/-489 
f -243/-28/-165 -242/-30/-164 -505/-30/-315 -493/-28/-306 
f -244/-27/-166 -243/-28/-165 -493/-28/-306 -489/-27/-305 
f -241/-31/-163 -242/-30/-164 -765/-30/-489 -766/-31/-490 
f -240/-33/-162 -241/-31/-163 -766/-31/-490 -771/-33/-495 
f -241/-31/-163 -240/-33/-162 -521/-33/-325 -509/-31/-316 
f -242/-30/-164 -241/-31/-163 -509/-31/-316 -505/-30/-315 
f -239/-34/-161 -240/-33/-162 -771/-33/-495 -772/-34/-496 
f -238/-36/-160 -239/-34/-161 -772/-34/-496 -777/-36/-501 
f -239/-34/-161 -238/-36/-160 -537/-36/-335 -525/-34/-327 
f -240/-33/-162 -239/-34/-161 -525/-34/-327 -521/-33/-325 
f -237/-37/-159 -238/-36/-160 -777/-36/-501 -778/-37/-502 
f -236/-39/-158 -237/-37/-159 -778/-37/-502 -783/-39/-507 
f -237/-37/-159 -236/-39/-158 -553/-39/-344 -541/-37/-336 
f -238/-36/-160 -237/-37/-159 -541/-37/-336 -537/-36/-335 
f -235/-40/-157 -236/-39/-158 -783/-39/-507 -784/-40/-508 
f -234/-42/-156 -235/-40/-157 -784/-40/-508 -789/-42/-513 
f -235/-40/-157 -234/-42/-156 -569/-42/-354 -557/-40/-345 
f -236/-39/-158 -235/-40/-157 -557/-40/-345 -553/-39/-344 
f -233/-43/-155 -234/-42/-156 -789/-42/-513 -790/-43/-514 
f -232/-45/-154 -233/-43/-155 -790/-43/-514 -795/-45/-519 
f -233/-43/-155 -232/-45/-154 -585/-45/-363 -573/-43/-355 
f -234/-42/-156 -233/-43/-155 -573/-43/-355 -569/-42/-354 
f -231/-46/-153 -232/-45/-154 -795/-45/-519 -796/-46/-520 
f -230/-48/-152 -231/-46/-153 -796/-46/-520 -801/-48/-525 
f -231/-46/-153 -230/-48/-152 -601/-48/-371 -589/-46/-364 
f -232/-45/-154 -231/-46/-153 -589/-46/-364 -585/-45/-363 
f -229/-49/-151 -230/-48/-152 -801/-48/-525 -802/-49/-526 
f -228/-51/-150 -229/-49/-151 -802/-49/-526 -807/-51/-531 
f -229/-49/-151 -228/-51/-150 -617/-51/-380 -605/-49/-372 
f -230/-48/-152 -229/-49/-151 -605/-49/-372 -601/-48/-371 
f -227/-52/-149 -228/-51/-150 -807/-51/-531 -808/-52/-532 
f -226/-54/-148 -227/-52/-149 -808/-52/-532 -813/-54/-537 
f -227/-52/-149 -226/-54/-148 -633/-54/-388 -621/-52/-381 
f -228/-51/-150 -227/-52/-149 -621/-52/-381 -617/-51/-380 
f -225/-55/-147 -226/-54/-148 -813/-54/-537 -814/-55/-538 
f -224/-57/-146 -225/-55/-147 -814/-55/-538 -819/-57/-543 
f -225/-55/-147 -224/-57/-146 -649/-57/-396 -637/-55/-389 
f -226/-54/-148 -225/-55/-147 -637/-55/-389 -633/-54/-388 
f -223/-58/-145 -224/-57/-146 -819/-57/-543 -820/-58/-544 
f -222/-60/-144 -223/-58/-145 -820/-58/-544 -825/-60/-549 
f -223/-58/-145 -222/-60/-144 -665/-60/-404 -653/-58/-397 
f -224/-57/-146 -223/-58/-145 -653/-58/-397 -649/-57/-396 
f -221/-61/-143 -222/-60/-144 -825/-60/-549 -826/-61/-550 
f -263/-63/-185 -221/-61/-143 -826/-61/-550 -834/-63/-558 
f -221/-61/-143 -263/-63/-185 -681/-63/-414 -669/-61/-405 
f -222/-60/-144 -221/-61/-143 -669/-61/-405 -665/-60/-404 
f -220/-66/-142 -219/-66/-141 -218/-63/-140 -217/-63/-139 
f -216/-66/-138 -220/-66/-142 -217/-63/-139 -215/-63/-138 
f -220/-66/-142 -216/-66/-138 -214/-65/-138 -213/-65/-137 
f -219/-66/-141 -220/-66/-142 -213/-65/-137 -212/-65/-136 
f -211/-61/-135 -210/-61/-134 -209/-60/-133 -208/-60/-132 
f -207/-61/-138 -211/-61/-135 -208/-60/-132 -206/-60/-138 
f -211/-61/-135 -207/-61/-138 -215/-63/-138 -217/-63/-139 
f -210/-61/-134 -211/-61/-135 -217/-63/-139 -218/-63/-140 
f -205/-58/-131 -204/-58/-130 -203/-57/-129 -202/-57/-128 
f -201/-58/-138 -205/-58/-131 -202/-57/-128 -200/-57/-138 
f -205/-58/-131 -201/-58/-138 -206/-60/-138 -208/-60/-132 
f -204/-58/-130 -205/-58/-131 -208/-60/-132 -209/-60/-133 
f -199/-55/-127 -198/-55/-126 -197/-54/-125 -196/-54/-124 
f -195/-55/-138 -199/-55/-127 -196/-54/-124 -194/-54/-138 
f -199/-55/-127 -195/-55/-138 -200/-57/-138 -202/-57/-128 
f -198/-55/-126 -199/-55/-127 -202/-57/-128 -203/-57/-129 
f -193/-52/-123 -192/-52/-122 -191/-51/-121 -190/-51/-120 
f -189/-52/-138 -193/-52/-123 -190/-51/-120 -188/-51/-138 
f -193/-52/-123 -189/-52/-138 -194/-54/-138 -196/-54/-124 
f -192/-52/-122 -193/-52/-123 -196/-54/-124 -197/-54/-125 
f -187/-49/-119 -186/-49/-118 -185/-48/-117 -184/-48/-116 
f -183/-49/-138 -187/-49/-119 -184/-48/-116 -182/-48/-138 
f -187/-49/-119 -183/-49/-138 -188/-51/-138 -190/-51/-120 
f -186/-49/-118 -187/-49/-119 -190/-51/-120 -191/-51/-121 
f -181/-46/-115 -180/-46/-114 -179/-45/-113 -178/-45/-112 
f -177/-46/-138 -181/-46/-115 -178/-45/-112 -176/-45/-138 
f -181/-46/-115 -177/-46/-138 -182/-48/-138 -184/-48/-116 
f -180/-46/-114 -181/-46/-115 -184/-48/-116 -185/-48/-117 
f -175/-43/-111 -174/-43/-110 -173/-42/-109 -172/-42/-108 
f -171/-43/-138 -175/-43/-111 -172/-42/-108 -170/-42/-138 
f -175/-43/-111 -171/-43/-138 -176/-45/-138 -178/-45/-112 
f -174/-43/-110 -175/-43/-111 -178/-45/-112 -179/-45/-113 
f -169/-40/-107 -168/-40/-106 -167/-39/-105 -166/-39/-104 
f -165/-40/-138 -169/-40/-107 -166/-39/-104 -164/-39/-138 
f -169/-40/-107 -165/-40/-138 -170/-42/-138 -172/-42/-108 
f -168/-40/-106 -169/-40/-107 -172/-42/-108 -173/-42/-109 
f -163/-37/-103 -162/-37/-102 -161/-36/-101 -160/-36/-100 
f -159/-37/-138 -163/-37/-103 -160/-36/-100 -158/-36/-138 
f -163/-37/-103 -159/-37/-138 -164/-39/-138 -166/-39/-104 
f -162/-37/-102 -163/-37/-103 -166/-39/-104 -167/-39/-105 
f -157/-34/-99 -156/-34/-98 -155/-33/-97 -154/-33/-96 
f -153/-34/-138 -157/-34/-99 -154/-33/-96 -152/-33/-138 
f -157/-34/-99 -153/-34/-138 -158/-36/-138 -160/-36/-100 
f -156/-34/-98 -157/-34/-99 -160/-36/-100 -161/-36/-101 
f -151/-31/-95 -150/-31/-94 -149/-30/-93 -148/-30/-92 
f -147/-31/-138 -151/-31/-95 -148/-30/-92 -146/-30/-138 
f -151/-31/-95 -147/-31/-138 -152/-33/-138 -154/-33/-96 
f -150/-31/-94 -151/-31/-95 -154/-33/-96 -155/-33/-97 
f -145/-28/-91 -144/-28/-90 -143/-27/-89 -142/-27/-88 
f -141/-28/-138 -145/-28/-91 -142/-27/-88 -140/-27/-138 
f -145/-28/-91 -141/-28/-138 -146/-30/-138 -148/-30/-92 
f -144/-28/-90 -145/-28/-91 -148/-30/-92 -149/-30/-93 
f -139/-25/-87 -138/-25/-86 -137/-24/-85 -136/-24/-84 
f -135/-25/-138 -139/-25/-87 -136/-24/-84 -134/-24/-138 
f -139/-25/-87 -135/-25/-138 -140/-27/-138 -142/-27/-88 
f -138/-25/-86 -139/-25/-87 -142/-27/-88 -143/-27/-89 
f -133/-22/-83 -132/-22/-82 -131/-21/-81 -130/-21/-80 
f -129/-22/-138 -133/-22/-83 -130/-21/-80 -128/-21/-138 
f -133/-22/-83 -129/-22/-138 -134/-24/-138 -136/-24/-84 
f -132/-22/-82 -133/-22/-83 -136/-24/-84 -137/-24/-85 
f -127/-19/-79 -126/-19/-78 -125/-18/-77 -124/-18/-76 
f -123/-19/-138 -127/-19/-79 -124/-18/-76 -122/-18/-138 
f -127/-19/-79 -123/-19/-138 -128/-21/-138 -130/-21/-80 
f -126/-19/-78 -127/-19/-79 -130/-21/-80 -131/-21/-81 
f -121/-16/-75 -120/-16/-74 -119/-15/-73 -118/-15/-72 
f -117/-16/-138 -121/-16/-75 -118/-15/-72 -116/-15/-138 
f -121/-16/-75 -117/-16/-138 -122/-18/-138 -124/-18/-76 
f -120/-16/-74 -121/-16/-75 -124/-18/-76 -125/-18/-77 
f -115/-13/-71 -114/-13/-70 -113/-12/-69 -112/-12/-68 
f -111/-13/-138 -115/-13/-71 -112/-12/-68 -110/-12/-138 
f -115/-13/-71 -111/-13/-138 -116/-15/-138 -118/-15/-72 
f -114/-13/-70 -115/-13/-71 -118/-15/-72 -119/-15/-73 
f -109/-10/-67 -108/-10/-66 -107/-9/-65 -106/-9/-64 
f -105/-10/-138 -109/-10/-67 -106/-9/-64 -104/-9/-138 
f -109/-10/-67 -105/-10/-138 -110/-12/-138 -112/-12/-68 
f -108/-10/-66 -109/-10/-67 -112/-12/-68 -113/-12/-69 
f -103/-7/-63 -102/-7/-62 -101/-6/-61 -100/-6/-60 
f -99/-7/-138 -103/-7/-63 -100/-6/-60 -98/-6/-138 
f -103/-7/-63 -99/-7/-138 -104/-9/-138 -106/-9/-64 
f -102/-7/-62 -103/-7/-63 -106/-9/-64 -107/-9/-65 
f -97/-4/-59 -96/-4/-58 -95/-3/-57 -94/-3/-56 
f -93/-4/-138 -97/-4/-59 -94/-3/-56 -92/-3/-138 
f -97/-4/-59 -93/-4/-138 -98/-6/-138 -100/-6/-60 
f -96/-4/-58 -97/-4/-59 -100/-6/-60 -101/-6/-61 
f -91/-1/-55 -90/-1/-54 -212/-65/-136 -213/-65/-137 
f -89/-1/-138 -91/-1/-55 -213/-65/-137 -214/-65/-138 
f -91/-1/-55 -89/-1/-138 -92/-3/-138 -94/-3/-56 
f -90/-1/-54 -91/-1/-55 -94/-3/-56 -95/-3/-57 
f -88/-66/-53 -87/-65/-52 -86/-65/-330 -85/-66/-491 
f -84/-63/-51 -88/-66/-53 -85/-66/-491 -83/-63/-488 
f -88/-66/-53 -84/-63/-51 -218/-63/-140 -219/-66/-141 
f -87/-65/-52 -88/-66/-53 -219/-66/-141 -212/-65/-136 
f -82/-61/-50 -84/-63/-51 -83/-63/-488 -81/-61/-485 
f -80/-60/-49 -82/-61/-50 -81/-61/-485 -79/-60/-482 
f -82/-61/-50 -80/-60/-49 -209/-60/-133 -210/-61/-134 
f -84/-63/-51 -82/-61/-50 -210/-61/-134 -218/-63/-140 
f -78/-58/-48 -80/-60/-49 -79/-60/-482 -77/-58/-479 
f -76/-57/-47 -78/-58/-48 -77/-58/-479 -75/-57/-476 
f -78/-58/-48 -76/-57/-47 -203/-57/-129 -204/-58/-130 
f -80/-60/-49 -78/-58/-48 -204/-58/-130 -209/-60/-133 
f -74/-55/-46 -76/-57/-47 -75/-57/-476 -73/-55/-45 
f -72/-54/-44 -74/-55/-46 -73/-55/-45 -71/-54/-43 
f -74/-55/-46 -72/-54/-44 -197/-54/-125 -198/-55/-126 
f -76/-57/-47 -74/-55/-46 -198/-55/-126 -203/-57/-129 
f -70/-52/-42 -72/-54/-44 -71/-54/-43 -69/-52/-467 
f -68/-51/-41 -70/-52/-42 -69/-52/-467 -67/-51/-464 
f -70/-52/-42 -68/-51/-41 -191/-51/-121 -192/-52/-122 
f -72/-54/-44 -70/-52/-42 -192/-52/-122 -197/-54/-125 
f -66/-49/-40 -68/-51/-41 -67/-51/-464 -65/-49/-461 
f -64/-48/-39 -66/-49/-40 -65/-49/-461 -63/-48/-458 
f -66/-49/-40 -64/-48/-39 -185/-48/-117 -186/-49/-118 
f -68/-51/-41 -66/-49/-40 -186/-49/-118 -191/-51/-121 
f -62/-46/-38 -64/-48/-39 -63/-48/-458 -61/-46/-455 
f -60/-45/-37 -62/-46/-38 -61/-46/-455 -59/-45/-452 
f -62/-46/-38 -60/-45/-37 -179/-45/-113 -180/-46/-114 
f -64/-48/-39 -62/-46/-38 -180/-46/-114 -185/-48/-117 
f -58/-43/-36 -60/-45/-37 -59/-45/-452 -57/-43/-449 
f -56/-42/-35 -58/-43/-36 -57/-43/-449 -55/-42/-34 
f -58/-43/-36 -56/-42/-35 -173/-42/-109 -174/-43/-110 
f -60/-45/-37 -58/-43/-36 -174/-43/-110 -179/-45/-113 
f -54/-40/-33 -56/-42/-35 -55/-42/-34 -53/-40/-32 
f -52/-39/-31 -54/-40/-33 -53/-40/-32 -51/-39/-30 
f -54/-40/-33 -52/-39/-31 -167/-39/-105 -168/-40/-106 
f -56/-42/-35 -54/-40/-33 -168/-40/-106 -173/-42/-109 
f -50/-37/-29 -52/-39/-31 -51/-39/-30 -49/-37/-437 
f -48/-36/-28 -50/-37/-29 -49/-37/-437 -47/-36/-434 
f -50/-37/-29 -48/-36/-28 -161/-36/-101 -162/-37/-102 
f -52/-39/-31 -50/-37/-29 -162/-37/-102 -167/-39/-105 
f -46/-34/-27 -48/-36/-28 -47/-36/-434 -45/-34/-431 
f -44/-33/-26 -46/-34/-27 -45/-34/-431 -43/-33/-553 
f -46/-34/-27 -44/-33/-26 -155/-33/-97 -156/-34/-98 
f -48/-36/-28 -46/-34/-27 -156/-34/-98 -161/-36/-101 
f -42/-31/-25 -44/-33/-26 -43/-33/-553 -41/-31/-560 
f -40/-30/-24 -42/-31/-25 -41/-31/-560 -39/-30/-557 
f -42/-31/-25 -40/-30/-24 -149/-30/-93 -150/-31/-94 
f -44/-33/-26 -42/-31/-25 -150/-31/-94 -155/-33/-97 
f -38/-28/-23 -40/-30/-24 -39/-30/-557 -37/-28/-551 
f -36/-27/-22 -38/-28/-23 -37/-28/-551 -35/-27/-548 
f -38/-28/-23 -36/-27/-22 -143/-27/-89 -144/-28/-90 
f -40/-30/-24 -38/-28/-23 -144/-28/-90 -149/-30/-93 
f -34/-25/-21 -36/-27/-22 -35/-27/-548 -33/-25/-545 
f -32/-24/-20 -34/-25/-21 -33/-25/-545 -31/-24/-542 
f -34/-25/-21 -32/-24/-20 -137/-24/-85 -138/-25/-86 
f -36/-27/-22 -34/-25/-21 -138/-25/-86 -143/-27/-89 
f -30/-22/-19 -32/-24/-20 -31/-24/-542 -29/-22/-539 
f -28/-21/-18 -30/-22/-19 -29/-22/-539 -27/-21/-536 
f -30/-22/-19 -28/-21/-18 -131/-21/-81 -132/-22/-82 
f -32/-24/-20 -30/-22/-19 -132/-22/-82 -137/-24/-85 
f -26/-19/-17 -28/-21/-18 -27/-21/-536 -25/-19/-533 
f -24/-18/-16 -26/-19/-17 -25/-19/-533 -23/-18/-530 
f -26/-19/-17 -24/-18/-16 -125/-18/-77 -126/-19/-78 
f -28/-21/-18 -26/-19/-17 -126/-19/-78 -131/-21/-81 
f -22/-16/-15 -24/-18/-16 -23/-18/-530 -21/-16/-375 
f -20/-15/-14 -22/-16/-15 -21/-16/-375 -19/-15/-13 
f -22/-16/-15 -20/-15/-14 -119/-15/-73 -120/-16/-74 
f -24/-18/-16 -22/-16/-15 -120/-16/-74 -125/-18/-77 
f -18/-13/-12 -20/-15/-14 -19/-15/-13 -17/-13/-11 
f -16/-12/-10 -18/-13/-12 -17/-13/-11 -15/-12/-518 
f -18/-13/-12 -16/-12/-10 -113/-12/-69 -114/-13/-70 
f -20/-15/-14 -18/-13/-12 -114/-13/-70 -119/-15/-73 
f -14/-10/-9 -16/-12/-10 -15/-12/-518 -13/-10/-515 
f -12/-9/-8 -14/-10/-9 -13/-10/-515 -11/-9/-7 
f -14/-10/-9 -12/-9/-8 -107/-9/-65 -108/-10/-66 
f -16/-12/-10 -14/-10/-9 -108/-10/-66 -113/-12/-69 
f -10/-7/-6 -12/-9/-8 -11/-9/-7 -9/-7/-509 
f -8/-6/-5 -10/-7/-6 -9/-7/-509 -7/-6/-348 
f -10/-7/-6 -8/-6/-5 -101/-6/-61 -102/-7/-62 
f -12/-9/-8 -10/-7/-6 -102/-7/-62 -107/-9/-65 
f -6/-4/-4 -8/-6/-5 -7/-6/-348 -5/-4/-339 
f -4/-3/-3 -6/-4/-4 -5/-4/-339 -3/-3/-500 
f -6/-4/-4 -4/-3/-3 -95/-3/-57 -96/-4/-58 
f -8/-6/-5 -6/-4/-4 -96/-4/-58 -101/-6/-61 
f -2/-1/-2 -4/-3/-3 -3/-3/-500 -1/-1/-1 
f -87/-65/-52 -2/-1/-2 -1/-1/-1 -86/-65/-330 
f -2/-1/-2 -87/-65/-52 -212/-65/-136 -90/-1/-54 
f -4/-3/-3 -2/-1/-2 -90/-1/-54 -95/-3/-57 
# 1694 polygons

#
# object Object002
#

v  1008740.7500 382072.2813 -2209778.5000
v  994317.0625 382072.2813 -2241361.7500
v  971579.6250 382072.2813 -2267602.2500
v  1008740.6875 382072.2813 -2141043.0000
v  942370.3750 382072.2813 -2286373.7500
v  909055.7500 382072.2813 -2296156.0000
v  841020.0625 382072.2813 -2286373.7500
v  874334.6875 382072.2813 -2296156.0000
v  811810.8750 382072.2813 -2267602.2500
v  789073.3750 382072.2813 -2241361.7500
v  769708.4375 382072.2813 -2175410.7500
v  774649.7500 382072.2813 -2209778.5000
v  971579.5000 382072.2813 -2083219.2500
v  774649.7500 382072.2813 -2141043.0000
v  789073.3750 382072.2813 -2109459.7500
v  841020.0625 382072.2813 -2064447.6250
v  811810.8125 382072.2813 -2083219.2500
v  874334.6250 382072.2813 -2054665.6250
v  909055.6875 382072.2813 -2054665.6250
v  942370.3125 382072.2813 -2064447.6250
v  994317.0000 382072.2813 -2109459.5000
v  1013682.0625 382072.2813 -2175410.7500
v  1008740.7500 378958.4688 -2209778.5000
v  1013682.0625 378958.4688 -2175410.7500
v  1013682.0625 371009.9063 -2175410.7500
v  1008740.7500 371009.9063 -2209778.5000
v  1013682.0625 363061.3438 -2175410.7500
v  1008740.7500 363061.3438 -2209778.5000
v  994317.0625 378958.4688 -2241361.7500
v  994317.0625 371009.9063 -2241361.7500
v  994317.0625 363061.3438 -2241361.7500
v  971579.6250 378958.4688 -2267602.2500
v  971579.6250 371009.9063 -2267602.2500
v  971579.6250 363061.3438 -2267602.2500
v  942370.3750 378958.4688 -2286373.7500
v  942370.3750 371009.9063 -2286373.7500
v  942370.3750 363061.3438 -2286373.7500
v  909055.7500 378958.4688 -2296156.0000
v  909055.7500 371009.9063 -2296156.0000
v  909055.7500 363061.3438 -2296156.0000
v  874334.6875 378958.4688 -2296156.0000
v  874334.6875 371009.9063 -2296156.0000
v  874334.6875 363061.3438 -2296156.0000
v  841020.0625 378958.4688 -2286373.7500
v  841020.0625 371009.9063 -2286373.7500
v  841020.0625 363061.3438 -2286373.7500
v  811810.8750 378958.4688 -2267602.2500
v  811810.8750 371009.9063 -2267602.2500
v  811810.8750 363061.3438 -2267602.2500
v  789073.3750 378958.4688 -2241361.7500
v  789073.3750 371009.9063 -2241361.7500
v  789073.3750 363061.3438 -2241361.7500
v  774649.7500 378958.4688 -2209778.5000
v  774649.7500 371009.9063 -2209778.5000
v  774649.7500 363061.3438 -2209778.5000
v  769708.4375 378958.4688 -2175410.7500
v  769708.4375 371009.9063 -2175410.7500
v  769708.4375 363061.3438 -2175410.7500
v  774649.7500 378958.4688 -2141043.0000
v  774649.7500 371009.9063 -2141043.0000
v  774649.7500 363061.3438 -2141043.0000
v  789073.3750 378958.4688 -2109459.7500
v  789073.3750 371009.9063 -2109459.7500
v  789073.3750 363061.3438 -2109459.7500
v  811810.8125 378958.4688 -2083219.2500
v  811810.8125 371009.9063 -2083219.2500
v  811810.8125 363061.3438 -2083219.2500
v  841020.0625 378958.4688 -2064447.6250
v  841020.0625 371009.9063 -2064447.6250
v  841020.0625 363061.3438 -2064447.6250
v  874334.6250 378958.4688 -2054665.6250
v  874334.6250 371009.9063 -2054665.6250
v  874334.6250 363061.3438 -2054665.6250
v  909055.6875 378958.4688 -2054665.6250
v  909055.6875 371009.9063 -2054665.6250
v  909055.6875 363061.3438 -2054665.6250
v  942370.3125 378958.4688 -2064447.6250
v  942370.3125 371009.9063 -2064447.6250
v  942370.3125 363061.3438 -2064447.6250
v  971579.5000 378958.4688 -2083219.2500
v  971579.5000 371009.9063 -2083219.2500
v  971579.5000 363061.3438 -2083219.2500
v  994317.0000 378958.4688 -2109459.5000
v  994317.0000 371009.9063 -2109459.5000
v  994317.0000 363061.3438 -2109459.5000
v  1008740.6875 378958.4688 -2141043.0000
v  1008740.6875 371009.9063 -2141043.0000
v  1008740.6875 363061.3438 -2141043.0000
v  1018790.3750 363061.3438 -2175410.7500
v  1013642.1250 363061.3438 -2211217.5000
v  1013642.0000 363061.3438 -2139603.7500
v  998614.3750 363061.3438 -2106697.7500
v  974924.7500 363061.3438 -2079358.6250
v  944492.3750 363061.3438 -2059801.0000
v  909782.6875 363061.3438 -2049609.2500
v  873607.6250 363061.3438 -2049609.2500
v  838898.0000 363061.3438 -2059801.0000
v  808465.6250 363061.3438 -2079358.7500
v  784776.0000 363061.3438 -2106698.0000
v  769748.3750 363061.3438 -2139604.0000
v  764600.1250 363061.3438 -2175410.7500
v  769748.3750 363061.3438 -2211217.5000
v  784776.0625 363061.3438 -2244123.5000
v  808465.6250 363061.3438 -2271462.7500
v  838897.9375 363061.3438 -2291020.5000
v  873607.8125 363061.3438 -2301212.2500
v  909782.6875 363061.3438 -2301212.2500
v  944492.5000 363061.3438 -2291020.5000
v  974924.8125 363061.3438 -2271462.7500
v  998614.4375 363061.3438 -2244123.5000
v  1033391.9375 378958.4688 -2175411.0000
v  1027652.2500 378958.4688 -2215331.2500
v  1027652.2500 389228.2813 -2215331.2500
v  1033391.9375 389228.2813 -2175411.0000
v  1010898.0625 378958.4688 -2252017.7500
v  1010898.0625 389228.2813 -2252017.7500
v  984486.8750 378958.4688 -2282498.0000
v  984486.8750 389228.2813 -2282498.0000
v  950558.4375 378958.4688 -2304302.5000
v  950558.4375 389228.2813 -2304302.5000
v  911860.5000 378958.4688 -2315665.2500
v  911860.5000 389228.2813 -2315665.2500
v  871530.0000 378958.4688 -2315665.2500
v  871530.0000 389228.2813 -2315665.2500
v  832832.0000 378958.4688 -2304302.5000
v  832832.0000 389228.2813 -2304302.5000
v  798903.6250 378958.4688 -2282498.0000
v  798903.6250 389228.2813 -2282498.0000
v  772492.4375 378958.4688 -2252017.7500
v  772492.4375 389228.2813 -2252017.7500
v  755738.2500 378958.4688 -2215331.2500
v  755738.2500 389228.2813 -2215331.2500
v  749998.5625 378958.4688 -2175410.7500
v  749998.5625 389228.2813 -2175410.7500
v  755738.2500 378958.4688 -2135490.2500
v  755738.2500 389228.2813 -2135490.2500
v  772492.3750 378958.4688 -2098803.7500
v  772492.3750 389228.2813 -2098803.7500
v  798903.5625 378958.4688 -2068323.6250
v  798903.5625 389228.2813 -2068323.6250
v  832832.3125 378958.4688 -2046518.8750
v  832832.3125 389228.2813 -2046518.8750
v  871529.6250 378958.4688 -2035156.3750
v  871529.6250 389228.2813 -2035156.3750
v  911860.6250 378958.4688 -2035156.2500
v  911860.6250 389228.2813 -2035156.2500
v  950558.1250 378958.4688 -2046518.8750
v  950558.1250 389228.2813 -2046518.8750
v  984486.7500 378958.4688 -2068323.5000
v  984486.7500 389228.2813 -2068323.5000
v  1010898.0000 378958.4688 -2098803.5000
v  1010898.0000 389228.2813 -2098803.5000
v  1027652.1250 378958.4688 -2135489.7500
v  1027652.1250 389228.2813 -2135489.7500
v  1016724.0000 378958.4688 -2212122.5000
v  1022002.3125 378958.4688 -2175411.0000
v  1001316.5625 378958.4688 -2245860.0000
v  977028.2500 378958.4688 -2273890.2500
v  945826.8750 378958.4688 -2293942.2500
v  910239.7500 378958.4688 -2304391.5000
v  873150.7500 378958.4688 -2304391.5000
v  837563.5625 378958.4688 -2293942.2500
v  806362.2500 378958.4688 -2273890.2500
v  782073.9375 378958.4688 -2245860.0000
v  766666.5000 378958.4688 -2212122.5000
v  761388.1875 378958.4688 -2175410.7500
v  766666.5000 378958.4688 -2138699.0000
v  782073.9375 378958.4688 -2104961.5000
v  806362.1875 378958.4688 -2076931.2500
v  837563.6875 378958.4688 -2056879.2500
v  873150.5000 378958.4688 -2046430.0000
v  910239.8125 378958.4688 -2046430.0000
v  945826.6875 378958.4688 -2056879.2500
v  977028.1250 378958.4688 -2076931.1250
v  1001316.5000 378958.4688 -2104961.2500
v  1016723.9375 378958.4688 -2138698.7500
v  1008740.7500 389228.2813 -2209778.5000
v  1013682.0625 389228.2813 -2175410.7500
v  1030322.6250 389228.2813 -2175411.0000
v  1024707.2500 389228.2813 -2214466.5000
v  1008740.6875 389228.2813 -2141043.0000
v  1024707.1250 389228.2813 -2136354.5000
v  994317.0000 389228.2813 -2109459.5000
v  1008315.9375 389228.2813 -2100463.0000
v  971579.5000 389228.2813 -2083219.2500
v  982476.7500 389228.2813 -2070643.1250
v  942370.3125 389228.2813 -2064447.6250
v  949283.0625 389228.2813 -2049310.7500
v  909055.6875 389228.2813 -2054665.6250
v  911423.8750 389228.2813 -2038194.3750
v  874334.6250 389228.2813 -2054665.6250
v  871966.4375 389228.2813 -2038194.3750
v  841020.0625 389228.2813 -2064447.6250
v  834107.3125 389228.2813 -2049310.8750
v  811810.8125 389228.2813 -2083219.2500
v  800913.5625 389228.2813 -2070643.2500
v  789073.3750 389228.2813 -2109459.7500
v  775074.4375 389228.2813 -2100463.2500
v  774649.7500 389228.2813 -2141043.0000
v  758683.2500 389228.2813 -2136355.0000
v  769708.4375 389228.2813 -2175410.7500
v  753067.8750 389228.2813 -2175410.7500
v  774649.7500 389228.2813 -2209778.5000
v  758683.2500 389228.2813 -2214466.5000
v  789073.3750 389228.2813 -2241361.7500
v  775074.5000 389228.2813 -2250358.2500
v  811810.8750 389228.2813 -2267602.2500
v  800913.6250 389228.2813 -2280178.2500
v  841020.0625 389228.2813 -2286373.7500
v  834107.1250 389228.2813 -2301510.5000
v  874334.6875 389228.2813 -2296156.0000
v  871966.7500 389228.2813 -2312627.2500
v  909055.7500 389228.2813 -2296156.0000
v  911423.6875 389228.2813 -2312627.2500
v  942370.3750 389228.2813 -2286373.7500
v  949283.3750 389228.2813 -2301510.5000
v  971579.6250 389228.2813 -2267602.2500
v  982476.8750 389228.2813 -2280178.2500
v  994317.0625 389228.2813 -2241361.7500
v  1008316.0000 389228.2813 -2250358.2500
v  1024707.2500 378958.4688 -2214466.5000
v  1030322.6250 378958.4688 -2175411.0000
v  1030322.6250 347269.5000 -2175411.0000
v  1024707.2500 347269.5000 -2214466.5000
v  1024707.1250 378958.4688 -2136354.5000
v  1024707.1250 347269.5000 -2136354.5000
v  1008315.9375 378958.4688 -2100463.0000
v  1008315.9375 347269.5000 -2100463.0000
v  982476.7500 378958.4688 -2070643.1250
v  982476.7500 347269.5000 -2070643.1250
v  949283.0625 378958.4688 -2049310.7500
v  949283.0625 347269.5000 -2049310.7500
v  911423.8750 378958.4688 -2038194.3750
v  911423.8750 347269.5000 -2038194.3750
v  871966.4375 378958.4688 -2038194.3750
v  871966.4375 347269.5000 -2038194.3750
v  834107.3125 378958.4688 -2049310.8750
v  834107.3125 347269.5000 -2049310.8750
v  800913.5625 378958.4688 -2070643.2500
v  800913.5625 347269.5000 -2070643.2500
v  775074.4375 378958.4688 -2100463.2500
v  775074.4375 347269.5000 -2100463.2500
v  758683.2500 378958.4688 -2136355.0000
v  758683.2500 347269.5000 -2136355.0000
v  753067.8750 378958.4688 -2175410.7500
v  753067.8750 347269.5000 -2175410.7500
v  758683.2500 378958.4688 -2214466.5000
v  758683.2500 347269.5000 -2214466.5000
v  775074.5000 378958.4688 -2250358.2500
v  775074.5000 347269.5000 -2250358.2500
v  800913.6250 378958.4688 -2280178.2500
v  800913.6250 347269.5000 -2280178.2500
v  834107.1250 378958.4688 -2301510.5000
v  834107.1250 347269.5000 -2301510.5000
v  871966.7500 378958.4688 -2312627.2500
v  871966.7500 347269.5000 -2312627.2500
v  911423.6875 378958.4688 -2312627.2500
v  911423.6875 347269.5000 -2312627.2500
v  949283.3750 378958.4688 -2301510.5000
v  949283.3750 347269.5000 -2301510.5000
v  982476.8750 378958.4688 -2280178.2500
v  982476.8750 347269.5000 -2280178.2500
v  1008316.0000 378958.4688 -2250358.2500
v  1008316.0000 347269.5000 -2250358.2500
# 264 vertices

vn 0.0000 1.0000 -0.0000
vn 0.9898 0.0000 -0.1423
vn 0.9096 0.0000 -0.4154
vn 0.7557 0.0000 -0.6549
vn 0.5406 0.0000 -0.8413
vn 0.2817 0.0000 -0.9595
vn 0.0000 0.0000 -1.0000
vn -0.2817 0.0000 -0.9595
vn -0.5406 0.0000 -0.8413
vn -0.7557 0.0000 -0.6549
vn -0.9096 0.0000 -0.4154
vn -0.9898 0.0000 -0.1423
vn -0.9898 0.0000 0.1423
vn -0.9096 0.0000 0.4154
vn -0.7557 0.0000 0.6549
vn -0.5406 0.0000 0.8413
vn -0.2817 0.0000 0.9595
vn -0.0000 0.0000 1.0000
vn 0.2817 0.0000 0.9595
vn 0.5406 0.0000 0.8413
vn 0.7557 0.0000 0.6549
vn 0.9096 0.0000 0.4154
vn 0.9898 0.0000 0.1423
vn 0.0000 -1.0000 -0.0000
vn 0.0000 0.0000 1.0000
# 25 vertex normals

vt 0.3591 0.9797 0.2500
vt 0.2297 0.9206 0.2500
vt 0.1221 0.8274 0.2500
vt 0.6409 0.9797 0.2500
vt 0.0452 0.7077 0.2500
vt 0.0051 0.5712 0.2500
vt 0.0452 0.2923 0.2500
vt 0.0051 0.4288 0.2500
vt 0.1221 0.1726 0.2500
vt 0.2297 0.0794 0.2500
vt 0.5000 0.0000 0.2500
vt 0.3591 0.0203 0.2500
vt 0.8779 0.8274 0.2500
vt 0.6409 0.0203 0.2500
vt 0.7703 0.0794 0.2500
vt 0.9548 0.2923 0.2500
vt 0.8779 0.1726 0.2500
vt 0.9949 0.4288 0.2500
vt 0.9949 0.5712 0.2500
vt 0.9548 0.7077 0.2500
vt 0.7703 0.9206 0.2500
vt 0.5000 1.0000 0.2500
# 22 texture coords

g Object002
usemtl 02___Default
s 2
f -264/-22/-25 -263/-21/-25 -262/-20/-25 -261/-19/-25 
f -262/-20/-25 -260/-18/-25 -259/-17/-25 -258/-16/-25 
f -259/-17/-25 -257/-15/-25 -258/-16/-25 
f -258/-16/-25 -256/-14/-25 -255/-13/-25 -254/-12/-25 
f -255/-13/-25 -253/-11/-25 -254/-12/-25 
f -262/-20/-25 -258/-16/-25 -254/-12/-25 -252/-10/-25 
f -254/-12/-25 -251/-9/-25 -250/-8/-25 -249/-7/-25 
f -250/-8/-25 -248/-6/-25 -249/-7/-25 
f -249/-7/-25 -247/-5/-25 -246/-4/-25 -252/-10/-25 
f -246/-4/-25 -245/-3/-25 -252/-10/-25 
f -254/-12/-25 -249/-7/-25 -252/-10/-25 
f -252/-10/-25 -244/-2/-25 -261/-19/-25 -262/-20/-25 
f -243/-1/-25 -264/-22/-25 -261/-19/-25 
s off
f -242/-22/-24 -241/-1/-24 -240/-1/-24 -239/-22/-24 
f -239/-22/-24 -240/-1/-24 -238/-1/-24 -237/-22/-24 
f -236/-21/-23 -242/-22/-23 -239/-22/-23 -235/-21/-23 
f -235/-21/-23 -239/-22/-23 -237/-22/-23 -234/-21/-23 
f -233/-20/-22 -236/-21/-22 -235/-21/-22 -232/-20/-22 
f -232/-20/-22 -235/-21/-22 -234/-21/-22 -231/-20/-22 
f -230/-18/-21 -233/-20/-21 -232/-20/-21 -229/-18/-21 
f -229/-18/-21 -232/-20/-21 -231/-20/-21 -228/-18/-21 
f -227/-17/-20 -230/-18/-20 -229/-18/-20 -226/-17/-20 
f -226/-17/-20 -229/-18/-20 -228/-18/-20 -225/-17/-20 
f -224/-15/-19 -227/-17/-19 -226/-17/-19 -223/-15/-19 
f -223/-15/-19 -226/-17/-19 -225/-17/-19 -222/-15/-19 
f -221/-16/-18 -224/-15/-18 -223/-15/-18 -220/-16/-18 
f -220/-16/-18 -223/-15/-18 -222/-15/-18 -219/-16/-18 
f -218/-14/-17 -221/-16/-17 -220/-16/-17 -217/-14/-17 
f -217/-14/-17 -220/-16/-17 -219/-16/-17 -216/-14/-17 
f -215/-13/-16 -218/-14/-16 -217/-14/-16 -214/-13/-16 
f -214/-13/-16 -217/-14/-16 -216/-14/-16 -213/-13/-16 
f -212/-11/-15 -215/-13/-15 -214/-13/-15 -211/-11/-15 
f -211/-11/-15 -214/-13/-15 -213/-13/-15 -210/-11/-15 
f -209/-12/-14 -212/-11/-14 -211/-11/-14 -208/-12/-14 
f -208/-12/-14 -211/-11/-14 -210/-11/-14 -207/-12/-14 
f -206/-9/-13 -209/-12/-13 -208/-12/-13 -205/-9/-13 
f -205/-9/-13 -208/-12/-13 -207/-12/-13 -204/-9/-13 
f -203/-8/-12 -206/-9/-12 -205/-9/-12 -202/-8/-12 
f -202/-8/-12 -205/-9/-12 -204/-9/-12 -201/-8/-12 
f -200/-6/-11 -203/-8/-11 -202/-8/-11 -199/-6/-11 
f -199/-6/-11 -202/-8/-11 -201/-8/-11 -198/-6/-11 
f -197/-7/-10 -200/-6/-10 -199/-6/-10 -196/-7/-10 
f -196/-7/-10 -199/-6/-10 -198/-6/-10 -195/-7/-10 
f -194/-5/-9 -197/-7/-9 -196/-7/-9 -193/-5/-9 
f -193/-5/-9 -196/-7/-9 -195/-7/-9 -192/-5/-9 
f -191/-4/-8 -194/-5/-8 -193/-5/-8 -190/-4/-8 
f -190/-4/-8 -193/-5/-8 -192/-5/-8 -189/-4/-8 
f -188/-3/-7 -191/-4/-7 -190/-4/-7 -187/-3/-7 
f -187/-3/-7 -190/-4/-7 -189/-4/-7 -186/-3/-7 
f -185/-10/-6 -188/-3/-6 -187/-3/-6 -184/-10/-6 
f -184/-10/-6 -187/-3/-6 -186/-3/-6 -183/-10/-6 
f -182/-2/-5 -185/-10/-5 -184/-10/-5 -181/-2/-5 
f -181/-2/-5 -184/-10/-5 -183/-10/-5 -180/-2/-5 
f -179/-19/-4 -182/-2/-4 -181/-2/-4 -178/-19/-4 
f -178/-19/-4 -181/-2/-4 -180/-2/-4 -177/-19/-4 
f -241/-1/-3 -179/-19/-3 -178/-19/-3 -240/-1/-3 
f -240/-1/-3 -178/-19/-3 -177/-19/-3 -238/-1/-3 
f -237/-22/-25 -238/-1/-25 -176/-1/-25 -175/-22/-25 
f -238/-1/-25 -177/-19/-25 -174/-19/-25 -176/-1/-25 
f -177/-19/-25 -180/-2/-25 -173/-2/-25 -174/-19/-25 
f -180/-2/-25 -183/-10/-25 -172/-10/-25 -173/-2/-25 
f -183/-10/-25 -186/-3/-25 -171/-3/-25 -172/-10/-25 
f -186/-3/-25 -189/-4/-25 -170/-4/-25 -171/-3/-25 
f -189/-4/-25 -192/-5/-25 -169/-5/-25 -170/-4/-25 
f -192/-5/-25 -195/-7/-25 -168/-7/-25 -169/-5/-25 
f -195/-7/-25 -198/-6/-25 -167/-6/-25 -168/-7/-25 
f -198/-6/-25 -201/-8/-25 -166/-8/-25 -167/-6/-25 
f -201/-8/-25 -204/-9/-25 -165/-9/-25 -166/-8/-25 
f -204/-9/-25 -207/-12/-25 -164/-12/-25 -165/-9/-25 
f -207/-12/-25 -210/-11/-25 -163/-11/-25 -164/-12/-25 
f -210/-11/-25 -213/-13/-25 -162/-13/-25 -163/-11/-25 
f -213/-13/-25 -216/-14/-25 -161/-14/-25 -162/-13/-25 
f -216/-14/-25 -219/-16/-25 -160/-16/-25 -161/-14/-25 
f -219/-16/-25 -222/-15/-25 -159/-15/-25 -160/-16/-25 
f -222/-15/-25 -225/-17/-25 -158/-17/-25 -159/-15/-25 
f -225/-17/-25 -228/-18/-25 -157/-18/-25 -158/-17/-25 
f -228/-18/-25 -231/-20/-25 -156/-20/-25 -157/-18/-25 
f -231/-20/-25 -234/-21/-25 -155/-21/-25 -156/-20/-25 
f -234/-21/-25 -237/-22/-25 -175/-22/-25 -155/-21/-25 
f -154/-1/-24 -153/-22/-24 -152/-22/-24 -151/-1/-24 
f -153/-22/-23 -150/-21/-23 -149/-21/-23 -152/-22/-23 
f -150/-21/-22 -148/-20/-22 -147/-20/-22 -149/-21/-22 
f -148/-20/-21 -146/-18/-21 -145/-18/-21 -147/-20/-21 
f -146/-18/-20 -144/-17/-20 -143/-17/-20 -145/-18/-20 
f -144/-17/-19 -142/-15/-19 -141/-15/-19 -143/-17/-19 
f -142/-15/-18 -140/-16/-18 -139/-16/-18 -141/-15/-18 
f -140/-16/-17 -138/-14/-17 -137/-14/-17 -139/-16/-17 
f -138/-14/-16 -136/-13/-16 -135/-13/-16 -137/-14/-16 
f -136/-13/-15 -134/-11/-15 -133/-11/-15 -135/-13/-15 
f -134/-11/-14 -132/-12/-14 -131/-12/-14 -133/-11/-14 
f -132/-12/-13 -130/-9/-13 -129/-9/-13 -131/-12/-13 
f -130/-9/-12 -128/-8/-12 -127/-8/-12 -129/-9/-12 
f -128/-8/-11 -126/-6/-11 -125/-6/-11 -127/-8/-11 
f -126/-6/-10 -124/-7/-10 -123/-7/-10 -125/-6/-10 
f -124/-7/-9 -122/-5/-9 -121/-5/-9 -123/-7/-9 
f -122/-5/-8 -120/-4/-8 -119/-4/-8 -121/-5/-8 
f -120/-4/-7 -118/-3/-7 -117/-3/-7 -119/-4/-7 
f -118/-3/-6 -116/-10/-6 -115/-10/-6 -117/-3/-6 
f -116/-10/-5 -114/-2/-5 -113/-2/-5 -115/-10/-5 
f -114/-2/-4 -112/-19/-4 -111/-19/-4 -113/-2/-4 
f -112/-19/-3 -154/-1/-3 -151/-1/-3 -111/-19/-3 
f -242/-22/-2 -110/-22/-2 -109/-1/-2 -241/-1/-2 
f -236/-21/-2 -108/-21/-2 -110/-22/-2 -242/-22/-2 
f -233/-20/-2 -107/-20/-2 -108/-21/-2 -236/-21/-2 
f -230/-18/-2 -106/-18/-2 -107/-20/-2 -233/-20/-2 
f -227/-17/-2 -105/-17/-2 -106/-18/-2 -230/-18/-2 
f -224/-15/-2 -104/-15/-2 -105/-17/-2 -227/-17/-2 
f -221/-16/-2 -103/-16/-2 -104/-15/-2 -224/-15/-2 
f -218/-14/-2 -102/-14/-2 -103/-16/-2 -221/-16/-2 
f -215/-13/-2 -101/-13/-2 -102/-14/-2 -218/-14/-2 
f -212/-11/-2 -100/-11/-2 -101/-13/-2 -215/-13/-2 
f -209/-12/-2 -99/-12/-2 -100/-11/-2 -212/-11/-2 
f -206/-9/-2 -98/-9/-2 -99/-12/-2 -209/-12/-2 
f -203/-8/-2 -97/-8/-2 -98/-9/-2 -206/-9/-2 
f -200/-6/-2 -96/-6/-2 -97/-8/-2 -203/-8/-2 
f -197/-7/-2 -95/-7/-2 -96/-6/-2 -200/-6/-2 
f -194/-5/-2 -94/-5/-2 -95/-7/-2 -197/-7/-2 
f -191/-4/-2 -93/-4/-2 -94/-5/-2 -194/-5/-2 
f -188/-3/-2 -92/-3/-2 -93/-4/-2 -191/-4/-2 
f -185/-10/-2 -91/-10/-2 -92/-3/-2 -188/-3/-2 
f -182/-2/-2 -90/-2/-2 -91/-10/-2 -185/-10/-2 
f -179/-19/-2 -89/-19/-2 -90/-2/-2 -182/-2/-2 
f -241/-1/-2 -109/-1/-2 -89/-19/-2 -179/-19/-2 
f -88/-22/-25 -87/-1/-25 -86/-1/-25 -85/-22/-25 
f -87/-1/-25 -84/-19/-25 -83/-19/-25 -86/-1/-25 
f -84/-19/-25 -82/-2/-25 -81/-2/-25 -83/-19/-25 
f -82/-2/-25 -80/-10/-25 -79/-10/-25 -81/-2/-25 
f -80/-10/-25 -78/-3/-25 -77/-3/-25 -79/-10/-25 
f -78/-3/-25 -76/-4/-25 -75/-4/-25 -77/-3/-25 
f -76/-4/-25 -74/-5/-25 -73/-5/-25 -75/-4/-25 
f -74/-5/-25 -72/-7/-25 -71/-7/-25 -73/-5/-25 
f -72/-7/-25 -70/-6/-25 -69/-6/-25 -71/-7/-25 
f -70/-6/-25 -68/-8/-25 -67/-8/-25 -69/-6/-25 
f -68/-8/-25 -66/-9/-25 -65/-9/-25 -67/-8/-25 
f -66/-9/-25 -64/-12/-25 -63/-12/-25 -65/-9/-25 
f -64/-12/-25 -62/-11/-25 -61/-11/-25 -63/-12/-25 
f -62/-11/-25 -60/-13/-25 -59/-13/-25 -61/-11/-25 
f -60/-13/-25 -58/-14/-25 -57/-14/-25 -59/-13/-25 
f -58/-14/-25 -56/-16/-25 -55/-16/-25 -57/-14/-25 
f -56/-16/-25 -54/-15/-25 -53/-15/-25 -55/-16/-25 
f -54/-15/-25 -52/-17/-25 -51/-17/-25 -53/-15/-25 
f -52/-17/-25 -50/-18/-25 -49/-18/-25 -51/-17/-25 
f -50/-18/-25 -48/-20/-25 -47/-20/-25 -49/-18/-25 
f -48/-20/-25 -46/-21/-25 -45/-21/-25 -47/-20/-25 
f -46/-21/-25 -88/-22/-25 -85/-22/-25 -45/-21/-25 
f -44/-22/-24 -43/-1/-24 -42/-1/-24 -41/-22/-24 
f -43/-1/-3 -40/-19/-3 -39/-19/-3 -42/-1/-3 
f -40/-19/-4 -38/-2/-4 -37/-2/-4 -39/-19/-4 
f -38/-2/-5 -36/-10/-5 -35/-10/-5 -37/-2/-5 
f -36/-10/-6 -34/-3/-6 -33/-3/-6 -35/-10/-6 
f -34/-3/-7 -32/-4/-7 -31/-4/-7 -33/-3/-7 
f -32/-4/-8 -30/-5/-8 -29/-5/-8 -31/-4/-8 
f -30/-5/-9 -28/-7/-9 -27/-7/-9 -29/-5/-9 
f -28/-7/-10 -26/-6/-10 -25/-6/-10 -27/-7/-10 
f -26/-6/-11 -24/-8/-11 -23/-8/-11 -25/-6/-11 
f -24/-8/-12 -22/-9/-12 -21/-9/-12 -23/-8/-12 
f -22/-9/-13 -20/-12/-13 -19/-12/-13 -21/-9/-13 
f -20/-12/-14 -18/-11/-14 -17/-11/-14 -19/-12/-14 
f -18/-11/-15 -16/-13/-15 -15/-13/-15 -17/-11/-15 
f -16/-13/-16 -14/-14/-16 -13/-14/-16 -15/-13/-16 
f -14/-14/-17 -12/-16/-17 -11/-16/-17 -13/-14/-17 
f -12/-16/-18 -10/-15/-18 -9/-15/-18 -11/-16/-18 
f -10/-15/-19 -8/-17/-19 -7/-17/-19 -9/-15/-19 
f -8/-17/-20 -6/-18/-20 -5/-18/-20 -7/-17/-20 
f -6/-18/-21 -4/-20/-21 -3/-20/-21 -5/-18/-21 
f -4/-20/-22 -2/-21/-22 -1/-21/-22 -3/-20/-22 
f -2/-21/-23 -44/-22/-23 -41/-22/-23 -1/-21/-23 
f -43/-1/-2 -44/-22/-2 -153/-22/-2 -154/-1/-2 
f -44/-22/-2 -2/-21/-2 -150/-21/-2 -153/-22/-2 
f -2/-21/-2 -4/-20/-2 -148/-20/-2 -150/-21/-2 
f -4/-20/-2 -6/-18/-2 -146/-18/-2 -148/-20/-2 
f -6/-18/-2 -8/-17/-2 -144/-17/-2 -146/-18/-2 
f -8/-17/-2 -10/-15/-2 -142/-15/-2 -144/-17/-2 
f -10/-15/-2 -12/-16/-2 -140/-16/-2 -142/-15/-2 
f -12/-16/-2 -14/-14/-2 -138/-14/-2 -140/-16/-2 
f -14/-14/-2 -16/-13/-2 -136/-13/-2 -138/-14/-2 
f -16/-13/-2 -18/-11/-2 -134/-11/-2 -136/-13/-2 
f -18/-11/-2 -20/-12/-2 -132/-12/-2 -134/-11/-2 
f -20/-12/-2 -22/-9/-2 -130/-9/-2 -132/-12/-2 
f -22/-9/-2 -24/-8/-2 -128/-8/-2 -130/-9/-2 
f -24/-8/-2 -26/-6/-2 -126/-6/-2 -128/-8/-2 
f -26/-6/-2 -28/-7/-2 -124/-7/-2 -126/-6/-2 
f -28/-7/-2 -30/-5/-2 -122/-5/-2 -124/-7/-2 
f -30/-5/-2 -32/-4/-2 -120/-4/-2 -122/-5/-2 
f -32/-4/-2 -34/-3/-2 -118/-3/-2 -120/-4/-2 
f -34/-3/-2 -36/-10/-2 -116/-10/-2 -118/-3/-2 
f -36/-10/-2 -38/-2/-2 -114/-2/-2 -116/-10/-2 
f -38/-2/-2 -40/-19/-2 -112/-19/-2 -114/-2/-2 
f -40/-19/-2 -43/-1/-2 -154/-1/-2 -112/-19/-2 
f -85/-22/-25 -86/-1/-25 -151/-1/-25 -152/-22/-25 
f -86/-1/-25 -83/-19/-25 -111/-19/-25 -151/-1/-25 
f -83/-19/-25 -81/-2/-25 -113/-2/-25 -111/-19/-25 
f -81/-2/-25 -79/-10/-25 -115/-10/-25 -113/-2/-25 
f -79/-10/-25 -77/-3/-25 -117/-3/-25 -115/-10/-25 
f -77/-3/-25 -75/-4/-25 -119/-4/-25 -117/-3/-25 
f -75/-4/-25 -73/-5/-25 -121/-5/-25 -119/-4/-25 
f -73/-5/-25 -71/-7/-25 -123/-7/-25 -121/-5/-25 
f -71/-7/-25 -69/-6/-25 -125/-6/-25 -123/-7/-25 
f -69/-6/-25 -67/-8/-25 -127/-8/-25 -125/-6/-25 
f -67/-8/-25 -65/-9/-25 -129/-9/-25 -127/-8/-25 
f -65/-9/-25 -63/-12/-25 -131/-12/-25 -129/-9/-25 
f -63/-12/-25 -61/-11/-25 -133/-11/-25 -131/-12/-25 
f -61/-11/-25 -59/-13/-25 -135/-13/-25 -133/-11/-25 
f -59/-13/-25 -57/-14/-25 -137/-14/-25 -135/-13/-25 
f -57/-14/-25 -55/-16/-25 -139/-16/-25 -137/-14/-25 
f -55/-16/-25 -53/-15/-25 -141/-15/-25 -139/-16/-25 
f -53/-15/-25 -51/-17/-25 -143/-17/-25 -141/-15/-25 
f -51/-17/-25 -49/-18/-25 -145/-18/-25 -143/-17/-25 
f -49/-18/-25 -47/-20/-25 -147/-20/-25 -145/-18/-25 
f -47/-20/-25 -45/-21/-25 -149/-21/-25 -147/-20/-25 
f -45/-21/-25 -85/-22/-25 -152/-22/-25 -149/-21/-25 
f -87/-1/-13 -88/-22/-13 -264/-22/-13 -243/-1/-13 
f -88/-22/-12 -46/-21/-12 -263/-21/-12 -264/-22/-12 
f -46/-21/-11 -48/-20/-11 -262/-20/-11 -263/-21/-11 
f -48/-20/-10 -50/-18/-10 -260/-18/-10 -262/-20/-10 
f -50/-18/-9 -52/-17/-9 -259/-17/-9 -260/-18/-9 
f -52/-17/-1 -54/-15/-1 -257/-15/-1 -259/-17/-1 
f -54/-15/-7 -56/-16/-7 -258/-16/-7 -257/-15/-7 
f -56/-16/-6 -58/-14/-6 -256/-14/-6 -258/-16/-6 
f -58/-14/-5 -60/-13/-5 -255/-13/-5 -256/-14/-5 
f -60/-13/-4 -62/-11/-4 -253/-11/-4 -255/-13/-4 
f -62/-11/-3 -64/-12/-3 -254/-12/-3 -253/-11/-3 
f -64/-12/-24 -66/-9/-24 -251/-9/-24 -254/-12/-24 
f -66/-9/-23 -68/-8/-23 -250/-8/-23 -251/-9/-23 
f -68/-8/-22 -70/-6/-22 -248/-6/-22 -250/-8/-22 
f -70/-6/-21 -72/-7/-21 -249/-7/-21 -248/-6/-21 
f -72/-7/-20 -74/-5/-20 -247/-5/-20 -249/-7/-20 
f -74/-5/-19 -76/-4/-19 -246/-4/-19 -247/-5/-19 
f -76/-4/-18 -78/-3/-18 -245/-3/-18 -246/-4/-18 
f -78/-3/-17 -80/-10/-17 -252/-10/-17 -245/-3/-17 
f -80/-10/-16 -82/-2/-16 -244/-2/-16 -252/-10/-16 
f -82/-2/-15 -84/-19/-15 -261/-19/-15 -244/-2/-15 
f -84/-19/-14 -87/-1/-14 -243/-1/-14 -261/-19/-14 
# 227 polygons - 6 triangles

