<?xml version="1.0"?>
<COLLADA xmlns="http://www.collada.org/2005/11/COLLADASchema" version="1.4.1">
  <asset>
    <contributor>
      <author>Assimp</author>
      <authoring_tool>Assimp Exporter</authoring_tool>
    </contributor>
    <created>2020-01-30T11:21:25</created>
    <modified>2020-01-30T11:21:25</modified>
    <unit name="meter" meter="0.01" />
    <up_axis>Y_UP</up_axis>
  </asset>
  <library_effects>
    <effect id="Beach-fx" name="Beach">
      <profile_COMMON>
        <technique sid="standard">
          <phong>
            <diffuse>
              <color sid="diffuse">0.992157   1   0.486275   1</color>
            </diffuse>
          </phong>
        </technique>
      </profile_COMMON>
    </effect>
    <effect id="Water-fx" name="Water">
      <profile_COMMON>
        <technique sid="standard">
          <phong>
            <diffuse>
              <color sid="diffuse">0.145098   0.321569   0.988235   1</color>
            </diffuse>
          </phong>
        </technique>
      </profile_COMMON>
    </effect>
    <effect id="Boat-fx" name="Boat">
      <profile_COMMON>
        <technique sid="standard">
          <phong>
            <diffuse>
              <color sid="diffuse">0.0901961   0.0901961   0.0901961   1</color>
            </diffuse>
          </phong>
        </technique>
      </profile_COMMON>
    </effect>
    <effect id="Ribbon-fx" name="Ribbon">
      <profile_COMMON>
        <technique sid="standard">
          <phong>
            <diffuse>
              <color sid="diffuse">1   0.431373   0   1</color>
            </diffuse>
          </phong>
        </technique>
      </profile_COMMON>
    </effect>
  </library_effects>
  <library_materials>
    <material id="Beach" name="Beach">
      <instance_effect url="#Beach-fx"/>
    </material>
    <material id="Water" name="Water">
      <instance_effect url="#Water-fx"/>
    </material>
    <material id="Boat" name="Boat">
      <instance_effect url="#Boat-fx"/>
    </material>
    <material id="Ribbon" name="Ribbon">
      <instance_effect url="#Ribbon-fx"/>
    </material>
  </library_materials>
  <library_geometries>
    <geometry id="meshId0" name="meshId0_name" >
      <mesh>
        <source id="meshId0-positions" name="meshId0-positions">
          <float_array id="meshId0-positions-array" count="171"> -0.461923 0.0175513 -0.442069 -0.358584 0.0269766 -0.592919 -0.549799 0.0373409 -0.592919 -0.582004 0.0269766 -0.436965 -0.700648 0.0269766 -0.442069 -0.799609 0.0470332 -0.250855 -0.700648 0.0269766 -0.295634 0.049007 -0.0345258 -0.592919 -0.189537 -0.0129552 -0.592919 -0.274387 -0.00822952 -0.442069 -0.00820127 -0.0428861 -0.406847 0.391071 -0.0682741 -0.442069 0.240221 -0.0544864 -0.592919 0.240221 -0.0544864 -0.442069 0.490032 -0.093525 -0.250855 0.391071 -0.0704994 -0.250855 -0.799609 0.0376439 0.189255 -0.700648 0.0269766 0.380469 -0.696155 0.0484263 0.189255 -0.549798 0.0269766 0.531319 -0.358584 0.0025478 0.63028 -0.358584 0.0269766 0.531319 -0.171048 -0.00822952 0.665828 -0.171048 -0.00214046 0.531319 0.049007 -0.0345258 0.63028 0.049007 -0.0345258 0.531319 0.240221 -0.0652108 0.531319 0.240222 -0.0788944 0.380469 0.391071 -0.0863342 0.380469 0.422241 -0.0866518 0.189255 0.490032 -0.0866518 0.189255 -0.549798 0.0300576 0.380469 -0.573186 0.0269766 -0.339687 -0.461923 0.0269766 -0.30459 -0.274387 -0.00560511 -0.250855 -0.00820127 -0.0463882 -0.215632 0.240221 -0.0544864 -0.250855 0.306123 -0.0938558 0.189255 0.114908 -0.0508537 0.189255 0.049007 -0.0345258 0.380469 -0.105147 -2.8424e-06 0.189255 -0.106001 0.00648202 0.380469 -0.292683 0.0416882 0.189255 -0.293537 0.0416882 0.380469 -0.545306 0.0484263 0.189255 0.52558 -0.0741705 -0.0308 0.391071 -0.0641891 -0.0308 0.240221 -0.0641891 -0.0308 0.049007 -0.042557 -0.0308 -0.171048 -0.00822952 -0.0308 -0.358584 0.0269766 -0.0308 -0.545306 0.0484263 -0.0308 -0.696155 0.0484263 -0.0308 -0.835157 0.0470332 -0.0308 0.049007 -0.0345258 -0.69188 -0.189537 -0.0177794 -0.727428 -0.358584 0.0133062 -0.69188 </float_array>
          <technique_common>
            <accessor count="57" offset="0" source="#meshId0-positions-array" stride="3">
              <param name="X" type="float" />
              <param name="Y" type="float" />
              <param name="Z" type="float" />
            </accessor>
          </technique_common>
        </source>
        <source id="meshId0-normals" name="meshId0-normals">
          <float_array id="meshId0-normals-array" count="171"> 0.10223 0.994201 0.033353 0.135262 0.9908 0.00450123 0.0491433 0.997614 0.0484983 0.0241136 0.999327 0.02763 0.033228 0.999263 0.01924 0.101253 0.994402 -0.0302209 0.0728761 0.9969 -0.0296671 0.0902074 0.995773 0.0172756 0.136011 0.990586 0.0155127 0.15193 0.987396 0.0443407 0.0920924 0.995431 0.0252385 0.118457 0.992946 0.00515288 0.0840492 0.996246 0.0207277 0.0769693 0.996939 0.0137177 0.173654 0.984079 -0.0378481 0.129827 0.991474 -0.0111074 -0.0708472 0.995809 0.0578281 -0.0295332 0.996247 0.0813623 -0.0404561 0.99742 0.0592968 -0.0200143 0.996868 0.0765061 0.057696 0.983497 0.171477 0.0463974 0.989472 0.137089 0.113918 0.990509 0.0769013 0.145123 0.984538 0.0981016 0.14362 0.989507 0.0158046 0.169343 0.985476 0.0126795 0.147629 0.987789 -0.0497835 0.128507 0.990793 -0.0425946 0.0141361 0.998675 -0.0494809 0.00745913 0.999149 0.0405734 0.0301388 0.998385 0.0481561 -0.0165441 0.998267 0.0564686 0.0265788 0.99889 -0.0388894 0.111736 0.992511 -0.0493745 0.163939 0.985493 -0.0439108 0.106745 0.994141 -0.0170338 0.0644371 0.997897 0.00697552 0.0704593 0.997024 0.0312795 0.202498 0.979269 -0.00525315 0.212193 0.977228 0.00062452 0.206811 0.977227 -0.0475031 0.20127 0.978661 0.0413932 0.120548 0.992144 -0.0334343 0.0958801 0.993303 0.0644661 0.0110843 0.999577 0.0269007 0.0947891 0.995483 0.00527899 0.0522727 0.997963 0.0365695 0.0744855 0.996464 0.0388731 0.142451 0.989568 -0.0215014 0.18184 0.980208 -0.0782739 0.132821 0.98877 -0.0685014 0.0338391 0.998523 -0.0425083 0.0019957 0.999753 -0.022156 0.0103071 0.999922 -0.00711572 0.0902398 0.995841 -0.0125756 0.138293 0.989206 -0.0484413 0.143558 0.984578 -0.099985 </float_array>
          <technique_common>
            <accessor count="57" offset="0" source="#meshId0-normals-array" stride="3">
              <param name="X" type="float" />
              <param name="Y" type="float" />
              <param name="Z" type="float" />
            </accessor>
          </technique_common>
        </source>
        <source id="meshId0-tangents" name="meshId0-tangents">
          <float_array id="meshId0-tangents-array" count="171"> -0.0176949 0.0353408 -0.999219 -0.0247289 0.00791743 -0.999663 -0.0261675 0.0498263 -0.998415 -0.0231906 0.0281897 -0.999334 -0.0228235 0.0200042 -0.999539 -0.0279272 -0.0275241 -0.999231 -0.0255879 -0.0278675 -0.999284 -0.0222866 0.0193603 -0.999564 -0.022218 0.0187041 -0.999578 -0.0173721 0.0475222 -0.998719 -0.0210011 0.0272822 -0.999407 -0.0211877 0.00771582 -0.999746 -0.0214036 0.0226014 -0.999515 -0.0214283 0.0154094 -0.999652 -0.0258378 -0.0338661 -0.999092 -0.02286 -0.00820625 -0.999705 -0.0246403 0.056209 -0.998115 -0.0244534 0.0806534 -0.996442 -0.0250989 0.0583123 -0.997983 -0.0168206 0.0761748 -0.996953 -0.0103488 0.172343 -0.984983 -0.0114614 0.137755 -0.9904 -0.0168805 0.0793238 -0.996706 -0.0121762 0.100921 -0.99482 -0.0220628 0.0191677 -0.999573 -0.0232453 0.0168555 -0.999588 -0.0328749 -0.0454064 -0.998428 -0.0308595 -0.0389348 -0.998765 -0.0314492 -0.0490173 -0.998303 -0.0240645 0.0407421 -0.99888 -0.0245325 0.0489023 -0.998502 -0.0215189 0.0561078 -0.998193 -0.0266941 -0.0381801 -0.998914 -0.0306219 -0.0462232 -0.998462 -0.0293011 -0.0396287 -0.998785 -0.0261449 -0.0143193 -0.999556 -0.0224417 0.00843733 -0.999713 -0.0236753 0.0330201 -0.999174 -0.0254054 -0.000109184 -0.999677 -0.0259023 0.00626322 -0.999645 -0.0324439 -0.0416761 -0.998604 -0.0206771 0.0464934 -0.998705 -0.0301511 -0.0300051 -0.999095 -0.0190479 0.0665835 -0.997599 -0.025227 0.0271733 -0.999312 -0.0263289 0.00780796 -0.999623 -0.0231905 0.0378227 -0.999015 -0.0234243 0.0407189 -0.998896 -0.0287921 -0.017571 -0.999431 -0.0367803 -0.0727654 -0.996671 -0.0326309 -0.0647139 -0.99737 -0.0288619 -0.0415386 -0.99872 -0.0272851 -0.0220933 -0.999384 -0.0262572 -0.006843 -0.999632 -0.0251392 -0.0103454 -0.99963 -0.0309094 -0.0445765 -0.998528 -0.0382548 -0.0954351 -0.9947 </float_array>
          <technique_common>
            <accessor count="57" offset="0" source="#meshId0-tangents-array" stride="3">
              <param name="X" type="float" />
              <param name="Y" type="float" />
              <param name="Z" type="float" />
            </accessor>
          </technique_common>
        </source>
        <source id="meshId0-bitangents" name="meshId0-bitangents">
          <float_array id="meshId0-bitangents-array" count="171"> -0.994603 0.10156 0.0212052 -0.990501 0.135105 0.0255723 -0.998449 0.0477963 0.0285537 -0.99944 0.0234567 0.0238547 -0.999187 0.0327736 0.0234714 -0.994469 0.10202 0.0249839 -0.997013 0.073583 0.0234777 -0.995674 0.0897831 0.0239388 -0.990458 0.135609 0.0245528 -0.988239 0.150965 0.0243731 -0.995529 0.0915077 0.0234176 -0.992733 0.118318 0.0219522 -0.996232 0.0835648 0.0232228 -0.996803 0.0766485 0.0225487 -0.984468 0.174474 0.0195455 -0.991273 0.130042 0.0215997 -0.997183 -0.0721386 0.0205548 -0.999265 -0.0314178 0.0219796 -0.998866 -0.0418628 0.0226751 -0.999658 -0.0212402 0.0152434 -0.998281 0.055055 0.0201215 -0.998857 0.0443807 0.0177322 -0.993347 0.112244 0.0257567 -0.989339 0.143177 0.0266339 -0.989387 0.14321 0.0245842 -0.985283 0.168979 0.0257621 -0.988496 0.149033 0.0257702 -0.991228 0.129663 0.025572 -0.999405 0.0156683 0.0307146 -0.999683 0.0064744 0.0243479 -0.999245 0.0289123 0.0259667 -0.999632 -0.0177294 0.0205533 -0.99929 0.0275881 0.0256496 -0.993266 0.113076 0.0252277 -0.986035 0.165026 0.0223793 -0.993943 0.107143 0.0244632 -0.997669 0.064262 0.0229381 -0.997234 0.0696606 0.0259314 -0.978953 0.202566 0.0248566 -0.976884 0.212102 0.0266414 -0.977843 0.208064 0.023086 -0.979318 0.200153 0.0295936 -0.992249 0.121447 0.0262972 -0.995211 0.094422 0.0253043 -0.99962 0.0103981 0.0255175 -0.995149 0.0946144 0.0269501 -0.998364 0.0513732 0.0251204 -0.996947 0.0734927 0.0263744 -0.989383 0.142989 0.0259888 -0.98264 0.184114 0.0228207 -0.990603 0.134707 0.0236691 -0.999011 0.0350227 0.0274136 -0.999626 0.00259899 0.0272343 -0.999602 0.0104902 0.0261846 -0.995603 0.0905226 0.0241011 -0.989909 0.139587 0.0244111 -0.988902 0.146622 0.0239644 </float_array>
          <technique_common>
            <accessor count="57" offset="0" source="#meshId0-bitangents-array" stride="3">
              <param name="X" type="float" />
              <param name="Y" type="float" />
              <param name="Z" type="float" />
            </accessor>
          </technique_common>
        </source>
        <source id="meshId0-tex0" name="meshId0-tex0">
          <float_array id="meshId0-tex0-array" count="114"> 0.799229 0.705429 0.905847 0.630264 0.909613 0.766529 0.797853 0.79209 0.803507 0.877173 0.668253 0.952334 0.698799 0.879527 0.898854 0.33447 0.90302 0.506389 0.796002 0.569658 0.766203 0.377954 0.78497 0.0905556 0.895586 0.196688 0.787428 0.199181 0.646199 0.0204036 0.647691 0.0933265 0.352792 0.960223 0.213862 0.892753 0.351356 0.885824 0.103635 0.786769 0.0290305 0.650859 0.101831 0.650396 0.0005 0.516811 0.0969664 0.514973 0.0222259 0.357226 0.0931548 0.35548 0.0896518 0.216639 0.197994 0.212358 0.194655 0.104246 0.330883 0.0782857 0.3297 0.0297391 0.211575 0.784777 0.727897 0.787525 0.700409 0.708554 0.659051 0.573051 0.629311 0.380984 0.650206 0.202263 0.332659 0.161081 0.336791 0.300539 0.201255 0.352557 0.340786 0.461823 0.20442 0.467056 0.343871 0.598322 0.208496 0.602575 0.348668 0.77814 0.486936 0.0005 0.48965 0.0971385 0.491948 0.205573 0.495688 0.34379 0.499641 0.50333 0.502442 0.639818 0.505806 0.774167 0.508729 0.882145 0.511204 0.981728 0.969731 0.332759 0.9995 0.503554 0.976975 0.627132 </float_array>
          <technique_common>
            <accessor count="57" offset="0" source="#meshId0-tex0-array" stride="2">
              <param name="S" type="float" />
              <param name="T" type="float" />
            </accessor>
          </technique_common>
        </source>
        <vertices id="meshId0-vertices">
          <input semantic="POSITION" source="#meshId0-positions" />
        </vertices>
        <polylist count="92" material="defaultMaterial">
          <input offset="0" semantic="VERTEX" source="#meshId0-vertices" />
          <input offset="0" semantic="NORMAL" source="#meshId0-normals" />
          <input offset="0" semantic="TANGENT" source="#meshId0-tangents" />
          <input offset="0" semantic="BINORMAL" source="#meshId0-bitangents" />
          <input offset="0" semantic="TEXCOORD" source="#meshId0-tex0" set="0" />
          <vcount>3 3 3 3 3 3 3 3 3 3 3 3 3 3 3 3 3 3 3 3 3 3 3 3 3 3 3 3 3 3 3 3 3 3 3 3 3 3 3 3 3 3 3 3 3 3 3 3 3 3 3 3 3 3 3 3 3 3 3 3 3 3 3 3 3 3 3 3 3 3 3 3 3 3 3 3 3 3 3 3 3 3 3 3 3 3 3 3 3 3 3 3 </vcount>
          <p>3 0 1 1 2 3 4 5 6 10 7 8 8 9 10 1 0 9 9 8 1 11 12 13 13 12 7 7 10 13 14 11 15 16 17 18 19 20 21 21 20 22 22 23 21 25 23 22 22 24 25 25 24 26 27 26 28 29 28 30 17 19 31 3 2 4 4 6 32 32 3 4 3 32 33 33 0 3 0 33 34 34 9 0 9 34 35 35 10 9 10 35 36 36 13 10 13 36 15 15 11 13 28 29 37 37 27 28 27 37 38 38 39 27 39 38 40 40 41 39 41 40 42 42 43 41 43 42 44 44 31 43 31 44 18 18 17 31 29 30 45 45 46 29 29 46 47 47 37 29 37 47 48 48 38 37 38 48 49 49 40 38 40 49 50 50 42 40 42 50 51 51 44 42 44 51 52 52 18 44 18 52 53 53 16 18 6 5 53 53 52 6 6 52 51 51 32 6 32 51 50 50 33 32 33 50 49 49 34 33 34 49 48 48 35 34 35 48 47 47 36 35 36 47 46 46 15 36 15 46 45 45 14 15 25 26 27 27 39 25 25 39 41 41 23 25 23 41 43 43 21 23 21 43 31 31 19 21 12 54 7 7 54 55 55 8 7 1 8 55 55 56 1 1 56 2 </p>
        </polylist>
      </mesh>
    </geometry>
    <geometry id="meshId1" name="meshId1_name" >
      <mesh>
        <source id="meshId1-positions" name="meshId1-positions">
          <float_array id="meshId1-positions-array" count="3270"> -0.136752 0.00933088 -0.591009 -0.12748 0.0226737 -0.59707 -0.157389 0.0230434 -0.634762 -0.165145 0.00944751 -0.627505 -0.187727 0.0235071 -0.665131 -0.195359 0.00966808 -0.659309 -0.227973 0.011672 -0.631472 -0.198462 0.0114243 -0.600912 -0.169144 0.0112381 -0.564714 -0.145102 0.029081 -0.638384 -0.176428 0.029081 -0.67035 -0.206553 0.029081 -0.697815 -0.218638 0.0237785 -0.693379 -0.224793 0.00985366 -0.687043 -0.257925 0.0120498 -0.660102 -0.309269 0.0281026 -0.618337 -0.278513 0.0252344 -0.591566 -0.24811 0.0242302 -0.560626 -0.248605 0.0241587 -0.717577 -0.254871 0.0100852 -0.712595 -0.286622 0.0119915 -0.685533 -0.142136 0.0241397 -0.755533 -0.0885472 0.0124133 -0.794161 -0.121941 0.0126523 -0.819365 -0.172562 0.0242226 -0.780112 -0.152018 0.0128649 -0.84166 -0.203524 0.0244658 -0.802966 -0.265806 0.029081 -0.745837 -0.23741 0.029081 -0.723283 -0.229506 0.0243746 -0.824698 -0.293038 0.029081 -0.767964 -0.304232 0.0245133 -0.76216 -0.277744 0.0242111 -0.740979 -0.109091 0.0238105 -0.727728 -0.282869 0.010213 -0.735664 -0.354434 0.00951955 -0.800431 -0.365705 0.0108963 -0.754498 -0.333523 0.0102119 -0.779109 -0.340558 0.0109125 -0.7328 -0.30982 0.0103081 -0.758122 -0.327968 0.0241309 -0.78391 -0.336711 0.019422 -0.813578 -0.374183 0.0114288 -0.706851 -0.349628 0.020262 -0.681521 -0.314352 0.0112165 -0.710387 -0.315982 0.029081 -0.788688 -0.385498 0.019888 -0.653582 -0.399629 0.024752 -0.594841 -0.378724 0.0340781 -0.611515 -0.387443 0.027257 -0.553024 -0.376335 0.0356659 -0.558246 -0.33263 0.0279627 -0.649281 -0.347638 0.0350605 -0.528334 0.348577 0.0244733 -0.499254 0.410074 0.0149162 -0.561452 0.388326 0.0146923 -0.598649 0.324072 0.0248685 -0.535563 0.366848 0.0143219 -0.63677 0.306713 0.0243982 -0.580425 0.239913 0.029081 -0.515827 0.260061 0.029081 -0.471499 0.281345 0.029081 -0.430034 0.430877 0.0110796 -0.640575 0.410769 0.0110796 -0.67928 0.386891 0.0110796 -0.714028 0.346296 0.0138984 -0.677932 0.285603 0.0246941 -0.623111 0.22186 0.029081 -0.563733 0.210913 0.0235848 -0.558453 0.229477 0.0243269 -0.509745 0.250723 0.0237315 -0.46447 0.320502 0.0137321 -0.714383 0.266189 0.0242612 -0.668452 0.200799 0.029081 -0.609574 0.424294 0.0110796 -0.744792 0.459835 0.0110796 -0.763045 0.437743 0.0110796 -0.814818 0.394931 0.0110796 -0.779385 0.374905 0.0110796 -0.832479 0.356589 0.0110796 -0.806596 0.326032 0.0110796 -0.778049 0.36055 0.0110796 -0.749892 0.314547 0.0110796 -0.82705 0.292844 0.0110796 -0.804784 0.257728 0.0151437 -0.77751 0.291598 0.0139281 -0.748539 0.445826 0.0110796 -0.705532 0.238017 0.0247054 -0.705814 0.145116 0.0245206 -0.800045 0.078769 0.029081 -0.746143 0.115005 0.029081 -0.720209 0.177114 0.0248995 -0.771947 0.146313 0.029081 -0.688055 0.210208 0.0244413 -0.742378 0.225195 0.0156904 -0.805263 0.188861 0.0170567 -0.828064 0.101362 0.0229595 -0.716359 0.133498 0.0238591 -0.683929 0.163774 0.0235201 -0.648128 0.176019 0.029081 -0.652037 0.256523 0.0110801 -0.827515 0.154021 0.0100826 -0.63984 0.111487 0.0113143 -0.60012 0.143948 0.0112772 -0.565003 0.183916 0.00966353 -0.602252 0.171877 0.0112757 -0.525615 0.206495 0.00965263 -0.554851 0.188864 0.0242953 -0.605304 0.226756 0.00975455 -0.505868 0.12031 0.0102486 -0.673227 -0.05546 0.0120301 -0.767996 -0.0200175 0.0116698 -0.792018 -0.055023 0.0118481 -0.818425 -0.0881137 0.0117854 -0.84245 -0.0773686 0.023627 -0.697458 -0.0214873 0.0118266 -0.73859 0.0146811 0.0116559 -0.765281 0.0284546 0.0236774 -0.770777 -0.00830388 0.0242112 -0.796471 -0.0434194 0.0242199 -0.821188 -0.0464401 0.0234377 -0.660542 0.0114148 0.0114843 -0.7064 0.0499579 0.0111529 -0.735577 -0.108285 0.00928555 -0.548295 -0.099211 0.0224671 -0.555493 -0.0871931 0.029081 -0.558892 -0.115993 0.029081 -0.601443 -0.0692178 0.0219834 -0.511299 -0.0581333 0.029081 -0.515708 0.0145444 0.0231552 -0.579928 -0.0161142 0.0231975 -0.621443 0.0439533 0.011381 -0.670346 0.0775319 0.0113292 -0.63534 0.044548 0.0228927 -0.538955 0.0709042 0.0229948 -0.494958 0.0846812 0.0110635 -0.704733 -0.0310812 0.029081 -0.469087 0.108325 0.0248998 -0.823537 0.0431029 0.029081 -0.772191 0.0642249 0.023799 -0.744036 0.00696976 0.029081 -0.796664 0.647811 0.0110796 -0.60019 0.60192 0.0110796 -0.660305 0.597674 0.0110796 -0.620642 0.560199 0.0110796 -0.676475 0.559851 0.0110796 -0.639792 0.540289 0.0110796 -0.598634 0.576904 0.0110796 -0.57751 0.607555 0.0110796 -0.546118 0.551046 0.0110796 -0.715586 0.513505 0.0110796 -0.723766 0.526216 0.0110796 -0.688306 0.525062 0.0110796 -0.652786 0.510351 0.0110796 -0.619471 0.47951 0.0110796 -0.579249 0.511255 0.0110796 -0.554349 0.540309 0.0110796 -0.526773 0.493807 0.0110796 -0.686737 0.501658 0.0110796 -0.661113 0.483096 0.0110796 -0.640598 0.496116 0.0110796 -0.767 0.480116 0.0110796 -0.723561 0.465095 0.0110796 -0.672041 0.37094 0.0248595 -0.461566 0.437521 0.0146923 -0.530451 0.454278 0.0110796 -0.608857 0.465325 0.0143219 -0.500051 0.647968 0.0131232 0.546964 0.677621 0.0224201 0.493351 0.635131 0.0287962 0.509239 0.700766 0.0172275 0.435114 0.67054 0.0227652 0.446934 0.646494 0.0238621 0.43659 0.594678 0.029081 0.514327 0.596663 0.022192 0.529019 0.731034 0.011265 0.41557 0.738265 0.011063 0.370963 0.71785 0.0110796 0.389134 0.696867 0.01277 0.395033 0.679242 0.0144738 0.387768 0.661711 0.0142674 0.366151 0.624863 0.0242725 0.418746 0.568503 0.029081 0.491863 0.719457 0.0111647 0.353732 0.705838 0.010608 0.366651 0.696819 0.0103546 0.351704 0.76267 0.0118035 0.346977 0.781958 0.0180256 0.280688 0.74992 0.0198624 0.314442 0.762865 0.0201167 0.237656 0.727621 0.0272566 0.288394 0.704593 0.0265089 0.320145 0.73503 0.0151928 0.336922 0.71728 0.0264012 0.249047 0.674439 0.029081 0.308349 0.672209 0.0257151 0.320996 0.705769 0.0167611 0.332032 0.64259 0.0133827 0.275857 0.623795 0.0125276 0.307918 0.644337 0.0130626 0.340011 0.658624 0.0145152 0.307904 0.680745 0.0120869 0.331895 0.656116 0.0268029 0.292674 0.640012 0.0256177 0.257432 0.603026 0.0240609 0.39113 0.658649 0.029081 0.275246 0.810864 0.0110796 0.20065 0.799152 0.0114337 0.201211 0.816754 0.0110796 0.14159 0.808235 0.0110796 0.146596 0.797631 0.0110796 0.132314 0.787836 0.0116887 0.182571 0.826127 0.0110796 0.124451 0.827084 0.0124837 0.0757633 0.821789 0.0110965 0.094662 0.813346 0.0110796 0.100637 0.806091 0.0117715 0.090961 0.789293 0.0165562 0.0732822 0.787575 0.0110176 0.109706 0.774516 0.0115226 0.151493 0.815498 0.0165225 0.0612701 0.81321 0.0143486 0.0733079 0.802942 0.0182143 0.0617947 0.830381 0.015832 0.0506699 0.833397 0.0161195 -0.0273476 0.82208 0.0203362 0.0130965 0.830619 0.0142726 -0.0647793 0.823508 0.0180541 -0.0254929 0.810328 0.0223403 0.0107705 0.818923 0.0191461 0.0414282 0.819335 0.0169802 -0.0572767 0.810359 0.0202163 -0.0228811 0.793398 0.0248409 0.0139734 0.80485 0.0219861 0.0380455 0.7535 0.0293484 -0.00398522 0.733075 0.029081 0.0498446 0.760035 0.0259349 0.0604025 0.759298 0.0304704 0.0322144 0.786225 0.0241059 0.0460097 0.789567 0.0235495 -0.0179314 0.780828 0.0230303 -0.0516449 0.769622 0.0141386 0.0816571 0.803207 0.0201535 -0.0530125 0.37616 0.0110796 -0.858075 0.325328 0.0110796 -0.871896 0.329018 0.0110796 -0.849743 0.311465 0.0110796 -0.896609 0.267113 0.0110796 -0.904356 0.284658 0.0110796 -0.883146 0.288683 0.0110796 -0.862425 0.279169 0.0110796 -0.845668 0.249027 0.0110796 -0.886302 0.261828 0.0110796 -0.871071 0.246347 0.0110796 -0.862397 0.242939 0.0110796 -0.929123 0.171218 0.0110796 -0.955812 0.201775 0.0110796 -0.929701 0.131603 0.0110796 -0.94986 0.164147 0.0110796 -0.926028 0.193489 0.0110796 -0.902778 0.228785 0.0110796 -0.907827 0.127736 0.0110909 -0.916011 0.16017 0.0111667 -0.894072 0.191795 0.0112375 -0.87125 0.220488 0.0110796 -0.882748 0.223656 0.0112033 -0.849809 0.155722 0.0170272 -0.852732 0.119992 0.0176375 -0.874283 0.0732456 0.0244476 -0.848147 0.086088 0.0171173 -0.898498 0.037016 0.024567 -0.870919 -0.0285697 0.029081 -0.821952 0.051203 0.0171507 -0.921683 0.00155066 0.0244852 -0.895368 -0.0637653 0.029081 -0.845379 0.0969381 0.0110796 -0.976874 0.0592389 0.0110796 -0.965399 0.0941097 0.0110796 -0.940726 0.0234946 0.0110796 -0.992333 -0.0172997 0.0164138 -0.972125 0.0166582 0.0165827 -0.947439 -0.033136 0.0245853 -0.918849 -0.125102 0.0232819 -0.993482 -0.166272 0.0271759 -0.95887 -0.160981 0.029081 -0.916487 -0.0986279 0.0249653 -0.966848 -0.130308 0.029081 -0.892671 -0.0679862 0.0249493 -0.943319 -0.0506926 0.0159549 -0.998563 -0.172942 0.0257965 -0.911224 -0.144719 0.0248776 -0.891089 -0.112717 0.0248132 -0.867657 -0.0985722 0.029081 -0.869651 -0.121128 0.0116848 -0.866125 -0.0790496 0.0244316 -0.84547 -0.149121 0.0114029 -0.888139 -0.18072 0.0129959 -0.864055 -0.175988 0.0114565 -0.910014 -0.204595 0.0130316 -0.884883 -0.254431 0.0245432 -0.84574 -0.194742 0.0100944 -0.932378 -0.225789 0.0128778 -0.906075 -0.270866 0.0227757 -0.868241 -0.166579 0.0172556 -0.998951 -0.188342 0.0134517 -0.976353 -0.18153 0.0192394 -0.946707 -0.200166 0.0109694 -1 -0.226109 0.0109707 -0.972927 -0.212492 0.0100823 -0.953745 -0.240906 0.0113117 -0.926726 -0.270939 0.0110796 -0.982436 -0.294887 0.0110796 -0.937171 -0.264406 0.0110796 -0.964388 -0.285893 0.0125497 -0.917964 -0.25488 0.0110796 -0.946031 -0.236919 0.0110796 -0.991917 -0.321063 0.0142618 -0.889275 -0.316941 0.0198979 -0.863146 -0.279532 0.0177321 -0.894397 -0.343001 0.0137752 -0.842494 -0.32158 0.0285066 -0.826337 -0.351646 -0.00704435 0.545656 -0.350872 0.00263064 0.608411 -0.326105 -0.00517787 0.578765 -0.332896 0.0128492 0.645166 -0.30309 0.00535562 0.615744 -0.279911 0.0011642 0.588222 -0.304162 -0.00740512 0.551849 -0.334434 -0.0107101 0.516912 -0.364916 0.00915765 0.675901 -0.364222 0.0249358 0.724723 -0.326202 0.0222172 0.692343 -0.285786 0.0155849 0.655198 -0.259763 0.0130508 0.629422 -0.258943 0.0250777 0.622276 -0.279686 0.0135677 0.57998 -0.307448 0.00624335 0.541708 -0.315111 0.0250118 0.735905 -0.271082 0.0151887 0.697897 -0.243264 0.0135521 0.67252 -0.385266 0.0188208 0.742428 -0.385816 0.0132887 0.789714 -0.385251 0.026795 0.793039 -0.365955 0.014596 0.824979 -0.366065 0.0267767 0.829104 -0.353236 0.029081 0.825711 -0.372481 0.029081 0.789116 -0.346403 0.0280558 0.865489 -0.333489 0.029081 0.862331 -0.280689 0.0254715 0.815267 -0.300566 0.0256944 0.778005 -0.254186 0.0146686 0.737952 -0.189075 0.0155888 0.844556 -0.162635 0.0107572 0.832104 -0.189229 0.0103345 0.798447 -0.212728 0.0149553 0.810367 -0.210223 0.0104923 0.759561 -0.235816 0.014952 0.776411 -0.261457 0.0262786 0.852351 -0.23212 0.0255921 0.8792 -0.187529 0.0244634 0.801568 -0.209317 0.024067 0.760758 -0.227574 0.0247842 0.7165 -0.228169 0.0105725 0.717289 -0.30963 0.029081 0.895505 -0.216853 0.029081 0.710865 -0.148204 0.0237566 0.64698 -0.168493 0.0252911 0.59875 -0.23262 0.0311784 0.661376 -0.187954 0.0262641 0.549267 -0.2506 0.0292644 0.613632 -0.242043 0.0265871 0.668653 -0.273809 0.0179748 0.569343 -0.19758 0.029081 0.757021 -0.128103 0.0239296 0.693766 -0.0692238 0.0119446 0.645663 -0.0959244 0.012055 0.605469 -0.119557 0.0123071 0.560039 -0.175053 0.029081 0.798817 -0.100943 0.0235889 0.732251 -0.0398782 0.0121942 0.681385 -0.0138939 0.00935437 0.666772 -0.0439988 0.00932953 0.630837 -0.0701751 0.00931188 0.588421 -0.146203 0.029081 0.832864 -0.0699163 0.0237893 0.764916 -0.00733766 0.0124079 0.713411 -0.158552 0.0150552 0.872761 -0.131156 0.0107896 0.859559 -0.12598 0.0239162 0.862031 -0.15913 0.0237301 0.834934 -0.0954889 0.0114222 0.882599 -0.087167 0.0234756 0.883762 -0.0731439 0.029081 0.88251 -0.112197 0.029081 0.860823 -0.0326487 0.0235638 0.790594 0.0976921 0.0242524 0.834166 0.150638 0.0150536 0.795271 0.109342 0.0143339 0.783903 0.0515621 0.0235725 0.82641 0.0674692 0.0134795 0.765823 0.00729634 0.0236486 0.813447 -0.0298128 0.029081 0.898169 0.0152852 0.029081 0.905079 0.142545 0.00991205 0.763613 0.0992685 0.0095163 0.749061 0.0573401 0.00943106 0.726708 0.0286554 0.0130448 0.742134 -0.0447999 0.0233597 0.898979 0.0640817 0.0229826 0.726083 0.0754393 0.029081 0.721626 0.0370344 0.029081 0.694401 0.0253517 0.0227128 0.69808 0.00266379 0.029081 0.660712 -0.0079935 0.0223358 0.665325 0.0197362 0.00937142 0.699574 -0.0381662 0.0222848 0.627731 0.106467 0.0230871 0.746279 0.119066 0.029081 0.742717 0.196469 0.0237172 0.667691 0.155131 0.0234764 0.646606 0.11731 0.0232151 0.616952 0.152804 0.0233429 0.760179 0.16464 0.029081 0.755163 0.242809 0.023937 0.681605 0.301275 0.0123523 0.629521 0.260004 0.0120136 0.612155 0.218301 0.0117034 0.588797 0.199805 0.0232442 0.766689 0.21329 0.029081 0.762855 0.287466 0.0241917 0.690495 0.13714 0.025362 0.83953 0.191467 0.0164322 0.803911 0.229818 0.0113256 0.779822 0.188188 0.0104312 0.773302 0.229466 0.0141997 0.807676 0.270819 0.011644 0.785277 0.287474 0.0232188 0.778167 0.246163 0.0236235 0.772803 0.258951 0.029081 0.767981 0.437154 0.0131844 0.758362 0.462749 0.0117229 0.711945 0.419104 0.0194554 0.711172 0.372724 0.0248742 0.753931 0.371688 0.0243956 0.706798 0.304812 0.029081 0.774568 0.325617 0.0229005 0.78717 0.365732 0.015296 0.786012 0.451075 0.0109399 0.674409 0.416842 0.0132231 0.667672 0.380954 0.0130496 0.655647 0.331889 0.0244007 0.698974 0.301286 0.0105038 0.791791 0.407451 0.0106571 0.632036 0.405807 0.0246447 0.627769 0.369326 0.0244317 0.617862 0.368654 0.0102778 0.620682 0.327642 0.0238989 0.604429 0.328149 0.00996633 0.608426 0.343315 0.0127148 0.643883 0.284668 0.00972789 0.591738 0.438376 0.0118111 0.642832 0.436129 0.0257075 0.640187 0.445516 0.029081 0.632523 0.415531 0.029081 0.620672 0.37684 0.029081 0.609361 0.46838 0.0121302 0.651599 0.466006 0.0232716 0.644899 0.487498 0.0280171 0.626965 0.53296 0.0232621 0.588353 0.509657 0.0246735 0.571092 0.478115 0.0245289 0.555268 0.495282 0.0123946 0.652773 0.494875 0.0184141 0.640892 0.516036 0.0202926 0.629233 0.498001 0.0110796 0.710287 0.51589 0.0110159 0.673159 0.483568 0.0109232 0.679555 0.552601 0.0110796 0.659894 0.56002 0.0139266 0.628244 0.52584 0.0136066 0.64592 0.586744 0.0110601 0.545182 0.602375 0.0113128 0.572019 0.555891 0.0183766 0.604882 0.603987 0.0110952 0.604259 0.560994 0.0112363 0.521093 0.782733 0.0110796 -0.327186 0.755821 0.0110796 -0.39789 0.752081 0.0110796 -0.352132 0.728199 0.0110796 -0.418215 0.727814 0.0110796 -0.375159 0.716187 0.0110796 -0.332844 0.7422 0.0110796 -0.309465 0.763493 0.0110796 -0.277437 0.724652 0.0110796 -0.468238 0.698118 0.0110796 -0.479181 0.705104 0.0110796 -0.432935 0.702943 0.0110796 -0.390681 0.694082 0.0110796 -0.355609 0.675055 0.0112832 -0.317835 0.702036 0.0112253 -0.293659 0.725764 0.0113119 -0.268083 0.680395 0.0110796 -0.431473 0.685972 0.0110796 -0.400882 0.671881 0.0110796 -0.378374 0.688939 0.0110796 -0.536355 0.660824 0.0110796 -0.530647 0.629318 0.0110796 -0.502989 0.642426 0.0110796 -0.453029 0.672747 0.0110796 -0.477974 0.590765 0.0110796 -0.457023 0.610555 0.0110796 -0.417999 0.62921 0.0110813 -0.377852 0.65759 0.0110796 -0.413784 0.575189 0.024491 -0.244115 0.605667 0.0249236 -0.219115 0.645466 0.0173664 -0.271624 0.615753 0.0172984 -0.296603 0.651476 0.0112278 -0.345526 0.592681 0.0157652 -0.330592 0.540716 0.0248556 -0.26756 0.671636 0.018365 -0.245756 0.567926 0.015187 -0.364607 0.512873 0.024391 -0.299858 0.452997 0.029081 -0.228266 0.48762 0.029081 -0.201768 0.52222 0.029081 -0.17794 0.547968 0.0139281 -0.404753 0.482306 0.0246675 -0.330273 0.421879 0.029081 -0.259604 0.418494 0.0239144 -0.248793 0.450695 0.0247943 -0.216994 0.48626 0.0245331 -0.190602 0.523243 0.0137321 -0.439547 0.458128 0.0242271 -0.366776 0.391821 0.029081 -0.292008 0.570525 0.0110796 -0.497834 0.496569 0.0138984 -0.471974 0.427853 0.0246686 -0.397334 0.306924 0.029081 -0.393828 0.334157 0.029081 -0.35896 0.401079 0.0243807 -0.431207 0.299354 0.0238074 -0.385371 0.327506 0.0244619 -0.349776 0.358751 0.0237291 -0.316864 0.36423 0.029081 -0.326653 0.361687 0.00989565 -0.310902 0.341563 0.0112718 -0.288985 0.37238 0.011258 -0.252466 0.391154 0.00994165 -0.275064 0.405651 0.0112253 -0.218286 0.423842 0.0102225 -0.241932 0.387132 0.024374 -0.281549 0.458175 0.0104713 -0.21088 0.329963 0.00996423 -0.344865 0.30997 0.011261 -0.32451 0.258174 0.0229449 -0.271681 0.298898 0.02272 -0.243975 0.337225 0.0229662 -0.216529 0.299994 0.00988043 -0.380428 0.278313 0.011267 -0.360165 0.22431 0.0227048 -0.306837 0.143208 0.029081 -0.222585 0.180559 0.029081 -0.189274 0.222108 0.029081 -0.161474 0.272427 0.00988671 -0.418006 0.250252 0.011252 -0.398685 0.188788 0.0229453 -0.340234 0.272623 0.0244486 -0.422312 0.248746 0.00978056 -0.460098 0.224544 0.0112658 -0.440382 0.0995607 0.0227401 -0.455541 0.126489 0.0229592 -0.414657 0.199114 0.0112555 -0.484455 0.0197819 0.029081 -0.377758 0.0472566 0.029081 -0.33634 0.0757931 0.029081 -0.295447 0.157487 0.0227115 -0.377582 0.0674071 0.0217739 -0.288517 0.0607854 0.00945988 -0.280316 0.095523 0.00947686 -0.242364 0.101305 0.0214326 -0.250902 0.131403 0.00948685 -0.20525 0.136385 0.0218098 -0.214388 0.108755 0.029081 -0.258445 0.174683 0.0215171 -0.180595 0.038323 0.0213962 -0.330031 0.0305687 0.00944662 -0.32225 0.00517118 0.0110796 -0.30294 0.0364926 0.0110796 -0.261165 0.071386 0.0110796 -0.222183 0.00996764 0.0218193 -0.372224 0.00203419 0.00941179 -0.364883 -0.0243072 0.0110796 -0.346026 -0.0641515 0.0219826 -0.318612 -0.0376673 0.0217752 -0.266573 -0.0136446 0.0218695 -0.213043 -0.0157568 0.0216063 -0.417547 -0.0246821 0.00937911 -0.410815 -0.0525003 0.0110796 -0.390847 -0.00564636 0.029081 -0.422724 -0.0421859 0.0220322 -0.464881 -0.0512422 0.00933229 -0.457757 -0.140807 0.0111347 -0.524691 -0.11104 0.011085 -0.481025 -0.079462 0.00929774 -0.50453 -0.185797 0.0226036 -0.491578 -0.154455 0.0223521 -0.452286 -0.122368 0.0222052 -0.409789 -0.0810762 0.0110796 -0.437134 -0.192178 0.029081 -0.35058 -0.200987 0.0201501 -0.343458 -0.173338 0.0200309 -0.293438 -0.164255 0.029081 -0.30023 -0.150703 0.0197298 -0.235285 -0.142391 0.029081 -0.242822 -0.092966 0.021989 -0.364765 -0.1223 0.029081 -0.182685 -0.222855 0.029081 -0.392267 -0.232671 0.0205515 -0.386305 -0.249711 0.00969975 -0.368378 -0.218741 0.00977878 -0.325681 -0.190185 0.009844 -0.275229 -0.254331 0.029081 -0.431138 -0.263853 0.0206194 -0.424573 -0.281749 0.00961559 -0.407661 -0.337815 0.0215413 -0.349078 -0.304551 0.0215614 -0.312029 -0.270422 0.0215409 -0.272222 -0.285879 0.0315902 -0.465564 -0.296416 0.0233913 -0.459944 -0.313439 0.0106 -0.443262 -0.216983 0.0227753 -0.528659 -0.317581 0.0344027 -0.498116 -0.327872 0.0251757 -0.492171 -0.40187 0.0124368 -0.541918 -0.374105 0.0106479 -0.509814 -0.358909 0.0260938 -0.52333 -0.414723 0.0052349 -0.477416 -0.392072 0.0119067 -0.435446 -0.344758 0.0108001 -0.477525 -0.46825 -2.20649e-05 -0.37279 -0.423709 -0.000103859 -0.230418 -0.430585 0.029081 -0.285793 -0.404365 0.0191835 -0.244877 -0.395406 0.029081 -0.252077 -0.371168 0.0194029 -0.385232 -0.36377 0.029081 -0.213586 -0.378853 0.00944958 0.829494 -0.35405 0.00953688 0.861121 -0.345924 0.0156305 0.860611 -0.372785 0.0106098 0.868589 -0.346201 0.0103359 0.898623 -0.329601 0.0100453 0.892736 -0.32227 0.0162921 0.893169 -0.322629 0.0276567 0.898147 -0.302663 0.0101277 0.921495 -0.296064 0.0160845 0.922418 -0.296581 0.028253 0.927799 -0.362211 0.0110545 0.903009 -0.348605 0.0110796 0.933823 -0.334644 0.0110451 0.931558 -0.306421 0.0110603 0.958218 -0.290417 0.0103452 0.953275 -0.319331 0.0103505 0.927481 -0.26103 0.0106023 0.977117 -0.24303 0.00986318 0.969238 -0.273832 0.00997951 0.946894 -0.266201 0.0164684 0.946766 -0.161182 0.0144125 0.997109 -0.156046 0.0258227 0.996846 -0.195655 0.0259053 0.986063 -0.198468 0.0155533 0.983628 -0.233433 0.0275411 0.972019 -0.233657 0.0154273 0.967256 -0.210927 0.00976896 0.988819 -0.182746 0.029081 0.983362 -0.220356 0.029081 0.969368 -0.252942 0.029081 0.949193 -0.26596 0.0273616 0.95163 -0.203733 0.0259959 0.905134 -0.28355 0.029081 0.925157 -0.166197 0.0250788 0.921002 -0.125581 0.0154899 0.897789 -0.130647 0.0257496 0.938894 -0.0875872 0.0150213 0.917395 -0.05666 0.0117739 0.902194 -0.0874052 0.0246337 0.952165 -0.0445114 0.0124989 0.930879 -0.0160243 0.0127475 0.914904 -0.10903 0.0242835 1 -0.0738412 0.0242467 0.977361 -0.142988 0.029081 0.993965 -0.0183267 0.0141412 0.980109 0.0146042 0.0110796 0.960088 -0.0348925 0.0165065 0.958252 0.000882849 0.0103262 0.937046 0.14751 0.0109921 0.924937 0.170023 0.0180597 0.903802 0.116517 0.0176655 0.919313 0.0971966 0.00960592 0.933193 0.0718704 0.0153572 0.92169 0.0482192 0.00997822 0.938382 0.0622899 0.0110796 0.959919 0.125591 0.0287394 0.911748 0.0838047 0.0267662 0.915447 0.0419737 0.0249208 0.913514 0.0283487 0.0135428 0.92079 0.0617664 0.029081 0.906913 0.000342906 0.0233907 0.908026 0.104479 0.029081 0.904586 0.176026 0.0250871 0.84194 0.172125 0.0262627 0.872086 0.214734 0.0210238 0.837445 0.262735 0.0113926 0.811653 0.223069 0.0198848 0.852762 0.241317 0.0167923 0.835208 0.276903 0.0110565 0.820349 0.229279 0.0147944 0.883186 0.2561 0.0137032 0.855595 0.197451 0.0211831 0.879496 0.307033 0.0110796 0.841425 0.320012 0.0107484 0.820239 0.275217 0.0115632 0.83546 0.322142 0.00987243 0.803023 0.37423 0.0111386 0.801982 0.569313 0.0231469 0.506405 0.543407 0.029081 0.468689 0.539902 0.0234038 0.481817 0.535237 0.010425 0.498598 0.515799 0.029081 0.441645 0.513176 0.0226193 0.456412 0.50274 0.0101588 0.477288 0.622572 0.0122273 0.239258 0.602884 0.0120458 0.274226 0.556509 0.0238557 0.328378 0.580704 0.0240973 0.362306 0.578263 0.0118828 0.23788 0.533309 0.0236853 0.291578 0.460918 0.029081 0.377301 0.488794 0.029081 0.41269 0.483229 0.0218084 0.428057 0.399857 0.0204661 0.316217 0.373555 0.0094507 0.354764 0.40406 0.00953909 0.393639 0.426888 0.0206196 0.356695 0.435185 0.00968809 0.427386 0.455282 0.0211147 0.395463 0.435288 0.029081 0.338039 0.406862 0.029081 0.299289 0.327307 0.0234333 0.476849 0.365006 0.0236886 0.50501 0.403518 0.0239435 0.525215 0.46955 0.00990488 0.455511 0.506208 0.0234498 0.255267 0.336455 0.029081 0.597096 0.443666 0.0242147 0.540938 0.293215 0.029081 0.580152 0.285948 0.0235834 0.588424 0.253012 0.029081 0.557281 0.24494 0.0230242 0.564899 0.243668 0.00951204 0.569993 0.213974 0.029081 0.527973 0.207069 0.0225187 0.53652 0.203251 0.00937381 0.542349 0.363663 0.0216208 0.28435 0.345409 0.00942034 0.313884 0.261492 0.0229449 0.405344 0.293428 0.0231843 0.443569 0.311219 0.00943972 0.279125 0.231299 0.0227048 0.365786 0.145526 0.029081 0.45756 0.179208 0.029081 0.494661 0.171568 0.0219723 0.502697 0.0798443 0.02055 0.382945 0.0684108 0.00960195 0.395979 0.0983629 0.00947685 0.438434 0.107085 0.0210182 0.426593 0.131541 0.00938327 0.475588 0.138833 0.0215147 0.466366 0.114522 0.029081 0.418264 0.0866243 0.029081 0.373903 0.0731123 0.0111068 0.457637 0.107216 0.0111549 0.495163 0.142146 0.0112764 0.529302 0.166678 0.00933942 0.51107 0.201416 0.022481 0.3238 0.0836929 0.0229948 0.583615 0.179345 0.0114522 0.561386 0.053115 0.0227401 0.544803 -0.0274436 0.029081 0.623273 0.0254419 0.0226709 0.502678 -0.0535756 0.029081 0.578558 -0.0634578 0.0217962 0.583912 -0.0005081 0.0224258 0.453964 -0.0754764 0.029081 0.526869 -0.085254 0.0218069 0.532627 0.0532708 0.0202161 0.336604 0.0408059 0.00973236 0.351622 0.0139481 0.0110796 0.372745 0.0428287 0.0110815 0.416769 0.013755 0.00982308 0.30368 -0.0142436 0.0110796 0.326958 -0.0523398 0.0230283 0.352324 -0.0261441 0.0224518 0.402403 -0.0956745 0.0297529 0.46989 -0.183585 0.0370123 0.322067 -0.190975 0.0290859 0.330552 -0.157301 0.0287284 0.373914 -0.149602 0.0367511 0.36552 -0.12884 0.0264958 0.423422 -0.120356 0.033958 0.415841 -0.0825582 0.0234587 0.30572 -0.116131 0.0238339 0.260309 -0.168669 0.0173011 0.390585 -0.139776 0.0143367 0.437864 -0.114658 0.00992185 0.488236 -0.1046 0.021927 0.476841 -0.0424622 0.0110796 0.276961 -0.143405 0.0127134 0.512793 -0.09328 0.00932282 0.540422 -0.16931 0.0159323 0.46633 -0.215453 0.0202457 0.507512 -0.199617 0.0187398 0.423063 -0.245074 0.0187332 0.46705 -0.302236 0.0102662 0.530647 -0.23325 0.0185508 0.382984 -0.279731 0.0157971 0.430916 -0.335337 0.00509786 0.494287 -0.224664 0.0370123 0.287305 -0.2317 0.0283802 0.296181 -0.243265 0.0166677 0.314506 -0.202125 0.0173317 0.348317 -0.285992 0.0254077 0.277191 -0.279132 0.0135224 0.297398 -0.338182 0.00203542 0.506688 0.75209 0.019007 0.201196 0.761893 0.0110905 0.118861 0.73763 0.0181926 0.163503 0.706022 0.0255364 0.212134 0.744251 0.0112502 0.0842445 0.723924 0.0170508 0.12678 0.69016 0.0248701 0.174924 0.743573 0.0281773 -0.0426398 0.712404 0.029081 0.013656 0.70778 0.0292136 0.0382582 0.736955 0.0245897 0.0646263 0.695163 0.029081 -0.0227007 0.694536 0.0280763 -0.00178495 0.700055 0.0162356 0.01737 0.716756 0.0171183 0.0572641 0.706602 0.0151921 0.0887418 0.647687 0.0123266 -0.0272545 0.610524 0.0235952 0.0211866 0.633828 0.0236781 0.0601861 0.669255 0.0130189 0.0106359 0.654128 0.0238181 0.0989961 0.689751 0.0131085 0.0499965 0.681577 0.0155192 -0.0210222 0.660642 0.0140151 -0.0589301 0.577946 0.029081 0.130945 0.601657 0.029081 0.16869 0.622057 0.029081 0.205564 0.673803 0.0242698 0.13796 0.676768 0.0269819 -0.0405969 0.623277 0.0244414 0.22081 0.642104 0.029081 0.241785 0.601962 0.0234522 0.182584 0.601045 0.011593 0.202779 0.579319 0.0228406 0.145361 0.575658 0.0107174 0.16626 0.551422 0.0114832 0.204376 0.55342 0.0221526 0.1087 0.547944 0.0103601 0.132584 0.519978 0.0113591 0.172994 0.621189 0.0123697 -0.0617065 0.586322 0.0233563 -0.0165672 0.526428 0.029081 0.0575502 0.553418 0.029081 0.0942941 0.557539 0.0233563 -0.0509371 0.500107 0.029081 0.019767 0.49903 0.0210994 0.0352494 0.526729 0.0217849 0.0728024 0.517711 0.00988572 0.0989372 0.427542 0.00941239 -0.0114165 0.384783 0.0110997 0.0442205 0.42026 0.0111421 0.0789784 0.456829 0.00946654 0.0281263 0.45352 0.011209 0.111924 0.487547 0.00969318 0.0647633 0.471425 0.0209796 -0.00343802 0.43846 0.0217101 -0.0396184 0.364093 0.0226734 0.142961 0.402662 0.0227918 0.171332 0.438255 0.0230411 0.199038 0.487691 0.0112732 0.142865 0.472598 0.029081 -0.019377 0.369553 0.029081 0.274103 0.474069 0.0232166 0.226463 0.328836 0.029081 0.249893 0.323477 0.021306 0.260547 0.29135 0.029081 0.222095 0.285055 0.0207478 0.232365 0.271447 0.00950169 0.252885 0.253038 0.029081 0.190942 0.248563 0.0212734 0.200893 0.236125 0.00958168 0.218857 0.395357 0.00941773 -0.0507236 0.349883 0.0110806 0.0072308 0.283279 0.022369 0.0805906 0.324656 0.0224286 0.112958 0.310749 0.0110796 -0.0248709 0.24024 0.0221314 0.0524813 0.161682 0.029081 0.136018 0.209218 0.029081 0.161558 0.204696 0.0210867 0.170975 0.0683153 0.020565 0.0879101 0.0604202 0.00988759 0.0998633 0.103598 0.00983475 0.132006 0.109778 0.0206826 0.120397 0.151855 0.00975861 0.155257 0.157039 0.0212291 0.144918 0.114999 0.029081 0.111688 0.0736588 0.029081 0.079064 0.0665071 0.0217471 0.16209 0.10946 0.0218639 0.198392 0.14738 0.0220799 0.234639 0.199376 0.00968216 0.18355 0.196233 0.0221314 0.0246281 0.0606909 0.029081 0.328182 0.174642 0.022252 0.279673 0.0354216 0.029081 0.278177 0.028531 0.0198444 0.287276 0.00278901 0.029081 0.231652 -0.00304629 0.0205987 0.239326 -0.0122503 0.0099159 0.251752 -0.0317315 0.029081 0.182655 -0.0368602 0.020514 0.190592 -0.0448133 0.00997433 0.201716 0.0310974 0.0202015 0.049589 0.0226052 0.00994074 0.0619439 -0.0118115 0.0219959 0.0880084 0.0271443 0.0215815 0.12617 -0.0154189 0.00996391 0.0227867 -0.0515158 0.0178468 0.0494894 -0.105366 0.029081 0.0857656 -0.064262 0.029081 0.132053 -0.0701794 0.0207043 0.138644 -0.20792 0.00558282 0.00944517 -0.215855 0.00207459 0.0171104 -0.188016 0.0127885 0.0619456 -0.182241 0.0215573 0.0549331 -0.118724 0.0131651 0.0976255 -0.112287 0.0210266 0.090613 -0.149282 -0.00594339 0.0107476 -0.193933 0.0024798 -0.0198816 -0.182133 0.000758895 0.0853997 -0.144325 0.0110362 0.126322 -0.105693 0.0110796 0.177168 -0.0767034 0.010037 0.149856 -0.0952837 -0.00679707 0.00654364 -0.15109 0.023121 0.215661 -0.073451 0.0110796 0.227389 -0.19635 0.0226219 0.184931 -0.279066 0.0340343 0.268377 -0.25258 0.0219418 0.168387 -0.29067 0.0295084 0.232472 -0.237145 0.0213849 -0.0381224 -0.246028 0.00813093 0.00210848 -0.247035 -0.00479609 0.0374337 -0.206345 -0.0123658 0.05721 -0.243108 -0.00907622 0.005388 -0.255307 -0.00479609 0.0312423 0.835157 0.0112608 -0.108961 0.82718 0.011088 -0.136195 0.82771 0.0126679 -0.0951263 0.82402 0.0110796 -0.184237 0.813732 0.0110796 -0.200285 0.820143 0.0110796 -0.154998 0.820646 0.0120747 -0.117429 0.816148 0.0151414 -0.0856725 0.811121 0.011174 -0.160285 0.814733 0.0122165 -0.130917 0.809185 0.0138105 -0.11391 0.806194 0.0110796 -0.257004 0.793201 0.0110796 -0.255438 0.781047 0.0110796 -0.235217 0.793397 0.0112295 -0.189449 0.804458 0.0110796 -0.204322 0.765572 0.0128467 -0.202378 0.780257 0.0143039 -0.164549 0.788596 0.0171391 -0.122422 0.803253 0.0124815 -0.149375 0.79769 0.0186528 -0.085899 0.771649 0.0221445 -0.0885099 0.757393 0.0216215 -0.125353 0.732403 0.0270076 -0.0821349 0.743438 0.0199686 -0.162994 0.715444 0.0260719 -0.118392 0.676484 0.029081 -0.0583564 0.722616 0.0194229 -0.194204 0.695317 0.0254146 -0.150311 0.652357 0.029081 -0.0889868 0.74944 0.0114387 -0.240278 0.70094 0.0182051 -0.223223 0.668668 0.0250155 -0.17594 0.558577 0.029081 -0.15764 0.592783 0.029081 -0.137195 0.640331 0.0244064 -0.199771 0.559115 0.0249165 -0.146329 0.594617 0.0255384 -0.125389 0.627032 0.0259108 -0.102701 0.625689 0.029081 -0.115867 0.635244 0.0134854 -0.0908316 0.654943 0.0263371 -0.0747314 0.605123 0.0123413 -0.11818 0.592146 0.0118423 -0.0915876 0.569578 0.0122684 -0.140116 0.556509 0.0117244 -0.11605 0.526102 0.0231106 -0.0810782 0.531873 0.011517 -0.16137 0.519174 0.0113239 -0.138776 0.488426 0.0234192 -0.106684 0.521825 0.0253255 -0.166623 0.494855 0.0112144 -0.18467 0.479952 0.0112487 -0.16191 0.374663 0.0227918 -0.189277 0.411102 0.0232467 -0.158656 0.442403 0.0111803 -0.188172 0.314783 0.029081 -0.121879 0.361244 0.029081 -0.104051 0.401204 0.029081 -0.0799581 0.451413 0.0231691 -0.133042 0.399555 0.022672 -0.0692453 0.439653 0.029081 -0.0521183 0.358169 0.0222297 -0.0941185 0.356033 0.00948171 -0.0798375 0.310948 0.0223004 -0.112098 0.30959 0.00949676 -0.102044 0.273121 0.0110796 -0.0586737 0.263334 0.0218111 -0.130869 0.261375 0.00950525 -0.121133 0.235727 0.0110796 -0.0940499 0.267977 0.029081 -0.140146 0.216895 0.0220524 -0.152422 0.214225 0.00950306 -0.143367 0.108275 0.0110796 -0.184722 0.147216 0.0110796 -0.14943 0.170682 0.00950056 -0.171132 0.0502898 0.0218639 -0.126461 0.0879283 0.0217471 -0.0888572 0.122819 0.0219628 -0.0491458 0.190972 0.0110796 -0.120335 0.0370344 0.029081 0.0412349 0.159235 0.0219035 -0.0111442 -0.000105679 0.029081 0.00249516 -0.00625436 0.0202911 0.0107122 -0.0372457 0.029081 -0.0362447 -0.0438299 0.0200385 -0.0284632 -0.0534396 0.00998779 -0.0163748 -0.0719583 0.029081 -0.0773062 -0.079077 0.0201258 -0.0697343 -0.0903764 0.00998226 -0.057807 0.0164886 0.0217002 -0.167587 -0.0996116 0.029081 -0.126594 -0.107077 0.0197837 -0.118973 -0.167122 0.00990895 -0.218123 -0.144892 0.00994301 -0.158918 -0.130461 0.0199131 -0.175359 -0.212437 0.0214748 -0.168479 -0.186915 0.0215729 -0.113934 -0.164235 0.0249695 -0.0656901 -0.119905 0.0099775 -0.104353 -0.209248 0.0274195 -0.0547527 -0.135047 0.0142381 -0.0349944 -0.250703 0.029081 -0.0450274 -0.259217 0.0205378 -0.0357135 -0.276245 0.029081 -0.0942445 -0.283314 0.0197833 -0.0870366 -0.243435 -0.00908362 -0.0386329 -0.308389 0.029081 -0.137651 -0.316258 0.0189335 -0.128654 -0.281338 -0.00909745 -0.0800077 -0.238862 0.0214856 -0.225471 -0.337153 0.029081 -0.175865 -0.34511 0.0187451 -0.168334 -0.374413 -0.0090949 -0.205646 -0.342572 -0.00910712 -0.16161 -0.372078 0.0189377 -0.201291 -0.313475 -0.00910255 -0.127742 </float_array>
          <technique_common>
            <accessor count="1090" offset="0" source="#meshId1-positions-array" stride="3">
              <param name="X" type="float" />
              <param name="Y" type="float" />
              <param name="Z" type="float" />
            </accessor>
          </technique_common>
        </source>
        <source id="meshId1-normals" name="meshId1-normals">
          <float_array id="meshId1-normals-array" count="3270"> -0.33238 0.910596 0.245638 -0.507042 0.776209 0.374711 -0.472509 0.771591 0.42589 -0.322314 0.901629 0.288408 -0.447974 0.761638 0.468216 -0.308974 0.893391 0.326171 0.10031 0.991702 -0.0804056 0.0948042 0.992787 -0.0733943 0.096146 0.992918 -0.06978 -0.149641 0.97998 0.131327 -0.133543 0.980893 0.141473 -0.120664 0.982641 0.140916 -0.428394 0.753003 0.499465 -0.305255 0.882917 0.356759 0.106643 0.990031 -0.0920041 0.130217 0.987031 -0.0938765 0.129445 0.987281 -0.0923004 0.125755 0.988389 -0.0852834 -0.421464 0.742761 0.520263 -0.308397 0.873444 0.376811 0.0884444 0.989154 -0.117271 0.0782109 0.992848 -0.0901957 0.0641654 0.995327 -0.0721621 0.0646155 0.99472 -0.0797329 0.0760803 0.992701 -0.0935801 0.0672031 0.994103 -0.0851061 0.0743428 0.992987 -0.0919269 -0.107503 0.984836 0.136166 -0.111089 0.983783 0.140823 0.0771191 0.992939 -0.0901363 -0.109249 0.985424 0.130404 -0.445903 0.730375 0.51742 -0.425618 0.73455 0.528474 0.0816033 0.992934 -0.0861542 -0.321302 0.862589 0.390776 -0.404315 0.90906 0.100696 0.00645007 0.99985 -0.016057 -0.327963 0.913571 0.240475 0.00484884 0.998117 -0.0611527 -0.337267 0.857239 0.389091 -0.519889 0.787541 0.330899 -0.506849 0.861958 0.0114974 -0.0491572 0.988424 -0.14353 -0.0345568 0.976682 -0.211891 0.0363873 0.992489 -0.116794 -0.200322 0.976523 0.0792088 -0.19205 0.955016 -0.225966 -0.511772 0.859088 -0.00760523 -0.241615 0.963216 -0.117635 -0.515064 0.816431 0.261055 -0.248973 0.959666 0.13059 0.054372 0.982978 -0.175494 -0.182888 0.959793 0.212953 0.0668928 0.996791 -0.0439616 0.071288 0.996222 -0.0495958 0.0754934 0.996064 -0.0464354 0.0705564 0.996718 -0.0396989 0.0796009 0.995792 -0.0454077 0.0800292 0.995964 -0.0406392 -0.166831 0.983657 0.0677234 -0.163828 0.983297 0.0792929 -0.163898 0.981689 0.097078 0.0256838 0.99952 -0.017347 0.0218349 0.999651 -0.0148658 0.0205202 0.999672 -0.0153412 0.0781624 0.995772 -0.0482558 0.0828543 0.995603 -0.0437028 -0.153205 0.986091 0.0644474 -0.662088 0.692746 0.285908 -0.686914 0.664415 0.294451 -0.687593 0.639911 0.343117 0.07956 0.995183 -0.0572724 0.0872868 0.994643 -0.0553795 -0.14347 0.986903 0.0737451 0 1 6.12323e-17 0 1 6.12323e-17 0 1 6.12323e-17 0 1 6.12323e-17 0 1 6.12323e-17 0 1 6.12323e-17 0.024294 0.999474 -0.021468 0.0185255 0.999702 -0.0158903 2.06054e-06 1 -6.89175e-07 0.0302193 0.999088 -0.0301609 0.0904831 0.99218 -0.0859788 0.0839578 0.994186 -0.0674139 0 1 6.12323e-17 0.0829687 0.994581 -0.0626565 0.0644907 0.994377 -0.0840003 -0.126571 0.975823 0.178185 -0.124749 0.983137 0.133714 0.0710747 0.994482 -0.0771658 -0.132601 0.984201 0.117325 0.0805744 0.994109 -0.0724906 0.0934057 0.990237 -0.103474 0.0932601 0.988553 -0.118601 -0.329701 0.858968 0.391755 -0.376086 0.854417 0.358512 -0.461569 0.813525 0.353738 -0.13358 0.986995 0.0894308 0.0391918 0.998175 -0.0459337 -0.328255 0.908198 0.259664 0.0594218 0.997205 -0.0452992 0.0595477 0.997384 -0.0409738 -0.4609 0.847928 0.261896 0.063376 0.997129 -0.0414417 -0.521109 0.823962 0.222557 -0.582561 0.745506 0.323795 -0.525822 0.819318 0.228537 -0.2285 0.945792 0.230795 0.0632518 0.995882 -0.0649511 -0.244834 0.907477 0.341381 -0.262237 0.889386 0.374466 -0.277908 0.871208 0.404678 0.0853484 0.993185 -0.0793637 0.0636774 0.996367 -0.0565527 -0.226203 0.923755 0.309044 -0.348037 0.807606 0.47607 -0.36287 0.78164 0.507311 -0.377031 0.754395 0.537342 0.0870308 0.993784 -0.0694216 0.0641949 0.996697 -0.0497431 -0.201895 0.944017 0.260904 -0.322502 0.921036 0.21837 -0.519518 0.778168 0.352925 -0.185831 0.974267 0.127559 -0.168012 0.978017 0.12351 -0.528559 0.779773 0.335528 -0.194015 0.973479 0.121228 0.0797494 0.994964 -0.0607137 0.0841921 0.99432 -0.0651063 0.0638681 0.996745 -0.0491999 0.0615014 0.996965 -0.0477299 0.0769539 0.995509 -0.0551389 0.0731369 0.996121 -0.0489342 -0.189758 0.955225 0.227016 -0.209729 0.970506 0.11888 0.0576802 0.994864 -0.0831734 -0.127008 0.976721 0.172874 -0.328056 0.841396 0.429456 -0.128387 0.973831 0.187538 0 1 6.12323e-17 0 1 6.12323e-17 0 1 6.12323e-17 0 1 6.12323e-17 0 1 6.12323e-17 0 1 6.12323e-17 0 1 6.12323e-17 0 1 6.12323e-17 0 1 6.12323e-17 0 1 6.12323e-17 0 1 6.12323e-17 0 1 6.12323e-17 0 1 6.12323e-17 0.0223504 0.999575 -0.0187158 0.0172305 0.999737 -0.0151423 0.0156812 0.999789 -0.0132607 0 1 6.12323e-17 0 1 6.12323e-17 0 1 6.12323e-17 0 1 6.12323e-17 0 1 6.12323e-17 0 1 6.12323e-17 0.0596663 0.997181 -0.0454893 0.0635691 0.996702 -0.0504388 0.0243873 0.999535 -0.0183053 0.0591157 0.996971 -0.0505291 0.0658536 0.959369 0.274362 0.181095 0.981814 0.0569762 0.102951 0.981206 0.163205 0.138846 0.988688 -0.0567234 0.109305 0.991775 -0.0665918 0.0711431 0.99424 -0.0801627 -0.103314 0.96488 0.241522 -0.138481 0.919434 0.368054 0.0843317 0.995632 -0.0400574 -0.016992 0.999223 0.035558 0.047763 0.998088 -0.03923 0.0904535 0.991774 -0.0905639 0.108655 0.990237 -0.0873211 0.0943202 0.993141 -0.0691061 0.0745531 0.994645 -0.0715699 -0.140848 0.975239 0.170504 -0.0372603 0.986606 0.158806 0.0327809 0.99945 0.00506046 0.000863947 0.990387 0.138319 0.08317 0.986322 0.142308 0.175306 0.984072 0.0294945 0.168961 0.974854 0.1453 0.156671 0.986678 -0.0438255 0.115815 0.992075 0.0487224 0.0451485 0.961263 0.271908 0.0551005 0.973107 0.223665 0.079336 0.996069 -0.0393961 -0.0865952 0.983285 0.160161 -0.438301 0.707458 0.554433 -0.0590374 0.902558 0.426501 -0.520138 0.82219 0.231213 0.0437938 0.997796 -0.0498521 0.0648066 0.996559 -0.0516796 -0.483773 0.815167 0.318538 -0.136975 0.943623 0.301353 -0.608562 0.724721 0.323158 -0.597593 0.752183 0.277674 0.0810039 0.994147 -0.0714823 -0.12477 0.990892 0.0506513 0.0203276 0.999321 -0.0307329 0.0830155 0.995607 -0.0433048 -0.00203693 0.999998 0.000562055 0.0163121 0.999866 -0.000992292 0.0203745 0.999758 0.00823773 0.0967549 0.994532 -0.0392903 -0.0724604 0.997326 0.00946683 -0.277406 0.957697 0.0765625 -0.0104599 0.998167 0.0596009 0.01881 0.998914 0.042624 0.0502102 0.990984 0.124219 0.0666285 0.971824 0.226095 0.0272326 0.996663 0.076945 0.0850616 0.995632 -0.0384842 0.148404 0.977404 0.150526 0.055607 0.986355 0.154955 0.109395 0.976058 0.187998 0.190262 0.976906 0.0972356 0.198104 0.978878 -0.0505188 0.273804 0.961738 0.00952976 0.148119 0.98715 -0.059959 0.168446 0.984184 -0.0548501 0.156398 0.987681 -0.00516355 0.183479 0.978249 0.0967729 0.180471 0.981497 -0.0639837 0.150853 0.987223 -0.0513182 0.153859 0.988092 0.00128827 0.161225 0.982389 0.0944364 0.0638243 0.997581 -0.0275375 -0.0228272 0.992017 0.124018 0.0637401 0.962976 0.261942 0.0781368 0.995472 0.0541227 0.156748 0.97912 0.129437 0.143382 0.988637 -0.0451485 0.12707 0.990211 -0.0577455 -0.0187368 0.963876 0.265692 0.152859 0.986382 -0.0607045 0 1 6.12323e-17 0 1 6.12323e-17 0 1 6.12323e-17 0 1 6.12323e-17 0 1 6.12323e-17 0 1 6.12323e-17 0 1 6.12323e-17 0.000419394 1 -0.000125545 0 1 6.12323e-17 0 1 6.12323e-17 0.00144994 0.999998 -0.0010002 0 1 6.12323e-17 0 1 6.12323e-17 0 1 6.12323e-17 2.47707e-05 1 -0.000118033 0.000256523 1 -0.000972652 0.000948654 0.999997 -0.00213577 0 1 6.12323e-17 0.044557 0.996653 -0.068531 0.046015 0.996649 -0.0676323 0.0476203 0.996606 -0.0671511 0.00156969 0.999996 -0.0021581 0.046127 0.997285 -0.057397 0.0896334 0.987992 -0.125844 0.0848968 0.987966 -0.129292 0.0550972 0.99469 -0.0869294 0.0833219 0.98849 -0.126276 0.0563049 0.9948 -0.0848733 -0.122629 0.97694 0.174785 0.0825884 0.988938 -0.123211 0.0577932 0.994563 -0.0866242 -0.120607 0.975905 0.181835 0 1 6.12323e-17 0.0405676 0.997385 -0.0598129 0.0425381 0.997179 -0.0618475 0.0665549 0.993346 -0.0939906 0.0845859 0.989308 -0.11881 0.0827565 0.989372 -0.119558 0.0613056 0.994514 -0.0847499 0.00705818 0.991449 -0.130305 -0.225205 0.967344 -0.116308 -0.174504 0.982443 0.0659847 0.0584796 0.993806 -0.0944938 -0.0983013 0.985346 0.139391 0.0635994 0.994391 -0.0845043 0.0897179 0.987441 -0.130045 -0.553255 0.742548 0.377534 -0.426074 0.699469 0.573763 -0.404253 0.716999 0.567884 -0.108656 0.98051 0.163688 -0.306629 0.854332 0.419637 -0.383397 0.734357 0.560113 -0.33822 0.828148 0.446965 0.072044 0.993699 -0.0858596 -0.364003 0.894782 0.258588 0.0718108 0.993185 -0.0917939 0.0749569 0.993243 -0.0885958 -0.263891 0.963325 0.0486508 0.0533405 0.992927 -0.106072 0.0232104 0.989154 -0.145034 -0.220425 0.962703 -0.156896 -0.253324 0.966101 -0.0497478 -0.436985 0.899339 0.0152592 -0.0952341 0.995451 -0.00275398 -0.0112743 0.999935 0.00159757 -0.0797251 0.996808 -0.0042968 0.024135 0.995897 -0.0872129 0 1 6.12323e-17 -0.00755906 0.999084 -0.0421153 -0.000710556 0.999975 -0.00704721 -0.0228993 0.994303 -0.104104 0.00535358 0.999207 -0.0394488 0.00287051 0.999994 0.0019854 -0.14082 0.975671 -0.168035 -0.223167 0.95747 -0.18289 -0.032474 0.984074 -0.174766 -0.454174 0.878224 -0.14983 -0.246744 0.963261 -0.106045 0.0463111 0.993169 -0.107097 -0.0319868 0.975179 -0.219093 0.00878164 0.98461 -0.174545 -0.115406 0.971146 -0.208706 -0.0585011 0.972224 -0.226625 -0.614748 0.774873 0.147159 -0.529194 0.805056 0.268027 -0.579943 0.680722 0.447532 -0.254686 0.941917 -0.218923 -0.232961 0.957643 -0.169262 -0.0312336 0.988547 -0.147645 0.0200131 0.991548 -0.128184 -0.636855 0.756913 0.146623 -0.714293 0.662982 0.224144 -0.720528 0.634027 0.280799 -0.637692 0.657178 0.401829 0.0882824 0.994352 -0.0589094 0.118192 0.992261 -0.0380569 -0.594659 0.775467 0.212206 -0.428214 0.891034 -0.150638 -0.971941 0.0827886 0.220172 -0.796045 0.574196 0.191341 -0.772147 0.468346 0.429466 -0.715352 0.579986 0.389728 -0.0442157 0.998848 0.0186382 -0.129339 0.991111 -0.0311583 -0.695358 0.563705 0.445774 -0.030293 0.999412 0.0160827 0.0971951 0.993513 -0.0590349 0.101541 0.993608 -0.0493139 0.141272 0.988532 -0.0533467 0.127365 0.984501 -0.120561 -0.441161 0.794354 0.417586 -0.52062 0.788181 0.328216 0.1367 0.985517 -0.10035 -0.571667 0.776624 0.264674 0.142366 0.986603 -0.0796659 0.0822829 0.994557 -0.0639263 0.0824715 0.993382 -0.0799406 -0.691899 0.546814 0.471455 -0.744151 0.564768 0.356757 -0.752622 0.591082 0.290142 -0.574604 0.785752 0.228962 -0.0216266 0.999638 0.0160045 -0.138521 0.988079 0.0671721 0.118673 0.992096 -0.0407802 0.128099 0.990787 -0.0439499 -0.137862 0.988921 0.0550481 0.0617835 0.994177 -0.0882856 -0.22871 0.973458 -0.00839919 -0.719314 0.646536 0.254124 -0.285344 0.958425 0.00101726 -0.146388 0.986728 0.0702748 0.0888772 0.994617 -0.053263 0.103987 0.992135 -0.0696773 0.124652 0.990465 -0.0586677 0.141713 0.988402 -0.054577 -0.150575 0.982395 0.110575 0.0748738 0.995234 -0.0624671 0.0897633 0.992556 -0.0823155 -0.368944 0.869349 0.328804 -0.377197 0.888694 0.260662 -0.373009 0.907012 0.195429 -0.14803 0.975356 0.163606 0.0612462 0.995556 -0.0715292 0.0788667 0.992095 -0.0976142 0.110101 0.983434 -0.144001 -0.356111 0.807384 0.470443 -0.483755 0.543133 0.686286 -0.593702 0.535908 0.600267 -0.262969 0.836735 0.480335 -0.359688 0.579785 0.731077 -0.125469 0.937122 0.325668 -0.140745 0.961383 0.236503 0.0520656 0.995282 -0.0818695 0.00846053 0.991098 -0.132869 0.0177462 0.980844 -0.193983 0.034916 0.985558 -0.1657 0.0238492 0.993479 -0.111489 0.0549279 0.989249 -0.135536 0.039893 0.995039 -0.0911372 -0.0828172 0.906271 0.414504 -0.0409585 0.949991 0.309578 -0.128539 0.891271 0.434873 -0.198571 0.876243 0.439053 -0.277216 0.860477 0.427471 0.0691679 0.990997 -0.11463 -0.237886 0.627735 0.741187 -0.409846 0.609012 0.679066 -0.133774 0.960584 0.243686 -0.163738 0.965585 0.202077 -0.505607 0.623706 0.596115 -0.187039 0.96751 0.170123 -0.563555 0.647142 0.513433 -0.333572 0.863361 0.378599 -0.606367 0.675555 0.419457 -0.297743 0.609717 0.734571 -0.0969009 0.95108 0.293355 0.0369639 0.994779 -0.0951217 0.0480385 0.995372 -0.0832268 0.0592382 0.995356 -0.0758818 -0.180688 0.618197 0.764974 -0.0587855 0.940341 0.335115 0.0280508 0.9935 -0.110318 0.0343028 0.991108 -0.12856 0.0432664 0.992678 -0.112773 0.0543065 0.993791 -0.0971085 -0.116356 0.6416 0.758162 -0.0448681 0.938064 0.343546 0.0245526 0.992041 -0.123494 0.00877025 0.990397 -0.137972 0.0269988 0.981098 -0.191621 -0.0515644 0.918118 0.392938 -0.0800993 0.913173 0.399625 0.0614756 0.989531 -0.130573 -0.0380794 0.894409 0.445626 -0.102606 0.710688 0.695985 -0.0978588 0.666325 0.739212 -0.0433514 0.942833 0.330434 0.147544 0.983838 0.101457 0.072637 0.997236 -0.0156603 0.128662 0.991032 -0.0360842 0.124603 0.98156 0.144965 0.0618607 0.992438 -0.10602 0.0400708 0.980661 0.191567 0.0304153 0.859045 0.510996 0.0906925 0.961584 0.259097 0.0605858 0.997745 -0.0288668 0.0528665 0.992866 -0.106875 0.0307479 0.989305 -0.142585 0.0272758 0.991059 -0.130605 -0.0528608 0.900592 0.43144 -0.205836 0.794749 0.57097 -0.240742 0.64077 0.729011 -0.227144 0.623943 0.74773 -0.173066 0.810438 0.559677 -0.265842 0.616695 0.740955 -0.192514 0.819649 0.539549 0.0304772 0.989701 -0.139868 -0.237785 0.833686 0.498423 -0.157892 0.801606 0.576626 -0.213953 0.662046 0.718275 0.00661581 0.983339 0.181663 -0.0577341 0.988288 0.141257 -0.0558305 0.981699 0.182069 -0.0125548 0.898663 0.43846 -0.00158194 0.74662 0.665249 0.124451 0.968003 0.217903 0.135938 0.990675 -0.00911351 0.0741501 0.992491 -0.0972807 0.0507276 0.99296 -0.107035 0.0383881 0.956418 0.289466 0.13771 0.855012 0.499991 0.151901 0.953329 0.260941 0.00795722 0.999913 -0.0105303 0.00373991 0.999323 0.0365869 0.018541 0.999753 0.0122164 0.0493626 0.994502 0.092353 0.125579 0.982704 0.136097 0.0685971 0.980086 0.186347 -0.0248814 0.989358 0.143359 0.0457111 0.996651 0.0678002 0.159502 0.983984 0.0795927 0.105439 0.992645 0.0594844 -0.144045 0.975714 0.165027 0 1 6.12323e-17 0 1 6.12323e-17 0 1 6.12323e-17 0 1 6.12323e-17 0 1 6.12323e-17 0.00165443 0.999997 -0.00165489 0.00137084 0.999997 -0.00206722 0.00348469 0.999982 -0.00486607 0 1 6.12323e-17 0 1 6.12323e-17 0 1 6.12323e-17 0 1 6.12323e-17 0.00157223 0.999997 -0.00162237 0.0394583 0.998187 -0.0454497 0.0397957 0.998046 -0.0481657 0.0483869 0.99748 -0.0518817 0 1 6.12323e-17 0 1 6.12323e-17 0.000565638 0.999999 -0.00150148 0 1 6.12323e-17 0 1 6.12323e-17 0 1 6.12323e-17 3.60443e-07 1 -4.02258e-06 0 1 6.12323e-17 0.0176185 0.999753 -0.0135738 0.0223197 0.99958 -0.0184927 0.0309271 0.999142 -0.0275522 3.0849e-06 1 -0.000371133 0.0483284 0.996596 -0.0667914 0.0458744 0.996657 -0.0676014 0.0680239 0.993741 -0.088608 0.0668831 0.994488 -0.0807516 0.0346757 0.99868 -0.0379047 0.0660315 0.995455 -0.0686254 0.0500451 0.996978 -0.0594246 0.0719428 0.99297 -0.0939951 0.0658426 0.996168 -0.0575597 0.0572042 0.996797 -0.0558925 -0.138245 0.979207 0.148464 -0.106931 0.98328 0.147398 -0.0962187 0.984192 0.148686 0.0588274 0.99708 -0.0486903 0.0578684 0.997052 -0.0503746 -0.144801 0.979473 0.140232 -0.59169 0.554836 0.584859 -0.54914 0.542019 0.63613 -0.486665 0.541963 0.685152 0.0577473 0.997327 -0.0447645 0.0626654 0.996778 -0.0500651 -0.158228 0.978401 0.133021 0.0138355 0.999848 -0.0105646 0.0551135 0.997385 -0.0467566 0.0582259 0.997088 -0.0492562 -0.149373 0.982398 0.112172 -0.147442 0.981125 0.125117 0.0596621 0.996957 -0.050176 -0.634108 0.60444 0.482244 -0.608724 0.59236 0.527792 -0.610107 0.582795 0.536767 -0.14027 0.982106 0.125664 -0.502001 0.750227 0.430295 0.0787542 0.993422 -0.0831327 0.0908492 0.990873 -0.0995828 -0.477774 0.762849 0.435653 0.0966109 0.988614 -0.115363 -0.46902 0.741284 0.480123 -0.622231 0.564338 0.54254 -0.424525 0.733792 0.530403 -0.475298 0.771024 0.423808 0.0728894 0.99468 -0.072789 0.0703371 0.994586 -0.0764911 0.0769263 0.992664 -0.0932763 0.089299 0.989867 -0.110403 -0.492884 0.780891 0.383763 0.0738403 0.995141 -0.0651307 0.0742497 0.99482 -0.0694276 -0.196649 0.959036 0.203908 -0.176196 0.957759 0.227273 -0.138794 0.958519 0.248953 -0.506591 0.798104 0.326183 0.0735531 0.995698 -0.0563545 0.0718759 0.995584 -0.0603854 -0.667794 0.619282 0.412966 -0.528125 0.805585 0.268545 0.0717576 0.996268 -0.0479712 0.0724728 0.996188 -0.0485443 0.0711865 0.996267 -0.0488251 0.0671881 0.996816 -0.04294 -0.227704 0.963578 0.140245 -0.223025 0.962886 0.152022 -0.222036 0.959172 0.175182 0.0728419 0.995899 -0.053665 -0.526244 0.740315 0.418332 -0.295686 0.924526 0.240461 -0.290253 0.91751 0.271899 -0.49609 0.735227 0.461883 -0.270254 0.919301 0.286091 -0.472455 0.731638 0.491419 -0.204269 0.960451 0.189231 -0.419279 0.726542 0.544373 -0.547522 0.747454 0.376208 -0.317958 0.922353 0.219473 0.103779 0.992601 -0.0630311 0.0878987 0.994268 -0.0608629 0.0729008 0.995379 -0.0624972 -0.5603 0.752432 0.346281 -0.323179 0.924532 0.201982 0.1136 0.991097 -0.0694388 0.125043 0.989662 -0.0702452 0.112223 0.991872 -0.0599625 0.0911529 0.994256 -0.0560957 -0.565212 0.760372 0.319954 -0.335368 0.922731 0.18999 0.115348 0.990735 -0.0716893 -0.221258 0.967339 0.123693 -0.550466 0.772226 0.31726 -0.332873 0.923349 0.191369 0.100056 0.992398 -0.0716567 0.105601 0.991647 -0.0740538 -0.324112 0.923662 0.204448 0.11624 0.990087 -0.0788426 0.116157 0.98973 -0.0833226 0.123756 0.988951 -0.081615 0.110316 0.991249 -0.0724941 -0.231493 0.96102 0.151169 -0.431581 0.857699 0.279447 -0.479172 0.848 0.226475 -0.260579 0.957648 0.12251 -0.517532 0.834445 0.189373 -0.296993 0.948912 0.106584 0.126938 0.988975 -0.0762525 -0.31758 0.941327 0.114218 -0.218742 0.960621 0.171345 -0.399223 0.862188 0.311853 -0.108481 0.990814 0.0807386 -0.114401 0.991107 0.0679639 -0.124695 0.99087 0.0512654 -0.191723 0.962543 0.19171 -0.373107 0.859059 0.350441 -0.112854 0.988245 0.103128 0.071035 0.994538 -0.0764805 0.0850414 0.993883 -0.0704529 0.0948123 0.993233 -0.0670688 -0.166335 0.961964 0.216696 -0.370325 0.840438 0.395631 -0.149218 0.980031 0.131428 0.125025 0.989229 -0.0761208 -0.172241 0.961067 0.216065 -0.402824 0.814655 0.417217 -0.408468 0.868555 0.280653 -0.253709 0.939124 0.231684 -0.425532 0.797158 0.428324 -0.107427 0.994136 -0.0123447 -0.113536 0.989992 -0.0838148 -0.219342 0.961366 0.166327 -0.316234 0.943746 -0.0966411 -0.43883 0.698817 0.564874 -0.528457 0.834706 0.154913 -0.451529 0.728464 0.515229 -0.214492 0.95824 0.189129 -0.0450573 0.992495 -0.113679 -0.229641 0.957077 0.17683 -0.302414 0.938958 0.164022 -0.227261 0.962451 0.148458 -0.790306 0.331676 0.515177 0.0361561 0.998868 -0.0308992 0.0293207 0.999227 -0.0261966 -0.297191 0.926132 0.232288 -0.756965 0.20628 0.620043 -0.650859 0.541555 0.532073 -0.305835 0.902758 0.302478 -0.679487 0.15315 0.717526 -0.580935 0.524744 0.622221 0.0331222 0.999131 -0.0253095 0.0021383 0.999996 -0.0020339 0.0184495 0.999657 -0.0185739 0.0307118 0.99884 -0.0370948 0.0235218 0.999235 -0.0312377 0.0236442 0.99942 -0.0245267 0.022024 0.999232 -0.0324151 -0.18058 0.939729 0.290345 -0.26165 0.907347 0.329031 -0.575485 0.178989 0.797985 -0.22604 0.0864843 0.970271 -0.145667 0.533787 0.832978 -0.277441 0.515299 0.810859 -0.320447 0.413544 0.85223 -0.39459 0.503252 0.768788 -0.457579 0.313991 0.831884 -0.219895 0.861696 0.457304 -0.0523558 0.978334 0.200306 -0.0413947 0.990172 0.133592 -0.031668 0.998127 0.0523434 -0.492983 0.502485 0.710265 0.0723921 0.99316 -0.091607 -0.0235623 0.999112 0.0349224 0.0695782 0.989424 -0.127278 0.0941595 0.980503 -0.172477 0.0680445 0.987466 -0.142413 0.0887218 0.979563 -0.180513 -0.158584 0.88465 0.438458 0.101698 0.984736 -0.141254 0.0777136 0.990691 -0.111771 -0.0905767 0.892371 0.442119 0.0875823 0.93477 0.344288 0.130085 0.986686 0.097615 0.0480748 0.987054 0.153017 0.134146 0.990955 0.0037401 0.0383726 0.994636 -0.0960599 0.127149 0.988129 -0.0862195 0.0374242 0.999197 0.0143069 0.102159 0.884438 0.455338 0.23942 0.796906 0.554634 0.0958472 0.746375 0.658588 -0.00507207 0.986198 0.165494 -0.0111862 0.77066 0.637148 -0.000721784 0.995378 0.0960263 -0.00332674 0.997845 -0.065536 0.139296 0.895405 0.422902 -0.000121105 0.785649 0.618672 -0.0644228 0.70919 0.702068 -0.0612382 0.858915 0.508444 -0.0154952 0.988813 0.148354 -0.132704 0.640936 0.756036 0.0081399 0.999957 0.00447421 0.0481056 0.992314 -0.114009 0.104449 0.993758 0.039192 0.10903 0.99004 -0.0890669 0.0794297 0.995923 -0.0427705 0.155543 0.986679 0.0476624 0.139761 0.988571 -0.0565207 0.0567812 0.997875 -0.0319675 0.161262 0.964008 0.211386 0.112393 0.991964 0.0581036 0.174059 0.966147 0.19043 0.0192256 0.999195 -0.0352196 -0.00526652 0.99994 -0.00958692 0.0735956 0.997026 -0.0228532 -0.00280468 0.962928 0.269745 0.0387084 0.989465 0.139504 -0.348909 0.839835 0.41586 -0.143947 0.977725 0.152754 -0.33902 0.856841 0.388444 -0.170286 0.970977 0.167948 -0.152558 0.976998 0.148998 -0.314238 0.88571 0.341718 -0.127949 0.984604 0.119096 -0.438739 0.873545 0.210778 0.0562383 0.997111 -0.0510611 0.0869917 0.994106 -0.0646904 0.0854904 0.994061 -0.0673382 0.0633096 0.996402 -0.0563416 0.0897124 0.993674 -0.0675539 -0.17663 0.97632 0.124901 -0.165806 0.976046 0.140865 -0.295955 0.911169 0.286675 -0.280906 0.927027 0.248421 -0.0576609 0.997366 0.0439992 -0.0639957 0.997333 0.0350823 -0.29539 0.932471 0.207951 -0.0727979 0.996395 0.0435681 -0.296427 0.925325 0.23644 -0.171036 0.978616 0.11427 -0.128305 0.982888 0.13217 0.0552946 0.996336 -0.0652387 0.0493423 0.995805 -0.07706 0.0435436 0.994897 -0.0910192 -0.091862 0.993298 0.0701522 0.0841882 0.993295 -0.0792285 -0.068974 0.978081 0.196467 0.0431553 0.993717 -0.103264 -0.096132 0.974191 0.204233 -0.338827 0.620522 0.707212 -0.129601 0.97195 0.196256 -0.416812 0.648311 0.637151 -0.281003 0.853009 0.439786 -0.16482 0.967837 0.190068 -0.463798 0.687086 0.559289 -0.296032 0.883691 0.362567 -0.256354 0.90323 0.344177 -0.0776489 0.992502 0.0944002 0.0605686 0.996739 -0.0533261 0.0593517 0.996629 -0.0566411 -0.097908 0.984739 0.143886 0.0603407 0.996591 -0.056261 -0.217496 0.959443 0.179343 -0.191472 0.964399 0.182408 -0.486669 0.728827 0.481626 -0.50352 0.807873 0.306283 -0.226661 0.963434 0.142895 -0.242387 0.952598 0.183862 -0.497966 0.789396 0.359005 -0.270078 0.932591 0.23944 -0.48946 0.762211 0.423631 -0.250345 0.953062 0.170296 -0.270624 0.949809 0.156929 0.0935083 0.993314 -0.067708 0.0810913 0.994124 -0.071709 0.0724645 0.994374 -0.0772678 -0.290442 0.910275 0.29503 0.0671622 0.99604 -0.0582634 0.0691392 0.995102 -0.070658 0.0643472 0.994234 -0.0857779 0.0813875 0.994406 -0.0673318 -0.211336 0.966641 0.144714 0.0960327 0.993258 -0.0649262 -0.23499 0.965359 0.113407 -0.627221 0.709857 0.320465 0.116586 0.99111 -0.0641058 -0.246812 0.964449 0.0944523 -0.613595 0.749287 0.24914 -0.500749 0.821548 0.272595 -0.205909 0.971593 0.116652 0.117063 0.990982 -0.0651932 0.105683 0.992302 -0.0645608 -0.199578 0.973583 0.11093 0.123498 0.989935 -0.069112 0.171261 0.982162 -0.0776396 0.14845 0.986894 -0.0632707 -0.213988 0.969627 0.118457 -0.151602 0.976371 0.154003 -0.391396 0.839475 0.37695 -0.444213 0.834489 0.326043 -0.167994 0.97585 0.139621 -0.478766 0.822666 0.3066 -0.179515 0.973386 0.142455 0.1669 0.981047 -0.0984484 0.145922 0.98303 -0.11117 -0.21284 0.962302 0.169334 -0.227704 0.956382 0.182989 -0.290468 0.943756 0.157966 -0.547425 0.793943 0.264538 0.115967 0.990698 -0.0712015 0.122072 0.991415 -0.046846 -0.344749 0.926932 0.148141 0.0781032 0.996869 -0.0123144 -0.0215033 0.997718 -0.0639962 0.0229076 0.999731 -0.00370931 -0.0631125 0.997995 -0.00472905 -0.246254 0.966353 0.0743051 -0.00563594 0.999887 -0.0139652 -0.0882721 0.996071 0.00709685 -0.21339 0.973798 0.0786339 -0.120352 0.977551 0.172943 -0.300201 0.826394 0.476395 -0.285508 0.858183 0.426622 -0.258672 0.935514 0.240628 -0.246427 0.809185 0.53338 -0.250394 0.838931 0.483215 -0.502975 0.793711 0.34211 0.142224 0.987347 -0.0701327 0.0676576 0.997674 0.00828308 0.136017 0.987989 -0.0733221 0.083284 0.99535 -0.0483986 -0.0270352 0.984764 0.171785 0.126111 0.989559 -0.0697717 0.0841317 0.994969 -0.0543882 0.0633984 0.997258 -0.0381652 -0.0336517 0.999382 0.0101909 -0.647924 0.6802 0.342816 -0.203568 0.858409 0.470844 -0.075511 0.996896 0.0222647 -0.588757 0.768063 0.251882 -0.690586 0.672683 0.265684 -0.339448 0.884432 0.320243 0.090274 0.994732 -0.048576 0.0332735 0.998706 -0.0384665 0.104857 0.991903 -0.071649 0.110485 0.991734 -0.065248 0.0250213 0.999291 -0.0281474 0.103337 0.992512 -0.0651246 0.00449725 0.999559 -0.0293439 -0.58342 0.765436 0.271529 -0.523602 0.78569 0.329442 -0.266764 0.947277 0.177491 -0.273312 0.948299 0.161337 -0.264066 0.954842 0.136186 0.0907401 0.993897 -0.0627312 -0.573923 0.75807 0.309745 -0.593212 0.745038 0.304989 -0.191976 0.977744 0.0846319 -0.582825 0.739049 0.337819 -0.364961 0.909331 0.199802 -0.532357 0.770809 0.349929 -0.294756 0.937265 0.186155 0.0602044 0.996012 -0.0658481 -0.475424 0.80962 0.344221 -0.226655 0.9599 0.164981 0.0585366 0.995745 -0.0711663 0.05135 0.997367 -0.0512057 0.1032 0.991223 -0.0826188 -0.25593 0.949695 0.180495 -0.249242 0.951649 0.179562 0.0979734 0.989978 -0.101708 -0.249601 0.952824 0.172704 -0.417745 0.856331 0.303623 -0.435531 0.83935 0.325275 -0.180529 0.97396 0.137157 -0.150732 0.97848 0.140912 0.0497016 0.99722 -0.0555093 0.0517538 0.996785 -0.0611621 -0.136857 0.984889 0.106128 0.0550257 0.996222 -0.0671788 -0.153454 0.981522 0.11431 -0.395228 0.864209 0.311346 -0.357043 0.855675 0.374619 0.0602131 0.99528 -0.0761052 0.062647 0.994698 -0.0815585 0.0651248 0.994195 -0.0856397 0.0558211 0.995944 -0.0705643 -0.196125 0.965407 0.171829 -0.127575 0.973117 0.191752 0.0729349 0.993646 -0.0857178 -0.151207 0.963237 0.222059 -0.278416 0.875676 0.394558 -0.172163 0.961201 0.215529 -0.315262 0.86162 0.397769 -0.0840978 0.98875 0.123694 -0.16279 0.962058 0.218962 -0.340954 0.836491 0.428991 -0.108911 0.982575 0.150615 -0.188279 0.954277 0.232176 0.0424139 0.997783 -0.0512857 0.0523467 0.996075 -0.0713751 0.0581145 0.995732 -0.0717012 0.0384904 0.997864 -0.0527724 0.0461483 0.996507 -0.069596 -0.139433 0.954749 0.262701 -0.14441 0.960019 0.239813 -0.327884 0.791432 0.515875 -0.415726 0.781656 0.464958 -0.110117 0.985373 0.130058 -0.0981394 0.979309 0.176984 -0.342987 0.770407 0.537433 -0.11982 0.960774 0.250112 -0.304804 0.763453 0.569415 -0.178102 0.945105 0.273962 -0.224347 0.943393 0.244291 0.101008 0.987234 -0.123152 0.0836701 0.99075 -0.106833 0.0846321 0.993106 -0.0810977 -0.138785 0.963727 0.227965 0.0472537 0.996981 -0.0616071 -0.289564 0.945655 0.147951 0.0795894 0.994984 -0.060601 -0.265101 0.951709 0.154827 -0.504383 0.814165 0.287632 -0.272574 0.944681 0.18243 -0.518211 0.781549 0.347332 -0.23774 0.959667 0.15006 -0.285238 0.940648 0.183906 -0.556873 0.744363 0.368532 -0.266776 0.947695 0.175227 -0.444559 0.785919 0.429765 -0.136792 0.983466 0.118667 0.119766 0.983144 -0.138147 0.12459 0.984277 -0.125204 -0.223647 0.966146 0.12862 -0.00830141 0.978621 -0.205506 -0.144143 0.985316 -0.0915201 -0.247077 0.953448 0.172886 -0.536675 0.738024 0.409024 -0.0242198 0.996048 0.0854474 -0.243211 0.921533 0.302698 -0.576564 0.732008 0.362958 -0.240528 0.966476 0.0898405 -0.280767 0.892946 0.351877 -0.329633 0.904258 0.271402 0.0373811 0.998236 -0.0461274 0.152633 0.960047 0.23455 -0.282483 0.952907 0.110323 -0.021551 0.999113 -0.036177 0.0772748 0.9952 -0.0600507 -0.283788 0.934478 0.214975 -0.0651084 0.996785 -0.04669 0.106415 0.986882 -0.12141 0.104299 0.991911 -0.072354 0.0424652 0.987284 -0.153187 -0.10682 0.971783 0.210302 0.0146524 0.987956 -0.154041 0.0138167 0.993101 -0.116442 0.0154991 0.869511 0.49367 -0.391428 0.863331 0.318503 -0.368759 0.904078 0.216008 -0.613543 0.672369 0.414108 -0.9569 0.27546 0.0919994 -0.935192 0.317438 -0.157 0.0913343 0.994717 -0.0468701 0.0159597 0.99974 -0.0162609 0.120971 0.990793 -0.0607904 -0.00105598 0.999999 -1.17985e-06 0.00205439 0.999998 -0.000665176 0.0234018 0.999634 -0.0135742 0.0922538 0.994437 -0.0508352 0.164752 0.983238 -0.0780977 0.0398377 0.998983 -0.0211064 0.0874131 0.995123 -0.0457167 0.158532 0.984676 -0.0726667 0 1 6.12323e-17 0.000363169 1 -0.000275195 0.0155206 0.999772 -0.0146467 0.0610694 0.997514 -0.0351646 0.00755203 0.999963 -0.00422801 0.0989105 0.992747 -0.0683369 0.13137 0.988037 -0.080779 0.161861 0.983602 -0.0795551 0.11575 0.991407 -0.0609473 0.162685 0.983904 -0.0739407 0.129322 0.989428 -0.065635 0.123745 0.989176 -0.0788603 0.0668159 0.99675 -0.0450106 0.1192 0.988977 -0.0878393 0.062648 0.996575 -0.0539842 -0.0985653 0.993482 0.0572505 0.10035 0.990486 -0.094169 0.0599888 0.996227 -0.0627107 -0.104306 0.990299 0.0918062 0.0570461 0.996776 -0.056423 0.0836264 0.991754 -0.0971064 0.0498949 0.996319 -0.0697024 -0.0781721 0.986798 0.141839 -0.08544 0.987255 0.134266 0.0481442 0.996266 -0.0716729 -0.412064 0.560057 0.718707 -0.440109 0.597346 0.670433 -0.500514 0.656774 0.564033 -0.0815125 0.99135 0.102867 -0.468464 0.767721 0.437203 -0.540704 0.725615 0.425584 -0.422726 0.718077 0.552872 0.0524939 0.996306 -0.0679556 -0.366951 0.702193 0.610141 0.0603946 0.994046 -0.0906901 0.0964911 0.987139 -0.127464 -0.359757 0.708549 0.60707 0.0650795 0.991749 -0.110452 0.0953412 0.985128 -0.142943 -0.439397 0.54514 0.71397 -0.397824 0.708451 0.582952 0.0772377 0.989139 -0.125056 0.101114 0.986225 -0.130904 0.0989941 0.984918 -0.141903 0.0878217 0.988269 -0.124949 -0.0888486 0.966676 0.24009 -0.0977529 0.973031 0.208939 -0.13224 0.970273 0.202687 0.0996723 0.983187 -0.152997 -0.332548 0.82088 0.464292 -0.154178 0.969987 0.188029 -0.282473 0.783851 0.55298 -0.181481 0.927269 0.32747 -0.248483 0.747028 0.616608 -0.15498 0.911331 0.381389 0.0397583 0.997932 -0.0505057 -0.273482 0.726005 0.63097 -0.161389 0.909617 0.382818 0.0407975 0.99771 -0.0539507 -0.104081 0.962633 0.25001 -0.340366 0.722619 0.601642 -0.193772 0.914996 0.353885 0.0647603 0.995821 -0.064392 0.0574381 0.996143 -0.0663269 -0.235097 0.919681 0.31451 0.0671887 0.99568 -0.0640919 0.0621094 0.995903 -0.0657276 0.0552464 0.996552 -0.0619009 0.0474352 0.996865 -0.0633251 -0.233746 0.945962 0.224763 0.051711 0.996939 -0.0586447 -0.235136 0.945571 0.224959 -0.441938 0.790245 0.424504 -0.247876 0.942949 0.22227 -0.447894 0.796125 0.40691 -0.264126 0.94047 0.213902 -0.288806 0.937221 0.195468 -0.480557 0.807398 0.342305 -0.161561 0.960293 0.227456 0.0764949 0.995227 -0.0605878 -0.313244 0.938345 0.146242 -0.517022 0.816453 0.257084 -0.125114 0.991308 0.0406859 -0.121949 0.991736 0.0398618 -0.528798 0.824475 0.20153 0.121879 0.990927 -0.0566451 0.120321 0.989505 -0.0800197 0.107506 0.988068 0.11029 -0.114173 0.990523 0.0763434 0.0915836 0.981386 0.168799 0.0600599 0.963313 0.261574 -0.125618 0.931815 0.340503 -0.817567 0.329403 0.472311 -0.247045 0.955894 0.158858 -0.742078 0.437213 0.508099 -0.867078 -0.398971 0.298324 -0.257846 0.946178 0.195607 -0.745641 0.385457 0.543546 -0.767256 0.0818238 0.6361 0.110562 0.992054 -0.0600482 -0.254623 0.94789 0.191498 -0.703142 0.445491 0.554193 -0.753053 0.111633 0.648421 -0.771231 0.0671203 0.633006 -0.721204 0.426315 0.546004 -0.811281 -0.0392896 0.583335 </float_array>
          <technique_common>
            <accessor count="1090" offset="0" source="#meshId1-normals-array" stride="3">
              <param name="X" type="float" />
              <param name="Y" type="float" />
              <param name="Z" type="float" />
            </accessor>
          </technique_common>
        </source>
        <source id="meshId1-tangents" name="meshId1-tangents">
          <float_array id="meshId1-tangents-array" count="3270"> -0.179407 0.194647 -0.964327 -0.198407 0.317954 -0.927113 -0.212344 0.369332 -0.904712 -0.195567 0.234673 -0.952199 -0.227856 0.409149 -0.88356 -0.212849 0.269298 -0.939241 -0.108551 -0.0694226 -0.991664 -0.106503 -0.0631882 -0.992302 -0.104676 -0.0596299 -0.992717 -0.130074 0.112157 -0.98514 -0.131563 0.123942 -0.983529 -0.132939 0.124679 -0.983251 -0.238912 0.438692 -0.866297 -0.227757 0.296076 -0.927613 -0.108866 -0.0803492 -0.990804 -0.104015 -0.0805607 -0.991308 -0.109215 -0.0783218 -0.990928 -0.112042 -0.0712658 -0.991145 -0.251819 0.455285 -0.853993 -0.242066 0.311021 -0.919059 -0.115123 -0.106793 -0.987594 -0.106746 -0.0816128 -0.990931 -0.101254 -0.0654445 -0.992706 -0.100985 -0.0729718 -0.992208 -0.106367 -0.0852364 -0.990667 -0.100208 -0.0781427 -0.991893 -0.103613 -0.0839917 -0.991065 -0.135447 0.121175 -0.983347 -0.133275 0.125672 -0.983079 -0.101443 -0.082122 -0.991446 -0.136179 0.115115 -0.983974 -0.27596 0.437733 -0.855708 -0.267004 0.456068 -0.848947 -0.106249 -0.0772832 -0.991332 -0.2577 0.317438 -0.912592 -0.152473 0.0415637 -0.987433 -0.153696 -0.0148753 -0.988006 -0.228279 0.170371 -0.958573 -0.136291 -0.0599232 -0.988855 -0.276348 0.304947 -0.911394 -0.21082 0.257093 -0.943111 -0.0811377 -0.0344238 -0.996108 -0.1268 -0.148717 -0.980716 -0.11157 -0.214462 -0.970339 -0.121216 -0.111626 -0.98633 -0.102148 0.0595895 -0.992983 -0.0710878 -0.243185 -0.967371 -0.0814186 -0.0573111 -0.995031 -0.0759073 -0.139616 -0.987292 -0.172983 0.199287 -0.964553 -0.141584 0.0973227 -0.985131 -0.102863 -0.169305 -0.980181 -0.175913 0.181163 -0.967592 -0.0955735 -0.0374564 -0.994717 -0.0998949 -0.0423416 -0.994097 -0.0979415 -0.038936 -0.99443 -0.0925715 -0.0330836 -0.995156 -0.0967474 -0.0376195 -0.994598 -0.0904406 -0.0333467 -0.995343 -0.0931481 0.0526551 -0.994259 -0.10236 0.0630009 -0.99275 -0.108856 0.0798097 -0.990849 -0.0991784 -0.0147194 -0.994961 -0.0982884 -0.0126509 -0.995078 -0.0979176 -0.0132612 -0.995106 -0.0970056 -0.0405776 -0.994456 -0.0903283 -0.0361704 -0.995255 -0.0907821 0.0508971 -0.994569 -0.190419 0.213478 -0.958211 -0.20172 0.214932 -0.95557 -0.230266 0.255985 -0.938855 -0.097773 -0.0493869 -0.993983 -0.0930045 -0.0472123 -0.994546 -0.0933794 0.0606841 -0.993779 -0.0988676 6.09323e-17 -0.995101 -0.0995426 6.09282e-17 -0.995033 -0.0993544 6.09294e-17 -0.995052 -0.0987613 6.0933e-17 -0.995111 -0.0993878 6.09292e-17 -0.995049 -0.0989445 6.09319e-17 -0.995093 -0.0983455 -0.0189808 -0.994971 -0.0980273 -0.0140004 -0.995085 -0.0994031 -4.80937e-07 -0.995047 -0.099878 -0.0270054 -0.994633 -0.101077 -0.076738 -0.991915 -0.0994485 -0.0589551 -0.993295 -0.099246 6.093e-17 -0.995063 -0.0956078 -0.0546391 -0.993918 -0.105368 -0.0769197 -0.991454 -0.134964 0.161019 -0.97768 -0.12416 0.118239 -0.985192 -0.102425 -0.0696761 -0.992297 -0.111661 0.102784 -0.988417 -0.0997303 -0.0643215 -0.992933 -0.103613 -0.0936957 -0.990195 -0.105924 -0.108593 -0.988427 -0.168065 0.354928 -0.919663 -0.162271 0.320205 -0.933347 -0.183074 0.302818 -0.9353 -0.100934 0.076221 -0.991969 -0.101344 -0.0417612 -0.993975 -0.196394 0.20327 -0.959224 -0.112663 -0.0383899 -0.992891 -0.100414 -0.0348535 -0.994335 -0.20496 0.185426 -0.961046 -0.0960824 -0.035236 -0.99475 -0.18762 0.143792 -0.97166 -0.195532 0.258132 -0.946116 -0.196921 0.144123 -0.969768 -0.156825 0.198211 -0.967532 -0.101446 -0.0583284 -0.99313 -0.18783 0.301033 -0.934933 -0.201329 0.329083 -0.922589 -0.226973 0.349791 -0.908917 -0.105943 -0.0701564 -0.991894 -0.101632 -0.0498987 -0.99357 -0.167142 0.275754 -0.946585 -0.193241 0.435111 -0.879395 -0.207125 0.463143 -0.861741 -0.222185 0.489549 -0.843194 -0.104006 -0.0602411 -0.992751 -0.102906 -0.0429687 -0.993763 -0.154819 0.232279 -0.960249 -0.169324 0.170842 -0.97064 -0.191955 0.296192 -0.935641 -0.128652 0.104577 -0.98616 -0.125322 0.103083 -0.986746 -0.186288 0.279072 -0.942027 -0.126401 0.0977389 -0.987153 -0.104529 -0.0522246 -0.99315 -0.104708 -0.0561485 -0.992917 -0.105891 -0.0422536 -0.993479 -0.110996 -0.0406922 -0.992987 -0.1025 -0.0471108 -0.993617 -0.0997412 -0.041514 -0.994147 -0.143451 0.201762 -0.968872 -0.122419 0.0945632 -0.987963 -0.106605 -0.0766979 -0.991339 -0.136676 0.15539 -0.978352 -0.176582 0.391983 -0.902867 -0.138562 0.169634 -0.975718 -0.107616 6.08767e-17 -0.994192 -0.104493 6.08971e-17 -0.994526 -0.105246 6.08923e-17 -0.994446 -0.102633 6.0909e-17 -0.994719 -0.103241 6.09051e-17 -0.994656 -0.10416 6.08993e-17 -0.994561 -0.106092 6.08868e-17 -0.994356 -0.108524 6.08707e-17 -0.994094 -0.102189 6.09118e-17 -0.994765 -0.100719 6.0921e-17 -0.994915 -0.101306 6.09173e-17 -0.994855 -0.10228 6.09112e-17 -0.994756 -0.102239 6.09115e-17 -0.99476 -0.102396 -0.0163333 -0.99461 -0.10435 -0.0132637 -0.994452 -0.106602 -0.011515 -0.994235 -0.100725 6.09209e-17 -0.994914 -0.100933 6.09196e-17 -0.994893 -0.101049 6.09189e-17 -0.994882 -0.100336 6.09233e-17 -0.994954 -0.0999397 6.09258e-17 -0.994993 -0.0999329 6.09258e-17 -0.994994 -0.10049 -0.0393386 -0.99416 -0.102219 -0.0437723 -0.993798 -0.10054 -0.0157657 -0.994808 -0.105026 -0.0441251 -0.99349 -0.125657 0.280743 -0.951522 -0.136077 0.0823919 -0.987266 -0.13227 0.176124 -0.975441 -0.136635 -0.0376051 -0.989907 -0.134458 -0.0516251 -0.989574 -0.134749 -0.0700499 -0.988401 -0.159019 0.223675 -0.961604 -0.162081 0.345584 -0.924285 -0.146392 -0.0273847 -0.988847 -0.137614 0.0328875 -0.98994 -0.134063 -0.0325139 -0.990439 -0.136647 -0.0777169 -0.987567 -0.130324 -0.0728934 -0.988788 -0.124214 -0.0571332 -0.990609 -0.127738 -0.0616532 -0.98989 -0.15421 0.148508 -0.976814 -0.142567 0.152043 -0.978038 -0.126493 0.00917118 -0.991925 -0.148275 0.136917 -0.979422 -0.141491 0.153043 -0.978038 -0.133263 0.0534014 -0.989641 -0.145108 0.170416 -0.974629 -0.133684 -0.0227797 -0.990762 -0.14278 0.0651711 -0.987606 -0.180485 0.275556 -0.94419 -0.148939 0.229509 -0.961843 -0.131272 -0.0287372 -0.99093 -0.132331 0.147987 -0.980096 -0.273003 0.482916 -0.832022 -0.184635 0.410002 -0.893201 -0.188701 0.153398 -0.96998 -0.101509 -0.0451975 -0.993807 -0.114517 -0.0440192 -0.992446 -0.223148 0.237046 -0.945523 -0.290232 0.252639 -0.923006 -0.209989 0.245648 -0.946341 -0.186187 0.206666 -0.960533 -0.120301 -0.0614418 -0.990834 -0.0968953 0.0386373 -0.994544 -0.124643 -0.0279664 -0.991807 -0.126559 -0.0325701 -0.991424 -0.117249 0.000319352 -0.993102 -0.118036 0.000940183 -0.993009 -0.117049 0.010568 -0.99307 -0.122157 -0.0273112 -0.992135 -0.107544 0.0016236 -0.994199 -0.104436 0.0491593 -0.993316 -0.118832 0.057941 -0.991222 -0.118208 0.0445544 -0.991989 -0.120295 0.129471 -0.984259 -0.128657 0.233075 -0.96391 -0.117375 0.0796292 -0.98989 -0.119885 -0.0281165 -0.99239 -0.130584 0.170246 -0.976711 -0.119016 0.160637 -0.979812 -0.128764 0.201455 -0.970997 -0.128611 0.122994 -0.984039 -0.131908 -0.024447 -0.99096 -0.141724 0.0501449 -0.988635 -0.137364 -0.0395048 -0.989733 -0.162546 -0.0271495 -0.986327 -0.149175 0.018453 -0.988639 -0.13694 0.12292 -0.982923 -0.13841 -0.0390624 -0.989604 -0.151096 -0.0282762 -0.988115 -0.148488 0.0244104 -0.988613 -0.139914 0.117473 -0.98317 -0.132537 -0.0188762 -0.990998 -0.170566 0.118367 -0.978211 -0.1466 0.268664 -0.952013 -0.147899 0.0652627 -0.986847 -0.143882 0.152297 -0.977805 -0.142937 -0.0244546 -0.98943 -0.133487 -0.0406161 -0.990218 -0.136746 0.260771 -0.955667 -0.137864 -0.0395417 -0.989662 -0.0996635 6.09275e-17 -0.995021 -0.100383 6.09231e-17 -0.994949 -0.100059 6.09251e-17 -0.994982 -0.100699 6.09211e-17 -0.994917 -0.101597 6.09155e-17 -0.994826 -0.101092 6.09187e-17 -0.994877 -0.10048 6.09225e-17 -0.994939 -0.100352 -8.28246e-05 -0.994952 -0.101476 6.09163e-17 -0.994838 -0.101309 6.09173e-17 -0.994855 -0.100975 -0.000848684 -0.994889 -0.102266 6.09113e-17 -0.994757 -0.103609 6.09028e-17 -0.994618 -0.102707 6.09085e-17 -0.994712 -0.102839 -0.00011486 -0.994698 -0.102894 -0.000941095 -0.994692 -0.102548 -0.00202723 -0.994726 -0.102257 6.09114e-17 -0.994758 -0.106011 -0.0634946 -0.992336 -0.105607 -0.0624711 -0.992444 -0.104853 -0.0618685 -0.992561 -0.101826 -0.00198705 -0.9948 -0.103664 -0.052369 -0.993233 -0.107389 -0.116029 -0.987423 -0.108238 -0.119848 -0.986874 -0.106684 -0.0806987 -0.991013 -0.107557 -0.117056 -0.987284 -0.106231 -0.0785565 -0.991234 -0.135933 0.157921 -0.978051 -0.106543 -0.114163 -0.987733 -0.103966 -0.0803016 -0.991334 -0.137147 0.165035 -0.976706 -0.103248 6.09051e-17 -0.994656 -0.103372 -0.0553514 -0.993101 -0.104682 -0.0571144 -0.992864 -0.102506 -0.0868939 -0.99093 -0.098832 -0.110319 -0.98897 -0.102803 -0.110855 -0.988505 -0.100576 -0.0783223 -0.991842 -0.047822 -0.129824 -0.990383 -0.0193605 -0.123794 -0.992119 -0.062448 0.0558356 -0.996485 -0.075038 -0.0900121 -0.99311 -0.130533 0.126092 -0.983393 -0.0896535 -0.0786404 -0.992864 -0.0897457 -0.122025 -0.988461 -0.225571 0.302737 -0.925996 -0.314624 0.48006 -0.818874 -0.25964 0.505379 -0.822909 -0.130651 0.149149 -0.980145 -0.241161 0.356757 -0.902533 -0.241558 0.505616 -0.828252 -0.292733 0.358808 -0.88632 -0.100949 -0.0783766 -0.9918 -0.270638 0.164044 -0.948601 -0.111399 -0.0834694 -0.990264 -0.085244 -0.0821382 -0.992969 -0.0996076 0.0229522 -0.994762 -0.104245 -0.100106 -0.989501 -0.0804496 -0.142755 -0.986483 -0.0293075 -0.167317 -0.985467 -0.0530109 -0.0652113 -0.996462 -0.0456711 -0.00524227 -0.998943 -0.0703653 -0.00949137 -0.997476 -0.0755303 0.0007415 -0.997143 -0.0776273 -0.010506 -0.996927 -0.0908188 -0.0846934 -0.99226 -0.0820549 6.10259e-17 -0.996628 -0.0852628 -0.0426071 -0.995447 -0.0823509 -0.00708178 -0.996578 -0.0838635 -0.105675 -0.990858 -0.0858162 -0.0388447 -0.995553 -0.0747631 0.00219446 -0.997199 -0.0690875 -0.178997 -0.981421 -0.0547571 -0.199639 -0.978338 -0.0853989 -0.176951 -0.980508 -0.0210941 -0.178729 -0.983672 -0.0560196 -0.123423 -0.990772 -0.0178419 -0.106373 -0.994166 0.0311793 -0.218125 -0.975423 0.014299 -0.174657 -0.984525 0.0450054 -0.204782 -0.977772 0.0398853 -0.224556 -0.973645 -0.160347 0.0598991 -0.985242 -0.220085 0.174837 -0.959685 -0.300049 0.332248 -0.894193 0.084794 -0.203764 -0.975341 0.0963852 -0.150457 -0.983907 0.0487428 -0.146035 -0.988078 0.0303532 -0.128753 -0.991212 -0.130559 0.0815525 -0.988081 -0.147556 0.170407 -0.974263 -0.20209 0.195365 -0.959683 -0.257108 0.310149 -0.915261 0.0429907 -0.0628887 -0.997094 0.0168319 -0.040322 -0.999045 -0.123032 0.173064 -0.977196 0.115435 -0.111395 -0.987049 -0.202289 0.183473 -0.961986 -0.136365 0.137856 -0.98102 -0.304829 0.320008 -0.897036 -0.282799 0.269721 -0.920476 0.00677273 0.0189557 -0.999797 0.0456722 -0.0254346 -0.998633 -0.307418 0.327355 -0.893495 0.0174161 0.0166154 -0.99971 0.0105893 -0.0603447 -0.998121 0.0256999 -0.0521735 -0.998307 0.0107032 -0.0554091 -0.998406 -0.0251833 -0.118302 -0.992658 -0.305469 0.304612 -0.902164 -0.245781 0.229795 -0.941693 -0.00921954 -0.100031 -0.994942 -0.192189 0.186859 -0.963404 0.00334847 -0.0809653 -0.996711 4.13505e-05 -0.0641473 -0.99794 -0.0159834 -0.0788851 -0.996756 -0.2777 0.401203 -0.87288 -0.209643 0.309633 -0.927458 -0.155015 0.269201 -0.950527 -0.144151 0.178219 -0.973375 0.0061115 0.0161401 -0.999851 -0.000562164 0.0677475 -0.997702 -0.0199311 -0.038682 -0.999053 -0.0182565 -0.0419517 -0.998953 -0.00225809 0.0552648 -0.998469 -0.0248124 -0.0868973 -0.995908 -0.00448763 -0.00968205 -0.999943 -0.127192 0.237055 -0.963134 -0.0355909 -0.00953553 -0.999321 -0.0208664 0.0679442 -0.997471 -0.0285595 -0.0509079 -0.998295 -0.0467927 -0.0650992 -0.996781 -0.0382664 -0.0542858 -0.997792 -0.0323271 -0.0504831 -0.998202 -0.0514346 0.103914 -0.993255 -0.0444742 -0.0592479 -0.997252 -0.0560964 -0.0774795 -0.995415 -0.213224 0.26516 -0.940333 -0.17208 0.209299 -0.962591 -0.122454 0.160663 -0.979384 -0.0937263 0.150848 -0.984104 -0.0581939 -0.0679802 -0.995988 -0.0698349 -0.0921803 -0.99329 -0.0432467 -0.140004 -0.989206 -0.299135 0.378456 -0.87595 -0.323022 0.61798 -0.716769 -0.338432 0.510487 -0.790485 -0.274917 0.412232 -0.868611 -0.285194 0.677707 -0.677774 -0.142387 0.307854 -0.940719 -0.121973 0.220224 -0.967793 -0.0771149 -0.077729 -0.993988 -0.104848 -0.131262 -0.985788 -0.111047 -0.19088 -0.975312 -0.10026 -0.16151 -0.981765 -0.0932236 -0.108824 -0.98968 -0.0900595 -0.130279 -0.987379 -0.0836554 -0.0875636 -0.99264 -0.166893 0.397446 -0.902321 -0.12829 0.302273 -0.944549 -0.224921 0.400883 -0.88809 -0.236314 0.391952 -0.889117 -0.264738 0.359279 -0.894893 -0.0791386 -0.109093 -0.990876 -0.212106 0.711103 -0.670331 -0.281238 0.623825 -0.72921 -0.131973 0.226438 -0.965043 -0.116897 0.184407 -0.975873 -0.266086 0.544527 -0.795417 -0.0979904 0.15394 -0.983209 -0.243286 0.463945 -0.851802 -0.239905 0.310638 -0.919755 -0.199633 0.381274 -0.90265 -0.251681 0.692113 -0.676489 -0.158847 0.276186 -0.947887 -0.108792 -0.0906151 -0.989926 -0.0942349 -0.078435 -0.992455 -0.0850522 -0.0707062 -0.993865 -0.220593 0.732489 -0.644049 -0.155708 0.32295 -0.933519 -0.114996 -0.106421 -0.987649 -0.118639 -0.123688 -0.985204 -0.111141 -0.107395 -0.987985 -0.103526 -0.0911242 -0.990444 -0.191337 0.734569 -0.650999 -0.165926 0.332117 -0.928529 -0.122184 -0.119627 -0.985272 -0.11128 -0.136154 -0.984418 -0.112077 -0.187511 -0.975848 -0.16959 0.379697 -0.909434 -0.176706 0.381554 -0.907299 -0.118303 -0.122675 -0.985371 -0.161294 0.4346 -0.886063 -0.152021 0.680255 -0.717037 -0.171221 0.720429 -0.672061 -0.149645 0.320886 -0.935221 -0.101213 0.11706 -0.987954 -0.096677 -0.00858778 -0.995279 -0.105199 -0.0225419 -0.994196 -0.109612 0.158827 -0.981203 -0.119496 -0.0980947 -0.987977 -0.14852 0.195437 -0.969405 -0.13733 0.509975 -0.849156 -0.0999213 0.267643 -0.958323 -0.0869721 -0.0235332 -0.995933 -0.0932826 -0.101646 -0.990437 -0.114644 -0.13822 -0.983744 -0.12179 -0.126386 -0.984477 -0.128444 0.422323 -0.897299 -0.284248 0.50975 -0.812008 -0.262102 0.680277 -0.684489 -0.260584 0.700863 -0.663994 -0.28139 0.503881 -0.816654 -0.270174 0.690148 -0.671343 -0.285967 0.479108 -0.829866 -0.118505 -0.135369 -0.983683 -0.289714 0.42891 -0.85563 -0.233068 0.537199 -0.810615 -0.244984 0.675437 -0.695534 -0.153479 0.180513 -0.971524 -0.147692 0.131481 -0.980255 -0.135623 0.173207 -0.975503 -0.102696 0.435017 -0.894547 -0.163088 0.65615 -0.736796 -0.161768 0.236467 -0.958079 -0.128749 0.00854424 -0.99164 -0.133503 -0.0867919 -0.987241 -0.13325 -0.0994857 -0.986077 -0.0944413 0.291856 -0.951788 -0.106684 0.514667 -0.850727 -0.107782 0.278407 -0.954396 -0.0994627 -0.00968701 -0.994994 -0.0953663 0.0367769 -0.994763 -0.0915273 0.0138643 -0.995706 -0.103777 0.0970722 -0.989852 -0.105345 0.149616 -0.983116 -0.0959895 0.192405 -0.97661 -0.142432 0.138432 -0.980076 -0.127619 0.0731412 -0.989123 -0.119527 0.0992809 -0.987855 -0.124405 0.072515 -0.989578 -0.171899 0.139559 -0.975179 -0.126071 6.07438e-17 -0.992021 -0.121823 6.07763e-17 -0.992552 -0.123527 6.07634e-17 -0.992341 -0.118893 6.0798e-17 -0.992907 -0.121188 6.0781e-17 -0.99263 -0.123716 -0.0014375 -0.992317 -0.125784 -0.00187837 -0.992056 -0.128063 -0.00437977 -0.991756 -0.117297 6.08096e-17 -0.993097 -0.114891 6.08269e-17 -0.993378 -0.117121 6.08109e-17 -0.993118 -0.119761 6.07916e-17 -0.992803 -0.121351 -0.00141959 -0.992609 -0.125185 -0.0401884 -0.991319 -0.127562 -0.0427349 -0.99091 -0.130006 -0.0452112 -0.990482 -0.11675 6.08136e-17 -0.993161 -0.117797 6.0806e-17 -0.993038 -0.119449 -0.00142317 -0.992839 -0.112341 6.08447e-17 -0.99367 -0.111336 6.08516e-17 -0.993783 -0.111361 6.08515e-17 -0.99378 -0.114193 -3.95511e-06 -0.993459 -0.113876 6.0834e-17 -0.993495 -0.111925 -0.0115185 -0.99365 -0.114789 -0.0158127 -0.993264 -0.118442 -0.0237077 -0.992678 -0.116613 -0.000368241 -0.993177 -0.127351 -0.0601757 -0.990031 -0.133483 -0.0609499 -0.989175 -0.129567 -0.0792624 -0.988398 -0.126013 -0.0718655 -0.989422 -0.121547 -0.0334317 -0.992022 -0.120953 -0.0602832 -0.990826 -0.122017 -0.0529502 -0.991115 -0.132763 -0.0838672 -0.987593 -0.116965 -0.049582 -0.991898 -0.115127 -0.0490245 -0.99214 -0.133191 0.130161 -0.982506 -0.149554 0.130655 -0.980083 -0.150614 0.133263 -0.97957 -0.113263 -0.0417932 -0.992686 -0.111161 -0.0437101 -0.992841 -0.132672 0.121227 -0.983719 -0.351929 0.47493 -0.80659 -0.381951 0.514253 -0.767892 -0.39152 0.565805 -0.725656 -0.110126 -0.0382019 -0.993183 -0.109101 -0.0430214 -0.993099 -0.121949 0.114323 -0.98593 -0.109262 -0.00899061 -0.993972 -0.107658 -0.0406188 -0.993358 -0.106936 -0.0428266 -0.993343 -0.124482 0.0938582 -0.987773 -0.125948 0.106845 -0.986266 -0.103987 -0.0437847 -0.993614 -0.30568 0.376909 -0.874356 -0.33235 0.413674 -0.847595 -0.33226 0.426826 -0.841084 -0.13278 0.107113 -0.985341 -0.323247 0.298716 -0.897931 -0.110748 -0.074157 -0.991078 -0.113375 -0.0890552 -0.989553 -0.331237 0.302877 -0.893615 -0.121435 -0.103332 -0.987206 -0.354937 0.339587 -0.871034 -0.336451 0.432988 -0.836255 -0.388165 0.381744 -0.838809 -0.328038 0.291664 -0.898512 -0.112773 -0.0642952 -0.991538 -0.108225 -0.0686197 -0.991755 -0.111208 -0.0844271 -0.990204 -0.117181 -0.0996351 -0.9881 -0.299043 0.262158 -0.917522 -0.110399 -0.0567508 -0.992266 -0.105944 -0.0613568 -0.992477 -0.140934 0.178161 -0.973856 -0.148192 0.202444 -0.968016 -0.149144 0.228287 -0.962102 -0.266281 0.214997 -0.939612 -0.104846 -0.0484741 -0.993306 -0.102506 -0.0528481 -0.993327 -0.27352 0.31183 -0.909917 -0.223675 0.173106 -0.959168 -0.0989425 -0.0407479 -0.994258 -0.0979851 -0.0413253 -0.99433 -0.0979388 -0.0417314 -0.994317 -0.0962423 -0.0363616 -0.994694 -0.127371 0.113316 -0.985361 -0.132042 0.124672 -0.983373 -0.135315 0.147616 -0.979745 -0.100079 -0.0462376 -0.993905 -0.208771 0.364419 -0.907531 -0.174544 0.195193 -0.965108 -0.180846 0.226419 -0.957094 -0.217217 0.40995 -0.885865 -0.184004 0.242355 -0.952579 -0.22029 0.441846 -0.869623 -0.142866 0.161988 -0.976396 -0.222657 0.499017 -0.8375 -0.197135 0.321713 -0.926088 -0.163427 0.174703 -0.970964 -0.0956459 -0.0531197 -0.993997 -0.0965861 -0.0523046 -0.993949 -0.0954027 -0.0554167 -0.993895 -0.190423 0.289854 -0.937936 -0.161571 0.156396 -0.97439 -0.0981706 -0.0583518 -0.993457 -0.0961949 -0.0583742 -0.993649 -0.092754 -0.049624 -0.994452 -0.0900986 -0.0478652 -0.994782 -0.181085 0.26403 -0.947363 -0.155265 0.144775 -0.977207 -0.0989461 -0.060352 -0.993261 -0.122669 0.0982225 -0.987575 -0.179708 0.261507 -0.948324 -0.15726 0.145743 -0.976744 -0.104061 -0.0611858 -0.992687 -0.10362 -0.0630914 -0.992614 -0.161508 0.158916 -0.973992 -0.108012 -0.0663087 -0.991936 -0.10643 -0.0710044 -0.991782 -0.103218 -0.0689719 -0.992265 -0.100998 -0.0613815 -0.992991 -0.140306 0.120784 -0.982713 -0.157934 0.233154 -0.959529 -0.144327 0.178391 -0.973317 -0.128809 0.0912748 -0.98746 -0.129661 0.142284 -0.981297 -0.116397 0.074812 -0.990381 -0.100346 -0.0636764 -0.992913 -0.11579 0.0810545 -0.989961 -0.145593 0.141501 -0.979173 -0.161127 0.268865 -0.949605 -0.123923 0.067106 -0.99002 -0.121117 0.0539879 -0.991169 -0.113268 0.0371149 -0.992871 -0.146429 0.165094 -0.975347 -0.163731 0.310822 -0.936259 -0.118621 0.0896483 -0.988884 -0.104521 -0.0688305 -0.992138 -0.117599 -0.0602028 -0.991235 -0.11334 -0.056164 -0.991968 -0.156521 0.191214 -0.968988 -0.176193 0.354627 -0.918257 -0.128291 0.112604 -0.985323 -0.110356 -0.0623814 -0.991932 -0.169525 0.18715 -0.967593 -0.194629 0.36917 -0.908754 -0.186513 0.221564 -0.957143 -0.175543 0.19084 -0.965797 -0.221984 0.366904 -0.903385 -0.112364 -0.0244773 -0.993366 -0.087723 -0.0940196 -0.991698 -0.136914 0.138462 -0.980858 -0.0624563 -0.122359 -0.990519 -0.435897 0.384162 -0.813888 -0.212561 0.0465694 -0.976038 -0.397057 0.353072 -0.847164 -0.25957 0.130749 -0.956832 -0.076278 -0.116881 -0.990212 -0.173132 0.138618 -0.975095 -0.0729901 0.148762 -0.986176 -0.0511936 0.140428 -0.988766 -0.344119 0.455405 -0.82109 -0.00849385 -0.0306111 -0.999495 0.000954686 -0.0262359 -0.999655 -0.080068 0.21825 -0.972603 -0.418437 0.5758 -0.7024 -0.36797 0.387989 -0.845022 -0.0991681 0.285768 -0.953154 -0.440557 0.696864 -0.565941 -0.402357 0.47938 -0.779939 0.00361996 -0.0254432 -0.99967 0.00673329 -0.00204826 -0.999975 0.00459856 -0.0186617 -0.999815 0.00942242 -0.0374 -0.999256 0.00864618 -0.0314485 -0.999468 0.00535916 -0.0246599 -0.999682 0.0235426 -0.0329323 -0.99918 -0.0428073 0.287409 -0.956851 -0.08884 0.316819 -0.944316 -0.438611 0.756 -0.485886 -0.18722 0.973625 -0.130399 -0.139914 0.822382 -0.551464 -0.295759 0.757196 -0.582392 -0.2574 0.827807 -0.498478 -0.371553 0.677836 -0.634418 -0.322394 0.813324 -0.484319 -0.0397285 0.460478 -0.886781 -0.080919 0.195765 -0.977307 -0.0300589 0.132412 -0.990739 -0.0390381 0.0510945 -0.997931 -0.436381 0.563444 -0.7015 -0.0289527 -0.0897167 -0.995546 0.000297341 0.0349391 -0.999389 -0.0524089 -0.123786 -0.990924 -0.0558559 -0.167771 -0.984242 -0.0689398 -0.137749 -0.988065 -0.0764743 -0.173994 -0.981773 -0.172773 0.412362 -0.894487 -0.0884094 -0.132482 -0.987235 -0.0877267 -0.10488 -0.990608 -0.14068 0.428027 -0.892749 -0.132484 0.353477 -0.926014 -0.0704241 0.107398 -0.991719 -0.0914247 0.156899 -0.983374 -0.119079 0.0198664 -0.992686 -0.0919669 -0.0922075 -0.991484 -0.0925443 -0.0747276 -0.9929 -0.0921635 0.0177072 -0.995586 -0.0595983 0.462352 -0.884691 -0.0402012 0.578895 -0.814411 -0.0428725 0.664115 -0.7464 -0.0959517 0.164253 -0.98174 -0.0904248 0.633798 -0.768195 -0.0953815 0.09552 -0.990847 -0.0617819 -0.0656162 -0.99593 -0.0839952 0.43621 -0.895916 -0.101375 0.615476 -0.781609 -0.119788 0.692947 -0.710968 -0.116007 0.499823 -0.858324 -0.120141 0.145455 -0.982043 -0.173627 0.735955 -0.654388 -0.1198 0.00541731 -0.992783 -0.11353 -0.10797 -0.987651 -0.154893 0.0551815 -0.986389 -0.121559 -0.0756491 -0.989697 -0.100951 -0.0346489 -0.994288 -0.103636 0.0642828 -0.992536 -0.121733 -0.0394938 -0.991777 -0.0991746 -0.0262233 -0.994724 -0.0951594 0.22838 -0.968911 -0.10273 0.0697606 -0.99226 -0.125829 0.213618 -0.96878 -0.100711 -0.0331116 -0.994365 -0.0932073 -0.0100362 -0.995596 -0.103269 -0.0151734 -0.994538 -0.0913517 0.268371 -0.958974 -0.0992613 0.142725 -0.984772 -0.192517 0.37005 -0.908846 -0.143714 0.132071 -0.980767 -0.185599 0.343866 -0.920494 -0.179793 0.136961 -0.974123 -0.139789 0.127916 -0.981884 -0.166469 0.302966 -0.938349 -0.158043 0.0983075 -0.982526 -0.174798 0.147116 -0.973551 -0.104774 -0.0449657 -0.993479 -0.109008 -0.0550478 -0.992516 -0.113598 -0.0574199 -0.991866 -0.10973 -0.0491627 -0.992745 -0.107447 -0.0577755 -0.992531 -0.127074 0.103215 -0.986508 -0.134456 0.119134 -0.983732 -0.150893 0.251755 -0.955955 -0.131812 0.219126 -0.966752 -0.102693 0.0379133 -0.99399 -0.108117 0.0280185 -0.993743 -0.126059 0.177719 -0.975974 -0.119837 0.0346288 -0.992189 -0.137284 0.203713 -0.969358 -0.119607 0.0944986 -0.988314 -0.128121 0.115727 -0.984983 -0.099034 -0.0595438 -0.993301 -0.107553 -0.0714078 -0.991632 -0.119458 -0.0852671 -0.989171 -0.136392 0.0572349 -0.989 -0.108976 -0.0698558 -0.991587 -0.14412 0.185101 -0.972094 -0.128776 -0.0969657 -0.986922 -0.131359 0.190972 -0.972766 -0.28362 0.649343 -0.70563 -0.12424 0.180448 -0.975706 -0.267755 0.582276 -0.767634 -0.267824 0.370344 -0.889447 -0.114962 0.172539 -0.978271 -0.240047 0.510219 -0.825866 -0.225145 0.30433 -0.925577 -0.147635 0.315309 -0.937435 -0.105867 0.0859425 -0.990659 -0.0851812 -0.0480678 -0.995205 -0.0907585 -0.0511186 -0.99456 -0.118661 0.131998 -0.984122 -0.0818236 -0.0512356 -0.995329 -0.112294 0.157925 -0.981045 -0.112583 0.16304 -0.980175 -0.204606 0.440889 -0.87393 -0.137645 0.274964 -0.95155 -0.0973053 0.12358 -0.987552 -0.121616 0.158185 -0.979891 -0.154623 0.326527 -0.932455 -0.148431 0.205382 -0.967361 -0.178612 0.387874 -0.904241 -0.110754 0.14655 -0.982984 -0.108542 0.131867 -0.985307 -0.0702343 -0.0612554 -0.995648 -0.076609 -0.0655164 -0.994906 -0.0846778 -0.0710579 -0.993871 -0.184451 0.24928 -0.950704 -0.0793222 -0.05288 -0.995445 -0.0731703 -0.0655784 -0.995161 -0.0933498 -0.0795821 -0.992448 -0.0645273 -0.062157 -0.995978 -0.0827318 0.129836 -0.988078 -0.0576357 -0.0595695 -0.996559 -0.0653628 0.100715 -0.992766 -0.147504 0.295751 -0.943808 -0.0545004 -0.0580644 -0.996824 -0.0510557 0.0843908 -0.995124 -0.106942 0.233755 -0.966397 -0.127139 0.2417 -0.961986 -0.0874523 0.100459 -0.99109 -0.0638745 -0.0579957 -0.996271 -0.0663901 -0.0577386 -0.996122 -0.0826497 0.0960785 -0.991936 -0.0644322 -0.061499 -0.996025 -0.0602485 -0.068216 -0.99585 -0.0574692 -0.0552623 -0.996817 -0.0609731 0.107771 -0.992304 -0.102849 0.139376 -0.984884 -0.129426 0.355339 -0.925734 -0.110362 0.31018 -0.94425 -0.0866392 0.12647 -0.98818 -0.101502 0.295017 -0.950085 -0.0704612 0.131713 -0.98878 -0.0642973 -0.0888069 -0.993971 -0.0682177 -0.102107 -0.992432 -0.0743353 0.156855 -0.98482 -0.0793526 0.169075 -0.982404 -0.0727643 0.142821 -0.98707 -0.0949177 0.255164 -0.962228 -0.0648011 -0.063986 -0.995845 -0.0361211 -0.04273 -0.998433 -0.0931517 0.123254 -0.987993 -0.042674 -0.00899787 -0.999048 -0.0384179 -0.0647883 -0.997159 -0.0420071 -0.00274448 -0.999114 -0.0378132 -0.00712631 -0.999259 -0.0602781 0.0612472 -0.996301 -0.0404959 -0.0141822 -0.999079 -0.0388665 0.00367506 -0.999238 -0.0568036 0.0679848 -0.996068 -0.122187 0.158298 -0.979802 -0.157136 0.449763 -0.879216 -0.139376 0.403238 -0.904419 -0.0941482 0.223503 -0.970146 -0.170858 0.505459 -0.845765 -0.155613 0.457751 -0.875357 -0.194827 0.281517 -0.939569 -0.126194 -0.0521882 -0.990632 -0.113032 0.0159135 -0.993464 -0.119117 -0.0571639 -0.991233 -0.118681 -0.0383146 -0.992193 -0.146486 0.16609 -0.97517 -0.113051 -0.0555388 -0.992036 -0.111848 -0.0448074 -0.992715 -0.121212 -0.0302646 -0.992165 -0.0950454 0.00695039 -0.995449 -0.239038 0.245753 -0.939397 -0.18887 0.43745 -0.879185 -0.0925616 0.0152244 -0.995591 -0.204503 0.159938 -0.965711 -0.203418 0.171867 -0.963889 -0.23115 0.251585 -0.939827 -0.0978464 -0.0396805 -0.99441 -0.100931 -0.0349334 -0.99428 -0.0993859 -0.0612337 -0.993163 -0.0944966 -0.0548705 -0.994012 -0.0975363 -0.0255816 -0.994903 -0.0975474 -0.0550467 -0.993707 -0.0718261 -0.0289455 -0.996997 -0.217812 0.174617 -0.960243 -0.239483 0.235362 -0.941941 -0.152332 0.140406 -0.978305 -0.14657 0.12471 -0.981308 -0.13576 0.102996 -0.985374 -0.107906 -0.0528078 -0.992758 -0.220923 0.220888 -0.949948 -0.1851 0.242469 -0.952338 -0.110874 0.064076 -0.991767 -0.195535 0.275961 -0.941069 -0.169849 0.145973 -0.974599 -0.190696 0.29355 -0.93673 -0.155011 0.145331 -0.977164 -0.111035 -0.058876 -0.992071 -0.181373 0.292663 -0.938857 -0.145446 0.134132 -0.980232 -0.11169 -0.0643085 -0.99166 -0.103476 -0.0456839 -0.993582 -0.10289 -0.0719784 -0.992085 -0.149124 0.145692 -0.978027 -0.148924 0.145545 -0.978079 -0.110626 -0.0907329 -0.989712 -0.14407 0.139824 -0.979639 -0.161293 0.258974 -0.952322 -0.170668 0.277798 -0.945358 -0.130517 0.114493 -0.984813 -0.1204 0.123309 -0.985037 -0.100886 -0.0502811 -0.993627 -0.103519 -0.0555596 -0.993074 -0.115947 0.0904725 -0.989126 -0.106343 -0.0610509 -0.992454 -0.120857 0.0961698 -0.988 -0.161274 0.268395 -0.949713 -0.174188 0.333026 -0.926689 -0.102612 -0.0696678 -0.992279 -0.105252 -0.0746787 -0.991638 -0.108879 -0.0782299 -0.990972 -0.109577 -0.0641367 -0.991907 -0.14883 0.143895 -0.978337 -0.143636 0.173167 -0.974362 -0.110619 -0.0773569 -0.990848 -0.142998 0.200964 -0.969105 -0.151131 0.365741 -0.918364 -0.139584 0.192784 -0.971262 -0.153694 0.367253 -0.917335 -0.112046 0.113963 -0.987146 -0.142324 0.196704 -0.970078 -0.163559 0.396591 -0.903307 -0.116295 0.137882 -0.983598 -0.147997 0.206137 -0.967267 -0.099518 -0.0468574 -0.993932 -0.100752 -0.0658406 -0.99273 -0.101744 -0.0655411 -0.992649 -0.10175 -0.0486232 -0.993621 -0.0985944 -0.0647863 -0.993016 -0.147551 0.242299 -0.958916 -0.147111 0.218831 -0.96461 -0.18337 0.482362 -0.856565 -0.17746 0.431688 -0.884394 -0.135996 0.114685 -0.984049 -0.159213 0.160101 -0.974176 -0.187122 0.504634 -0.842811 -0.164247 0.229272 -0.959405 -0.191044 0.536703 -0.821859 -0.148008 0.249517 -0.956993 -0.140492 0.216752 -0.966065 -0.0881128 -0.114421 -0.989517 -0.086659 -0.0995688 -0.99125 -0.0811243 -0.0742519 -0.993934 -0.146726 0.207642 -0.967138 -0.0963523 -0.056839 -0.993723 -0.106852 0.12167 -0.986803 -0.0786031 -0.0543403 -0.995424 -0.11848 0.127203 -0.984775 -0.138034 0.2528 -0.957621 -0.132224 0.151031 -0.979646 -0.161497 0.309389 -0.937122 -0.0991608 0.129703 -0.986582 -0.130523 0.151968 -0.979729 -0.17064 0.331703 -0.927823 -0.11114 0.150352 -0.982366 -0.171741 0.396098 -0.902004 -0.127194 0.101363 -0.986685 -0.0813244 -0.128966 -0.988309 -0.0828488 -0.115427 -0.989855 -0.124887 0.102469 -0.986865 -0.0736522 -0.205553 -0.97587 -0.133209 -0.110965 -0.984856 -0.127104 0.144987 -0.981236 -0.179191 0.374005 -0.909951 -0.00996356 0.0852277 -0.996312 -0.0867507 0.290152 -0.95304 -0.185094 0.31566 -0.930644 -0.0764884 0.0733973 -0.994365 -0.18743 0.308554 -0.932558 -0.178225 0.2227 -0.958457 -0.110832 -0.0417334 -0.992963 -0.0333981 0.242206 -0.96965 -0.187595 0.057911 -0.980538 -0.0707139 -0.0376181 -0.996787 -0.0688769 -0.0547582 -0.996121 -0.121704 0.187277 -0.974739 -0.0873644 -0.0523037 -0.994802 -0.0732448 -0.113991 -0.990778 -0.0664032 -0.0656431 -0.995631 -0.0722843 -0.149887 -0.986057 -0.134561 0.195437 -0.971441 -0.0716263 -0.152625 -0.985685 -0.076044 -0.115072 -0.990442 -0.0725631 0.493406 -0.866767 0.035601 0.360069 -0.932246 -0.0287783 0.22117 -0.974811 -0.237666 0.342866 -0.908822 -0.0439808 0.175681 -0.983464 0.239416 0.24004 -0.940777 -0.134347 -0.0343282 -0.990339 -0.131952 -0.0140149 -0.991157 -0.137096 -0.0439774 -0.989581 -0.13133 -0.000139852 -0.991339 -0.130937 -0.000390455 -0.991391 -0.131552 -0.0103807 -0.991255 -0.13417 -0.0381728 -0.990223 -0.138025 -0.055418 -0.988877 -0.131754 -0.0156869 -0.991158 -0.132675 -0.0338536 -0.990581 -0.135319 -0.0512347 -0.989477 -0.129886 6.07136e-17 -0.991529 -0.129517 -0.00022584 -0.991577 -0.13006 -0.0125054 -0.991427 -0.132217 -0.0268354 -0.990857 -0.130611 -0.00320551 -0.991429 -0.133447 -0.0548203 -0.989539 -0.134795 -0.0629249 -0.988873 -0.134867 -0.0578123 -0.989176 -0.133414 -0.0452858 -0.990025 -0.135721 -0.0519117 -0.989386 -0.132076 -0.0484138 -0.990057 -0.133328 -0.0621767 -0.98912 -0.125905 -0.0363281 -0.991377 -0.135249 -0.0714716 -0.98823 -0.130747 -0.0454291 -0.990374 -0.117691 0.0454891 -0.992008 -0.135267 -0.0801863 -0.987559 -0.136521 -0.0540452 -0.989162 -0.142686 0.076454 -0.986811 -0.131688 -0.0485087 -0.990104 -0.134951 -0.0852788 -0.987176 -0.138216 -0.0622298 -0.988445 -0.166347 0.127369 -0.977807 -0.161449 0.11926 -0.979649 -0.136026 -0.064548 -0.9886 -0.397025 0.599601 -0.694873 -0.393573 0.542766 -0.74196 -0.344197 0.446842 -0.825749 -0.160661 0.0887912 -0.983008 -0.300435 0.32694 -0.896019 -0.267942 0.33101 -0.904787 -0.375776 0.416259 -0.827962 -0.108761 -0.0619407 -0.992136 -0.399907 0.473116 -0.785007 -0.128963 -0.0823238 -0.988226 -0.119657 -0.115628 -0.986059 -0.409819 0.464517 -0.78503 -0.13291 -0.101086 -0.98596 -0.125508 -0.130555 -0.983465 -0.403322 0.590467 -0.699056 -0.403397 0.435613 -0.804682 -0.132028 -0.114179 -0.984648 -0.123815 -0.118081 -0.985255 -0.126451 -0.128996 -0.98355 -0.127094 -0.113292 -0.985399 -0.152926 0.224946 -0.962296 -0.157359 0.192192 -0.968659 -0.155844 0.181587 -0.970947 -0.128488 -0.139757 -0.981814 -0.18806 0.424704 -0.885584 -0.157587 0.163727 -0.973838 -0.201228 0.515211 -0.833105 -0.170104 0.29838 -0.939167 -0.206529 0.581076 -0.787208 -0.187751 0.351847 -0.917035 -0.103406 -0.046165 -0.993567 -0.213919 0.593643 -0.775775 -0.192703 0.351391 -0.916182 -0.104203 -0.0494527 -0.993326 -0.154906 0.232617 -0.960153 -0.22297 0.559569 -0.798227 -0.196806 0.317134 -0.927736 -0.0949647 -0.0580846 -0.993785 -0.0972818 -0.0605359 -0.993414 -0.187703 0.27453 -0.94308 -0.0902302 -0.0579102 -0.994236 -0.0921102 -0.0598542 -0.993948 -0.0924264 -0.0566252 -0.994108 -0.101752 -0.0582444 -0.993103 -0.138663 0.196372 -0.970675 -0.09317 -0.0536511 -0.994204 -0.139952 0.196099 -0.970546 -0.171034 0.390315 -0.904656 -0.145591 0.190567 -0.970818 -0.174749 0.368385 -0.913102 -0.0953434 0.195232 -0.976112 -0.137383 0.161485 -0.977266 -0.162523 0.301574 -0.939489 -0.110023 0.21152 -0.971161 -0.0893896 -0.0536759 -0.994549 -0.124748 0.112001 -0.985847 -0.14231 0.214172 -0.966374 -0.103923 0.0276885 -0.9942 -0.102062 0.0274187 -0.9944 -0.130229 0.155816 -0.979164 -0.0952268 -0.045133 -0.994432 -0.0864259 -0.0698584 -0.993806 -0.0659378 0.117775 -0.990849 -0.108917 0.0639025 -0.991995 0.447554 0.11086 -0.887359 -0.0665599 0.265328 -0.961858 -0.0267425 0.339916 -0.940075 -0.259734 0.521091 -0.813021 -0.137744 0.127632 -0.98221 -0.355414 0.386042 -0.851265 -0.466912 0.442057 -0.765884 -0.171673 0.154366 -0.972985 -0.385987 0.415072 -0.82385 -0.550836 0.423914 -0.718942 -0.107132 -0.0481706 -0.993077 -0.179227 0.148337 -0.97256 -0.38327 0.419026 -0.823117 -0.515808 0.51166 -0.687129 -0.525643 0.493723 -0.692775 -0.380148 0.415343 -0.826425 -0.525085 0.487745 -0.697417 </float_array>
          <technique_common>
            <accessor count="1090" offset="0" source="#meshId1-tangents-array" stride="3">
              <param name="X" type="float" />
              <param name="Y" type="float" />
              <param name="Z" type="float" />
            </accessor>
          </technique_common>
        </source>
        <source id="meshId1-bitangents" name="meshId1-bitangents">
          <float_array id="meshId1-bitangents-array" count="3270"> -0.925925 -0.364592 0.0986706 -0.838775 -0.544431 -0.00721079 -0.855363 -0.51792 -0.0106695 -0.926211 -0.36331 0.10069 -0.864524 -0.502498 -0.00974423 -0.926947 -0.359627 0.106951 -0.989017 0.108202 0.100686 -0.989782 0.101891 0.0997446 -0.989848 0.10275 0.0982018 -0.980147 -0.1645 0.110687 -0.982272 -0.149956 0.112498 -0.983752 -0.137376 0.115587 -0.871435 -0.490445 -0.00803179 -0.924633 -0.364413 0.110712 -0.988319 0.115679 0.0992116 -0.986014 0.13885 0.092176 -0.985554 0.138351 0.0976877 -0.985714 0.134197 0.101779 -0.87118 -0.490939 -0.00484467 -0.919943 -0.374649 0.115513 -0.989406 0.100848 0.104429 -0.991205 0.0871296 0.0995991 -0.992789 0.0710041 0.0965818 -0.992787 0.0721638 0.0957365 -0.991412 0.0853241 0.0991062 -0.992694 0.0751866 0.0943652 -0.991835 0.0832034 0.0966422 -0.984935 -0.124156 0.120366 -0.984833 -0.127978 0.117153 -0.991848 0.0856031 0.0943933 -0.984642 -0.125256 0.121618 -0.851479 -0.52435 0.00636773 -0.864614 -0.502432 0.00201689 -0.990985 0.0900497 0.0991916 -0.911238 -0.393921 0.120296 -0.901821 -0.414587 0.121802 -0.988097 0.00884061 0.153577 -0.916695 -0.369272 0.152673 -0.990657 0.0131293 0.135743 -0.899935 -0.414907 0.134047 -0.82781 -0.560073 0.0323693 -0.858208 -0.505809 0.0873849 -0.990709 -0.0300096 0.132643 -0.993156 -0.00989113 0.11638 -0.991959 0.0500472 0.116244 -0.974391 -0.207008 0.0878125 -0.978807 -0.16972 0.114594 -0.855255 -0.50861 0.0992759 -0.967399 -0.229615 0.106849 -0.839515 -0.541964 0.0385835 -0.958106 -0.26376 0.111643 -0.993208 0.0713462 0.0919062 -0.967268 -0.214422 0.135708 -0.993172 0.070741 0.0927613 -0.992441 0.0758215 0.096499 -0.992325 0.0796208 0.0946166 -0.993203 0.0738896 0.0899334 -0.992121 0.0835639 0.0933457 -0.992681 0.083332 0.0874068 -0.981576 -0.172182 0.0828413 -0.981164 -0.170757 0.0903294 -0.980453 -0.172966 0.0937818 -0.994738 0.0272748 0.0987527 -0.994918 0.0231885 0.0979779 -0.994983 0.021922 0.0976133 -0.99221 0.0824102 0.0934239 -0.99246 0.0864088 0.0869342 -0.984016 -0.158224 0.0817217 -0.724831 -0.688862 -0.00942945 -0.698182 -0.715791 -0.0136142 -0.688617 -0.724559 -0.0286637 -0.992023 0.084681 0.0933728 -0.991832 0.0919612 0.0883852 -0.985239 -0.149463 0.0834502 -0.995101 -6.0539e-18 0.0988676 -0.995033 -6.09523e-18 0.0995426 -0.995052 -6.0837e-18 0.0993544 -0.995111 -6.04739e-18 0.0987613 -0.995049 -6.08574e-18 0.0993878 -0.995093 -6.0586e-18 0.0989445 -0.994856 0.0262831 0.0978327 -0.995011 0.0199922 0.0977387 -0.995047 2.11885e-06 0.0994031 -0.994541 0.0330695 0.0989709 -0.990755 0.098442 0.0933426 -0.991494 0.0900991 0.0939206 -0.995063 -6.07706e-18 0.099246 -0.991955 0.0884546 0.0905563 -0.99234 0.0727905 0.0998144 -0.982733 -0.147795 0.111321 -0.984389 -0.139503 0.107316 -0.992198 0.0784309 0.0969077 -0.98486 -0.144165 0.0962672 -0.991747 0.0872345 0.0939601 -0.990222 0.103211 0.0938499 -0.989991 0.104744 0.0945844 -0.929006 -0.369054 0.0273421 -0.912265 -0.409195 0.0182222 -0.868008 -0.496466 0.00916354 -0.985885 -0.141534 0.0894401 -0.994079 0.0436107 0.0995227 -0.923947 -0.365867 0.11164 -0.991855 0.0641029 0.110067 -0.993162 0.0633247 0.0980761 -0.86346 -0.496624 0.0883285 -0.993354 0.067025 0.0935735 -0.832613 -0.548097 0.0796601 -0.788917 -0.614482 -0.00460701 -0.827486 -0.554929 0.0855582 -0.96083 -0.257275 0.103033 -0.992828 0.0694063 0.0973386 -0.951197 -0.293025 0.0967482 -0.943768 -0.317328 0.0927617 -0.933408 -0.344446 0.100531 -0.990703 0.0930646 0.0992336 -0.992782 0.0690155 0.0980854 -0.959633 -0.265775 0.0920215 -0.917348 -0.398059 0.00462748 -0.908529 -0.417777 -0.00616343 -0.899156 -0.437299 -0.0169602 -0.990762 0.0936202 0.098117 -0.992617 0.0689134 0.0998079 -0.967093 -0.234262 0.0992564 -0.931301 -0.350008 0.100857 -0.832619 -0.553828 -0.00450422 -0.974123 -0.199669 0.105907 -0.977786 -0.181264 0.105248 -0.828204 -0.560422 -0.00224334 -0.972821 -0.206846 0.104085 -0.991319 0.0855495 0.0998381 -0.990933 0.0904128 0.0993858 -0.992324 0.0686615 0.102848 -0.991916 0.0663679 0.108157 -0.991752 0.0821144 0.098414 -0.992322 0.0775896 0.096318 -0.971295 -0.216417 0.0987424 -0.970066 -0.221757 0.0989761 -0.992627 0.0660473 0.101633 -0.98244 -0.147887 0.113759 -0.928008 -0.372025 0.0199827 -0.981997 -0.151255 0.113158 -0.994192 -6.58958e-18 0.107616 -0.994526 -6.39835e-18 0.104493 -0.994446 -6.44445e-18 0.105246 -0.994719 -6.28447e-18 0.102633 -0.994656 -6.32166e-18 0.103241 -0.994561 -6.37794e-18 0.10416 -0.994356 -6.49626e-18 0.106092 -0.994094 -6.64517e-18 0.108524 -0.994765 -6.25728e-18 0.102189 -0.994915 -6.16729e-18 0.100719 -0.994855 -6.20321e-18 0.101306 -0.994756 -6.26283e-18 0.10228 -0.99476 -6.26032e-18 0.102239 -0.994493 0.0241464 0.101987 -0.994391 0.018715 0.104094 -0.994178 0.0170044 0.106399 -0.994914 -6.16765e-18 0.100725 -0.994893 -6.18038e-18 0.100933 -0.994882 -6.18746e-18 0.101049 -0.994954 -6.14383e-18 0.100336 -0.994993 -6.11955e-18 0.0999397 -0.994994 -6.11913e-18 0.0999329 -0.993147 0.063889 0.0978593 -0.992729 0.0683307 0.0990996 -0.994634 0.0261011 0.100109 -0.992711 0.0640377 0.102099 -0.989886 0.0281856 0.13904 -0.974006 0.171035 0.148523 -0.985853 0.0788352 0.147916 -0.980843 0.145195 0.129869 -0.984872 0.117119 0.127709 -0.988322 0.0811197 0.12899 -0.981855 -0.137754 0.130325 -0.977012 -0.18765 0.101166 -0.985625 0.0892553 0.143444 -0.99034 -0.0217143 0.136948 -0.989821 0.0525656 0.132254 -0.986482 0.101704 0.128493 -0.9855 0.118817 0.121131 -0.987763 0.102018 0.117973 -0.989002 0.0829415 0.122457 -0.977947 -0.163875 0.129474 -0.989084 -0.0590825 0.134992 -0.991426 0.0318761 0.126724 -0.988946 -0.019663 0.146968 -0.98644 0.0612081 0.152285 -0.975453 0.16956 0.140502 -0.974882 0.14359 0.170252 -0.978562 0.161082 0.128334 -0.982955 0.107423 0.149196 -0.982541 -0.00644661 0.185935 -0.98731 0.0196857 0.157579 -0.988167 0.083788 0.128476 -0.987416 -0.106066 0.117304 -0.856365 -0.516038 -0.0185241 -0.981032 -0.131479 0.142438 -0.832976 -0.548154 0.0753598 -0.99387 0.048583 0.0993061 -0.991305 0.0702352 0.11127 -0.846268 -0.5285 0.067226 -0.947103 -0.213891 0.239264 -0.765216 -0.643767 0.00269164 -0.779882 -0.625707 0.016545 -0.989427 0.0888608 0.11462 -0.987443 -0.128997 0.091192 -0.991993 0.0239917 0.12399 -0.988479 0.0877842 0.123299 -0.9931 -0.00208878 0.117248 -0.992875 0.0163152 0.118036 -0.992917 0.0192691 0.117236 -0.987783 0.100794 0.118847 -0.991556 -0.0730581 0.107139 -0.95506 -0.283548 0.0863806 -0.992859 -0.0174506 0.118008 -0.992811 0.0136208 0.118918 -0.991468 0.034477 0.125711 -0.989448 0.0351352 0.140562 -0.992714 0.0179258 0.119152 -0.989137 0.0890279 0.11697 -0.980267 0.125291 0.152899 -0.991334 0.0360423 0.126324 -0.985623 0.0820155 0.147719 -0.973273 0.17472 0.149042 -0.971265 0.202977 0.124278 -0.951286 0.269342 0.150032 -0.979383 0.154835 0.129748 -0.972217 0.175058 0.155402 -0.976364 0.155391 0.150223 -0.973439 0.167094 0.156515 -0.973793 0.187451 0.128799 -0.976941 0.156814 0.1449 -0.976872 0.151915 0.150475 -0.97695 0.145298 0.156389 -0.989121 0.0668995 0.131012 -0.985082 -0.0434831 0.166503 -0.98714 0.0222807 0.158297 -0.985911 0.0691044 0.152329 -0.977102 0.134646 0.16475 -0.979291 0.14832 0.137806 -0.982871 0.133535 0.127019 -0.990429 -0.0542384 0.12692 -0.978585 0.159648 0.129942 -0.995021 -6.10263e-18 0.0996635 -0.994949 -6.1467e-18 0.100383 -0.994982 -6.12684e-18 0.100059 -0.994917 -6.16606e-18 0.100699 -0.994826 -6.22101e-18 0.101597 -0.994877 -6.19009e-18 0.101092 -0.994939 -6.15264e-18 0.10048 -0.994952 0.000429875 0.100352 -0.994838 -6.21359e-18 0.101476 -0.994855 -6.20339e-18 0.101309 -0.994888 0.00154352 0.100973 -0.994757 -6.262e-18 0.102266 -0.994618 -6.34423e-18 0.103609 -0.994712 -6.28896e-18 0.102707 -0.994698 3.67777e-05 0.102839 -0.994692 0.000355241 0.102894 -0.994728 0.00116267 0.102546 -0.994758 -6.26144e-18 0.102257 -0.993366 0.0514806 0.102828 -0.993343 0.0528098 0.102379 -0.993347 0.054307 0.101551 -0.994801 0.00178128 0.101822 -0.993542 0.0517648 0.100967 -0.990168 0.10202 0.0956993 -0.990493 0.0977767 0.0967607 -0.992765 0.063876 0.101671 -0.990701 0.0958442 0.0965657 -0.992746 0.0648275 0.101255 -0.983099 -0.143696 0.113433 -0.990872 0.0947024 0.0959358 -0.9929 0.0662983 0.0987598 -0.983181 -0.142736 0.113938 -0.994656 -6.32209e-18 0.103248 -0.993815 0.0464707 0.100856 -0.993596 0.0487089 0.101957 -0.992503 0.0755859 0.0960409 -0.991503 0.0953951 0.0884437 -0.991253 0.0940962 0.0925364 -0.993039 0.0693293 0.0952227 -0.998831 0.0132217 0.0464967 -0.974119 -0.221178 0.0466071 -0.982674 -0.178011 0.0516081 -0.995464 0.0651673 0.0693093 -0.986559 -0.114864 0.116226 -0.99394 0.0707216 0.0841491 -0.991916 0.100354 0.0776707 -0.80189 -0.597472 6.72042e-06 -0.848217 -0.529421 0.015529 -0.877022 -0.480109 -0.0181391 -0.985456 -0.127885 0.111898 -0.920772 -0.377943 0.0966398 -0.891435 -0.452849 -0.016462 -0.894379 -0.430613 0.12107 -0.99228 0.0801207 0.0946665 -0.891211 -0.415277 0.18245 -0.991178 0.0813374 0.104645 -0.993536 0.0819821 0.0785112 -0.959396 -0.267355 0.0898976 -0.99312 0.0638379 0.0981679 -0.996488 0.0345646 0.0762637 -0.974964 -0.212623 0.0650951 -0.965928 -0.249791 0.0677335 -0.898308 -0.43722 0.0433646 -0.992965 -0.0948 0.0709491 -0.99708 -0.0113627 0.0755171 -0.99379 -0.0791466 0.0782171 -0.995575 0.0318688 0.0884022 -0.996628 -5.02441e-18 0.0820549 -0.99633 -0.00393377 0.0855067 -0.996603 -0.000127781 0.0823538 -0.996214 -0.0139595 0.0858056 -0.996297 0.00871512 0.0855402 -0.997197 0.00271404 0.074769 -0.987622 -0.126594 0.0926129 -0.973241 -0.208318 0.0969811 -0.995818 -0.0169161 0.0897851 -0.890663 -0.443598 0.0996994 -0.96746 -0.238526 0.0844155 -0.998768 0.0479517 0.0127937 -0.999002 -0.0380319 -0.0234282 -0.999859 0.00614993 -0.0156127 -0.992298 -0.122233 -0.0200738 -0.99749 -0.0659983 -0.0256407 -0.772252 -0.629272 0.0874258 -0.819461 -0.566848 0.0846583 -0.757388 -0.652862 0.0115651 -0.963299 -0.266969 -0.027973 -0.967698 -0.245526 -0.0572519 -0.998323 -0.0380579 -0.0436234 -0.999339 0.0159465 -0.0326734 -0.759849 -0.648407 0.0468848 -0.684115 -0.728983 -0.0238935 -0.663324 -0.748226 -0.012635 -0.726116 -0.686968 -0.0288137 -0.995167 0.0854933 -0.0482999 -0.992848 0.117439 -0.0214674 -0.794509 -0.607207 -0.00750668 -0.896274 -0.440057 -0.0551557 -0.120037 -0.979532 -0.161578 -0.589676 -0.807028 -0.0314394 -0.557556 -0.823557 -0.104328 -0.638981 -0.768679 -0.0289255 -0.998999 -0.0440805 -0.00760307 -0.990548 -0.130585 -0.0419766 -0.649594 -0.758338 -0.0543361 -0.999389 -0.0300041 -0.0179092 -0.995209 0.0963873 -0.0163858 -0.994499 0.100102 -0.0308334 -0.989913 0.140476 -0.0184083 -0.991536 0.129466 0.00972545 -0.84384 -0.52556 0.108267 -0.817647 -0.570933 0.0740842 -0.990569 0.136934 -0.00458828 -0.79766 -0.601613 0.0424377 -0.989809 0.141631 -0.0148303 -0.996609 0.0821108 -0.00531935 -0.996465 0.0834816 0.00937184 -0.666452 -0.734868 -0.125742 -0.634262 -0.76496 -0.112014 -0.639946 -0.760364 -0.11098 -0.805637 -0.59231 0.0108612 -0.999747 -0.0215256 -0.00645834 -0.990359 -0.138241 -0.008829 -0.992733 0.119374 0.015183 -0.991593 0.128768 0.0127143 -0.990449 -0.137775 -0.00538583 -0.997781 0.0637212 0.0192991 -0.973484 -0.228659 0.0065829 -0.682942 -0.725118 -0.0882829 -0.957764 -0.285187 0.0368321 -0.989007 -0.147484 0.0106432 -0.995633 0.0902468 0.0238813 -0.993477 0.106913 0.0396552 -0.991462 0.126622 0.0311347 -0.98938 0.143223 0.024798 -0.98726 -0.155246 0.0348822 -0.996201 0.0774463 0.0398262 -0.994382 0.0939693 0.048724 -0.904663 -0.417039 0.0875366 -0.910006 -0.407942 0.0739797 -0.919711 -0.38925 0.0511386 -0.984532 -0.161011 0.0690864 -0.996425 0.0651631 0.0537718 -0.994436 0.0851544 0.0620128 -0.992979 0.11514 0.0271157 -0.88527 -0.452662 0.106745 -0.813411 -0.568426 -0.123507 -0.730056 -0.672462 -0.121709 -0.924807 -0.36047 0.121628 -0.888419 -0.452287 -0.0784119 -0.981826 -0.164402 0.0948082 -0.982504 -0.165059 0.0862675 -0.995662 0.0580659 0.0727041 -0.994452 0.0222713 0.102804 -0.993657 0.0388493 0.105532 -0.994348 0.0508925 0.0931731 -0.995359 0.0339964 0.0900204 -0.994421 0.0664409 0.0819353 -0.995696 0.0472235 0.0797472 -0.982491 -0.143905 0.118335 -0.990891 -0.0784032 0.109494 -0.965861 -0.211967 0.148936 -0.951171 -0.280307 0.129238 -0.923615 -0.361246 0.128203 -0.994461 0.0776085 0.0708804 -0.947851 -0.316673 -0.0360152 -0.867716 -0.489843 -0.0843953 -0.982185 -0.161257 0.0964799 -0.979553 -0.18341 0.0826796 -0.820707 -0.560786 -0.109357 -0.977453 -0.200569 0.0660138 -0.789441 -0.604948 -0.104018 -0.911688 -0.397632 0.103505 -0.769718 -0.631075 -0.0963296 -0.920872 -0.386298 -0.0526178 -0.982536 -0.13845 0.124314 -0.993377 0.04694 0.104874 -0.99439 0.0555189 0.0900309 -0.994614 0.0653287 0.0804687 -0.958483 -0.28512 0.00401787 -0.986052 -0.107058 0.127434 -0.99297 0.0403904 0.111263 -0.992345 0.0490475 0.113342 -0.992862 0.0552803 0.105681 -0.993143 0.0638407 0.0979343 -0.974603 -0.220812 0.0372907 -0.985117 -0.0986644 0.140747 -0.992204 0.03928 0.118275 -0.99375 0.0239871 0.109017 -0.993333 0.0478229 0.104896 -0.984165 -0.113533 0.136125 -0.980999 -0.14329 0.130801 -0.991073 0.0760234 0.109523 -0.986171 -0.105617 0.127713 -0.983037 -0.179377 0.0382411 -0.980361 -0.192335 0.0435883 -0.987789 -0.089991 0.12718 -0.983863 0.135498 0.116849 -0.992662 0.0738081 0.095786 -0.986093 0.131711 0.101355 -0.986133 0.106371 0.127381 -0.990906 0.0737858 0.112524 -0.988097 0.0103933 0.153479 -0.990058 -0.0443476 0.133484 -0.990853 0.0610234 0.120356 -0.994367 0.0628499 0.0853502 -0.994235 0.0623305 0.0872434 -0.992931 0.0465945 0.109168 -0.992181 0.0427588 0.117254 -0.990307 -0.102848 0.0933517 -0.936395 -0.329437 0.120981 -0.93453 -0.355861 0.00417556 -0.93835 -0.345669 0.00339258 -0.943858 -0.298822 0.140844 -0.925383 -0.378658 -0.0168548 -0.938702 -0.314055 0.142158 -0.992486 0.0465549 0.113158 -0.927105 -0.347856 0.139542 -0.959557 -0.262383 0.10201 -0.945625 -0.324778 0.017679 -0.98813 -0.0214542 0.152117 -0.987347 -0.0774566 0.138372 -0.989186 -0.0791555 0.12347 -0.994633 -0.0562591 0.0868279 -0.98661 -0.10966 0.120727 -0.97895 0.0839843 0.18602 -0.982316 0.135975 0.12871 -0.988271 0.0861912 0.126064 -0.989783 0.0642838 0.127265 -0.99479 0.00919977 0.101529 -0.98471 0.0638124 0.162091 -0.982501 0.116849 0.145042 -0.995009 0.00896476 0.0993769 -0.995435 0.000231167 0.0954393 -0.99563 0.0173433 0.0917618 -0.993375 0.0392776 0.107998 -0.986475 0.109122 0.122311 -0.993016 0.0491053 0.107276 -0.989492 -0.0448045 0.137471 -0.990769 0.0365613 0.130535 -0.979935 0.148051 0.133448 -0.986613 0.0969403 0.131136 -0.974527 -0.168838 0.147621 -0.992021 -7.7196e-18 0.126071 -0.992552 -7.45953e-18 0.121823 -0.992341 -7.56386e-18 0.123527 -0.992907 -7.28012e-18 0.118893 -0.99263 -7.4206e-18 0.121188 -0.992316 0.00184645 0.123714 -0.992057 0.00161997 0.125781 -0.99176 0.00407912 0.128045 -0.993097 -7.18234e-18 0.117297 -0.993378 -7.03507e-18 0.114891 -0.993118 -7.17159e-18 0.117121 -0.992803 -7.33326e-18 0.119761 -0.992608 0.00175748 0.121349 -0.991348 0.0448054 0.123373 -0.991032 0.0455781 0.125613 -0.990332 0.0546713 0.127491 -0.993161 -7.14887e-18 0.11675 -0.993038 -7.21297e-18 0.117797 -0.99284 0.000740937 0.119448 -0.99367 -6.87892e-18 0.112341 -0.993783 -6.81739e-18 0.111336 -0.99378 -6.81887e-18 0.111361 -0.993459 8.17437e-07 0.114193 -0.993495 -6.97288e-18 0.113876 -0.99356 0.0190258 0.111694 -0.993139 0.0242921 0.114387 -0.992479 0.033964 0.117607 -0.993177 4.63428e-05 0.116613 -0.99068 0.0563525 0.124009 -0.989989 0.0544014 0.130241 -0.989235 0.0787153 0.123365 -0.989771 0.0763514 0.120512 -0.99198 0.0390063 0.120227 -0.99046 0.0737262 0.116422 -0.991266 0.0568512 0.118999 -0.988533 0.0835293 0.125796 -0.990951 0.0720416 0.113253 -0.991702 0.0631893 0.111953 -0.981401 -0.155601 0.112427 -0.982954 -0.126845 0.133082 -0.983899 -0.116647 0.135411 -0.991822 0.063912 0.110474 -0.992116 0.0630538 0.108304 -0.980526 -0.161049 0.112394 -0.725293 -0.68308 -0.0857483 -0.743343 -0.66465 -0.0753719 -0.780941 -0.621402 -0.0631678 -0.992239 0.0622834 0.107626 -0.992053 0.0676951 0.106053 -0.979843 -0.172224 0.101226 -0.993917 0.0149064 0.109121 -0.992659 0.0597811 0.105138 -0.99256 0.0631056 0.104131 -0.980914 -0.16151 0.108271 -0.981019 -0.161176 0.107818 -0.992787 0.0644987 0.101058 -0.710259 -0.701848 -0.0542361 -0.720415 -0.691363 -0.0549422 -0.719286 -0.691498 -0.0667704 -0.981169 -0.1549 0.11538 -0.802188 -0.589854 0.0925533 -0.990723 0.0872584 0.104179 -0.98939 0.10119 0.10425 -0.813642 -0.571251 0.107977 -0.987886 0.109384 0.11007 -0.808727 -0.578946 0.103836 -0.706844 -0.702882 -0.0795467 -0.817989 -0.561979 0.122773 -0.816384 -0.566086 0.114298 -0.990944 0.0804813 0.107487 -0.991635 0.0780355 0.102813 -0.990815 0.0865459 0.103898 -0.989088 0.101174 0.107096 -0.817091 -0.566994 0.104307 -0.99114 0.0804595 0.105672 -0.991596 0.0810466 0.100839 -0.970292 -0.220246 0.100126 -0.973136 -0.20424 0.106262 -0.979026 -0.170664 0.111273 -0.820036 -0.562856 0.103604 -0.991765 0.0789693 0.10083 -0.992132 0.0775861 0.098255 -0.69227 -0.720592 -0.038852 -0.819178 -0.566628 0.0887678 -0.992502 0.076092 0.0956492 -0.992546 0.0768184 0.0946167 -0.992643 0.0755638 0.0946026 -0.993088 0.0709642 0.0934928 -0.965364 -0.242234 0.0969294 -0.965829 -0.23939 0.099336 -0.965603 -0.241243 0.0970146 -0.99231 0.0777686 0.0963009 -0.824307 -0.564918 -0.0372171 -0.939204 -0.32734 0.103654 -0.939706 -0.326971 0.100209 -0.840661 -0.539797 -0.0436679 -0.945042 -0.310081 0.103657 -0.853381 -0.519112 -0.0475794 -0.968433 -0.226482 0.104126 -0.88013 -0.472355 -0.0474576 -0.813239 -0.581218 -0.0287954 -0.933913 -0.344594 0.0951894 -0.989991 0.109185 0.0894255 -0.991436 0.0932454 0.091435 -0.992766 0.0784182 0.090922 -0.806104 -0.591465 -0.0191244 -0.932443 -0.347536 0.0988339 -0.988665 0.119674 0.0906678 -0.987477 0.131006 0.0879011 -0.989345 0.117162 0.0864312 -0.991753 0.0957314 0.085218 -0.804826 -0.593399 -0.0115412 -0.929205 -0.357222 0.0947149 -0.988385 0.121664 0.0910678 -0.96747 -0.233682 0.0969302 -0.815287 -0.579034 -0.00517531 -0.929766 -0.355226 0.0966917 -0.989525 0.106781 0.0971484 -0.988995 0.112495 0.096092 -0.93213 -0.348703 0.097672 -0.98733 0.123819 0.0992338 -0.987512 0.124071 0.0970896 -0.98693 0.131223 0.0935419 -0.988752 0.116865 0.0933425 -0.962666 -0.248702 0.106876 -0.888141 -0.458249 0.0348352 -0.865774 -0.499072 0.0369092 -0.956821 -0.273092 0.0995699 -0.845783 -0.532407 0.0345581 -0.947759 -0.306542 0.0882317 -0.986822 0.13369 0.0911568 -0.941135 -0.327617 0.0832553 -0.96486 -0.239133 0.108908 -0.902585 -0.429352 0.0315852 -0.986344 -0.117403 0.115505 -0.986024 -0.121622 0.113863 -0.985709 -0.129613 0.107606 -0.970464 -0.215069 0.109292 -0.913227 -0.406703 0.0246843 -0.986506 -0.123832 0.107109 -0.991983 0.0784703 0.0990605 -0.989413 0.0925811 0.11176 -0.989022 0.101652 0.107248 -0.973568 -0.195094 0.118762 -0.912039 -0.409761 0.0167521 -0.980446 -0.163889 0.108926 -0.985997 0.132416 0.101369 -0.970358 -0.203288 0.13069 -0.894345 -0.44727 0.00984503 -0.893514 -0.443307 0.0714949 -0.951218 -0.285702 0.116439 -0.877294 -0.4795 0.0208264 -0.987843 -0.105327 0.114335 -0.989654 -0.105241 0.0975196 -0.965994 -0.237916 0.101254 -0.946623 -0.307199 0.0976369 -0.785762 -0.603385 0.136031 -0.821919 -0.548723 0.152816 -0.799041 -0.587094 0.129819 -0.941603 -0.254325 0.220686 -0.996068 -0.035945 0.0809718 -0.957753 -0.254537 0.133868 -0.950378 -0.310206 0.0235468 -0.972487 -0.232308 0.0173575 -0.50695 -0.826194 -0.245774 -0.99931 0.0364003 0.00737746 -0.999569 0.0292856 -0.0017232 -0.951455 -0.307647 0.00929168 -0.501912 -0.79114 -0.349545 -0.664064 -0.745777 -0.0532505 -0.946906 -0.321504 0.00212707 -0.586692 -0.700661 -0.406038 -0.707548 -0.703448 -0.0673543 -0.999445 0.0330197 -0.00445955 -0.999975 0.00212456 -0.00673764 -0.999819 0.0183607 -0.00494129 -0.999484 0.0303394 -0.0105601 -0.999686 0.0232392 -0.00937929 -0.999706 0.0235052 -0.00593912 -0.99948 0.0212428 -0.0242498 -0.982628 -0.185217 -0.0116731 -0.961065 -0.276312 -0.00228708 -0.690244 -0.629625 -0.35656 -0.955958 -0.211129 -0.203887 -0.97939 -0.196875 -0.0451098 -0.914086 -0.401399 -0.0576731 -0.911624 -0.3791 -0.158822 -0.840385 -0.535981 -0.080483 -0.828663 -0.489809 -0.270931 -0.974714 -0.213167 -0.0670232 -0.995345 -0.0673762 0.0689163 -0.998691 -0.045027 0.0242823 -0.998736 -0.0336459 0.0373469 -0.752688 -0.655774 -0.0584938 -0.996956 0.074722 0.0222599 -0.999722 -0.0235376 -0.00112032 -0.996199 0.0756172 0.0432418 -0.993989 0.10231 0.0389696 -0.995298 0.0770503 0.0587027 -0.993116 0.100909 0.0594743 -0.972111 -0.217605 0.0874496 -0.990879 0.112888 0.0735868 -0.993109 0.086789 0.0787594 -0.985903 -0.14306 0.0867693 -0.987308 0.0354898 0.1548 -0.988999 0.122133 0.0834573 -0.994651 0.0332859 0.097784 -0.983781 0.132719 0.120667 -0.995022 0.0468801 0.0879353 -0.987557 0.134225 0.0819442 -0.99504 0.0359404 0.0927521 -0.992981 0.0632417 0.0999443 -0.970084 0.172689 0.170635 -0.994472 0.043305 0.0956526 -0.995373 -0.0208589 0.0937942 -0.99584 -0.0662072 0.062597 -0.995441 -0.00987432 0.0948718 -0.998084 0.000735734 0.061867 -0.986682 0.0892758 0.135972 -0.994848 -0.0628126 0.0795706 -0.990707 -0.129902 0.040311 -0.991359 -0.111545 0.069032 -0.992636 -0.0330403 0.116543 -0.97583 -0.218108 0.0136195 -0.992765 0.00754515 0.119838 -0.992369 0.060455 0.107463 -0.982394 0.0969571 0.15969 -0.986578 0.118734 0.1121 -0.991716 0.0832937 0.0977876 -0.982378 0.149442 0.112254 -0.982674 0.145492 0.114822 -0.993449 0.059652 0.0974748 -0.982313 0.136133 0.128563 -0.988339 0.105554 0.109745 -0.976663 0.144663 0.158752 -0.99473 0.0226642 0.099993 -0.995633 -0.00434976 0.0932546 -0.991927 0.0755536 0.101846 -0.995815 -0.0273312 0.0872124 -0.994308 0.0242716 0.10374 -0.917169 -0.397165 0.032569 -0.979094 -0.163131 0.121502 -0.92229 -0.384161 0.0424512 -0.968853 -0.196075 0.151253 -0.978358 -0.170623 0.117059 -0.934635 -0.351751 0.0522402 -0.979107 -0.144535 0.143032 -0.881449 -0.463979 0.0881487 -0.992905 0.0612215 0.101942 -0.990227 0.0933924 0.103577 -0.989842 0.0924445 0.108014 -0.991943 0.0690327 0.106223 -0.990155 0.0963008 0.101584 -0.97604 -0.190119 0.105834 -0.976949 -0.182049 0.111482 -0.943209 -0.326177 0.0629805 -0.950641 -0.304311 0.0606397 -0.993041 -0.0618328 0.100236 -0.992076 -0.0673883 0.106036 -0.947024 -0.314507 0.0650503 -0.990121 -0.0774504 0.116884 -0.945137 -0.319804 0.0666461 -0.977978 -0.182705 0.100887 -0.983424 -0.143312 0.11108 -0.993546 0.061385 0.0953787 -0.992974 0.0572174 0.103578 -0.991884 0.053945 0.115135 -0.986387 -0.10042 0.13022 -0.990473 0.092114 0.102365 -0.987154 -0.095364 0.128193 -0.990734 0.0558889 0.123783 -0.986663 -0.120342 0.109611 -0.897082 -0.439666 -0.0440219 -0.983752 -0.150835 0.0973685 -0.868663 -0.490559 -0.0691112 -0.921579 -0.367723 0.124388 -0.979601 -0.183089 0.0828262 -0.852801 -0.517291 -0.0717054 -0.928264 -0.35563 0.108867 -0.955242 -0.291128 0.0525172 -0.991344 -0.0869174 0.0983995 -0.994523 0.0648206 0.081992 -0.994103 0.0641695 0.0874186 -0.988096 -0.113427 0.103927 -0.994819 0.0646623 0.0784531 -0.96958 -0.233512 0.073392 -0.97502 -0.208212 0.0773572 -0.849288 -0.523858 -0.065445 -0.852948 -0.521283 -0.0272505 -0.969101 -0.237744 0.0657366 -0.962527 -0.259873 0.0775094 -0.853301 -0.519841 -0.0405404 -0.951329 -0.296803 0.0829567 -0.853538 -0.518256 -0.0537092 -0.961801 -0.264946 0.0688676 -0.956547 -0.283681 0.0674079 -0.993138 0.0978568 0.0640368 -0.993758 0.0861718 0.070846 -0.99377 0.0785632 0.0790522 -0.938947 -0.330542 0.0954995 -0.994584 0.0714779 0.0754565 -0.99492 0.0739747 0.0682778 -0.993552 0.0718686 0.0876907 -0.994591 0.0854049 0.0591075 -0.973906 -0.220789 0.0525329 -0.993708 0.0994443 0.0515265 -0.969798 -0.240703 0.0394315 -0.764746 -0.639246 -0.0807942 -0.991684 0.11971 0.0472464 -0.967717 -0.250431 0.028412 -0.782346 -0.619619 -0.0633009 -0.856204 -0.516371 -0.0165804 -0.974656 -0.214276 0.0642828 -0.991068 0.120791 0.0565093 -0.992181 0.10956 0.059777 -0.97639 -0.207137 0.0612912 -0.990251 0.12746 0.0561887 -0.983382 0.175228 0.0474911 -0.987249 0.151614 0.0485123 -0.974931 -0.219564 0.0360594 -0.983076 -0.165149 0.0792892 -0.911075 -0.411115 -0.0304287 -0.889098 -0.455431 -0.0456906 -0.981973 -0.178105 0.0633006 -0.872055 -0.485989 -0.0577414 -0.981229 -0.187538 0.0449416 -0.983875 0.172223 0.0482568 -0.986941 0.152401 0.0521604 -0.974255 -0.222197 0.0381479 -0.970492 -0.238218 0.0373922 -0.954114 -0.298206 0.0271869 -0.831455 -0.551857 -0.0643236 -0.991137 0.120099 0.056778 -0.991864 0.123573 0.0305949 -0.934061 -0.354409 0.0438535 -0.996031 0.0785544 0.0418376 -0.99903 -0.0189836 0.0397234 -0.998855 0.0230431 0.0419329 -0.99729 -0.0628869 0.0381871 -0.967329 -0.249822 0.0431676 -0.999164 -0.00506522 0.0405712 -0.995338 -0.0884807 0.0383894 -0.975314 -0.217017 0.040808 -0.985183 -0.139053 0.100393 -0.940844 -0.338801 -0.00516276 -0.948187 -0.317679 0.00448231 -0.961366 -0.273604 0.030263 -0.953982 -0.299552 0.0136969 -0.955556 -0.294379 0.0159302 -0.842056 -0.539232 0.0130405 -0.981757 0.149742 0.117175 -0.991285 0.0662792 0.113846 -0.983519 0.143559 0.109911 -0.989433 0.0883778 0.114939 -0.988843 -0.051528 0.139764 -0.985553 0.132995 0.104867 -0.990157 0.089602 0.107516 -0.9906 0.0675278 0.118961 -0.994904 -0.0344672 0.0947528 -0.723225 -0.690604 0.0033638 -0.960671 -0.267902 0.0730767 -0.99284 -0.0772389 0.0911247 -0.782013 -0.62008 0.0629064 -0.694055 -0.719694 0.0181475 -0.911781 -0.393046 0.119036 -0.991099 0.0945224 0.0937488 -0.994337 0.0369656 0.0996382 -0.989509 0.111261 0.0921604 -0.989375 0.115989 0.0876531 -0.994917 0.0276392 0.096827 -0.989852 0.109039 0.0911286 -0.997407 0.0065914 0.0716642 -0.782419 -0.619368 0.0648466 -0.817612 -0.572098 0.0649235 -0.951647 -0.288014 0.106845 -0.950694 -0.29185 0.104907 -0.954902 -0.278693 0.102431 -0.990011 0.096852 0.102456 -0.788546 -0.613627 0.0407027 -0.783478 -0.621391 -0.00592904 -0.975116 -0.199779 0.0961054 -0.788721 -0.614534 -0.0163272 -0.915399 -0.389627 0.101175 -0.824761 -0.565405 -0.00928342 -0.942916 -0.316881 0.102449 -0.991991 0.0670384 0.107047 -0.860858 -0.508787 0.00770417 -0.963054 -0.24617 0.109211 -0.992018 0.065997 0.10745 -0.993306 0.056319 0.100858 -0.989325 0.110884 0.0945588 -0.955124 -0.277223 0.104335 -0.956922 -0.27052 0.105447 -0.989021 0.108217 0.100628 -0.957572 -0.2694 0.102373 -0.894133 -0.4468 0.0299351 -0.883847 -0.467247 0.0222606 -0.974872 -0.195688 0.106449 -0.981215 -0.165443 0.0992227 -0.993656 0.0549849 0.0981068 -0.99328 0.0577268 0.100311 -0.983782 -0.147674 0.101813 -0.992806 0.0617544 0.102581 -0.980737 -0.165428 0.103866 -0.904315 -0.425566 0.0332971 -0.917703 -0.396122 0.0301436 -0.992897 0.0675575 0.0979328 -0.99247 0.0707074 0.100016 -0.991919 0.0738612 0.103152 -0.99241 0.0631016 0.105552 -0.969219 -0.217449 0.11546 -0.981373 -0.151847 0.117682 -0.991183 0.0817494 0.104274 -0.978104 -0.17829 0.107354 -0.948496 -0.315317 0.0305135 -0.975129 -0.1973 0.100978 -0.936476 -0.350336 0.0166449 -0.990138 -0.0968762 0.101201 -0.976342 -0.189083 0.104903 -0.925742 -0.378152 0.00159678 -0.987225 -0.12464 0.0992518 -0.970901 -0.216477 0.102419 -0.994131 0.0472604 0.09731 -0.993533 0.0591573 0.0969104 -0.993112 0.0649825 0.0975006 -0.994065 0.0436144 0.0996613 -0.994057 0.0526878 0.0952603 -0.979177 -0.172466 0.10709 -0.978522 -0.174578 0.109628 -0.926751 -0.375449 -0.0130339 -0.892009 -0.450177 -0.0407509 -0.984571 -0.126048 0.121378 -0.982354 -0.123783 0.140207 -0.920514 -0.389639 -0.0289226 -0.979115 -0.156036 0.130333 -0.933058 -0.359289 -0.0177362 -0.972817 -0.210991 0.0954437 -0.964329 -0.251055 0.0839111 -0.990976 0.1108 0.0754305 -0.992718 0.0921961 0.0775265 -0.993104 0.0906978 0.074281 -0.979393 -0.167672 0.112586 -0.994225 0.052893 0.0933756 -0.951176 -0.301552 0.0658135 -0.993724 0.0839886 0.0738839 -0.956914 -0.279409 0.0790368 -0.852376 -0.522711 -0.0151256 -0.953006 -0.291148 0.0837427 -0.839867 -0.54172 -0.0341108 -0.966254 -0.249431 0.0643257 -0.949528 -0.30346 0.0794289 -0.81288 -0.579566 -0.0576985 -0.957329 -0.281546 0.0652164 -0.879131 -0.474803 -0.041115 -0.9824 -0.150065 0.111225 -0.989466 0.1296 0.0645079 -0.988743 0.133699 0.0671652 -0.966636 -0.236772 0.0977425 -0.997249 0.00703487 0.0737839 -0.98055 -0.129769 0.147247 -0.960624 -0.264415 0.0853645 -0.824543 -0.561641 -0.0684718 -0.999657 -0.0249818 0.00785999 -0.966086 -0.25805 0.00937533 -0.79581 -0.603758 -0.0465079 -0.967624 -0.246044 0.0562701 -0.941297 -0.327784 0.0807333 -0.927134 -0.36431 0.0877524 -0.993136 0.0422305 0.109077 -0.987718 0.140167 0.0690323 -0.940751 -0.297681 0.162402 -0.997264 -0.0189235 0.0714619 -0.994628 0.0811111 0.0643149 -0.951132 -0.302783 0.0605823 -0.994046 -0.0606909 0.0904889 -0.99162 0.114326 0.0601535 -0.992327 0.108648 0.0590196 -0.99648 0.0529461 0.0650001 -0.985131 -0.132068 0.109888 -0.997324 0.025476 0.0685273 -0.997009 0.0225393 0.0739295 -0.997243 -0.0223882 0.0707418 -0.91952 -0.353568 -0.171677 -0.929079 -0.365687 -0.0555405 -0.753048 -0.656021 -0.0505636 -0.287067 -0.945123 -0.155994 -0.260952 -0.917395 -0.300484 -0.986716 0.0967488 0.130502 -0.991128 0.0179642 0.131694 -0.983143 0.128044 0.130513 -0.991338 -0.00104668 0.13133 -0.991389 0.0021238 0.130935 -0.991033 0.0249828 0.131261 -0.986655 0.0981724 0.129902 -0.97663 0.173699 0.126581 -0.990482 0.0422663 0.130995 -0.987297 0.0926552 0.129069 -0.978037 0.166697 0.125123 -0.991529 -7.95324e-18 0.129886 -0.991577 0.000395752 0.129517 -0.991385 0.0172925 0.129837 -0.989338 0.0651604 0.13025 -0.991405 0.00803952 0.130582 -0.986108 0.106995 0.127057 -0.982126 0.140797 0.124916 -0.977554 0.170838 0.123298 -0.984278 0.122726 0.127026 -0.977299 0.170994 0.125091 -0.982767 0.136705 0.124419 -0.983316 0.132913 0.124191 -0.98979 0.0719068 0.123068 -0.983615 0.129677 0.125239 -0.989434 0.0691032 0.127453 -0.988147 -0.104515 0.112441 -0.985714 0.111839 0.125934 -0.988819 0.0678999 0.132764 -0.984257 -0.116029 0.133327 -0.989648 0.0639118 0.128496 -0.987317 0.0956585 0.126707 -0.989145 0.0589524 0.134602 -0.982964 -0.100032 0.154194 -0.983176 -0.105378 0.149201 -0.989535 0.0573448 0.132411 -0.820106 -0.571677 -0.0247171 -0.807096 -0.590408 -0.00377722 -0.794364 -0.607437 0.00240935 -0.983638 -0.0966541 0.152033 -0.830831 -0.551104 0.0774901 -0.7974 -0.603254 0.0154448 -0.824679 -0.557757 0.0938729 -0.992681 0.0594721 0.105108 -0.839894 -0.532058 0.107201 -0.989809 0.0713792 0.123223 -0.988115 0.110398 0.106961 -0.838226 -0.531208 0.123263 -0.988989 0.078846 0.125235 -0.987501 0.111705 0.111194 -0.802659 -0.595123 -0.0395824 -0.824019 -0.555283 0.11249 -0.988232 0.0925629 0.121775 -0.98714 0.115831 0.11017 -0.987021 0.115309 0.111774 -0.987995 0.10242 0.115654 -0.984236 -0.122215 0.127844 -0.982691 -0.127568 0.134328 -0.97889 -0.159986 0.127198 -0.986689 0.117518 0.112398 -0.924145 -0.381815 0.0131402 -0.975395 -0.179775 0.127614 -0.937932 -0.346605 0.0121992 -0.968571 -0.226145 0.103581 -0.946362 -0.322956 0.00989549 -0.969913 -0.213728 0.116574 -0.993844 0.0447252 0.101357 -0.937788 -0.347137 -0.00704423 -0.967894 -0.221632 0.118575 -0.993719 0.046147 0.101946 -0.982431 -0.138662 0.124907 -0.913474 -0.405838 -0.0293357 -0.961104 -0.249416 0.118625 -0.993372 0.0704727 0.0908063 -0.993598 0.0635122 0.0934296 -0.953675 -0.28075 0.108086 -0.993652 0.0725845 0.0859495 -0.99381 0.0677877 0.0880153 -0.994186 0.0606422 0.0889794 -0.993678 0.0535515 0.0986702 -0.962359 -0.258058 0.0852694 -0.994307 0.0568752 0.0901105 -0.961834 -0.259694 0.0862242 -0.88059 -0.472406 -0.0373364 -0.957789 -0.273003 0.0900479 -0.876843 -0.48008 -0.0258751 -0.959764 -0.278211 0.0381018 -0.947479 -0.309095 0.0821204 -0.861772 -0.507111 -0.013703 -0.98071 -0.181927 0.0714806 -0.993055 0.0814939 0.084857 -0.941444 -0.327053 0.0819731 -0.844059 -0.536223 0.00545779 -0.986685 -0.128616 0.0995553 -0.987275 -0.125335 0.0978751 -0.838697 -0.544025 0.0249752 -0.987966 0.126594 0.0888621 -0.988966 0.126491 0.0771134 -0.992015 0.09925 0.0778125 -0.987472 -0.121574 0.100589 -0.889555 0.156814 -0.42907 -0.995973 0.0403587 0.0800536 -0.991718 -0.127196 -0.0177803 -0.513929 -0.787374 -0.340469 -0.959164 -0.264532 0.100137 -0.568332 -0.812291 -0.131081 0.17369 -0.803373 -0.569582 -0.950812 -0.284461 0.12263 -0.543169 -0.824099 -0.160714 -0.328478 -0.901999 -0.280179 -0.988078 0.11623 0.100955 -0.950287 -0.281957 0.132118 -0.598912 -0.791173 -0.123891 -0.408477 -0.851905 -0.327726 -0.359029 -0.867025 -0.345494 -0.579096 -0.803583 -0.137484 -0.257118 -0.872101 -0.416329 </float_array>
          <technique_common>
            <accessor count="1090" offset="0" source="#meshId1-bitangents-array" stride="3">
              <param name="X" type="float" />
              <param name="Y" type="float" />
              <param name="Z" type="float" />
            </accessor>
          </technique_common>
        </source>
        <source id="meshId1-tex0" name="meshId1-tex0">
          <float_array id="meshId1-tex0-array" count="2180"> 0.786807 0.46713 0.79101 0.459449 0.811558 0.472505 0.806401 0.479439 0.828563 0.485929 0.823713 0.492847 0.811563 0.510522 0.794817 0.497408 0.775259 0.484616 0.813156 0.465524 0.830957 0.479503 0.846368 0.493068 0.844433 0.499791 0.838995 0.506025 0.827366 0.523934 0.808662 0.552269 0.793966 0.538278 0.776993 0.524764 0.858297 0.51321 0.85329 0.519559 0.841593 0.536878 0.871859 0.45778 0.888879 0.428631 0.903123 0.444119 0.885683 0.471708 0.915703 0.458047 0.898623 0.485958 0.873601 0.519703 0.860826 0.506977 0.910691 0.497773 0.886032 0.531673 0.883618 0.537743 0.871572 0.526229 0.856254 0.44265 0.866311 0.532117 0.903712 0.562536 0.881441 0.572218 0.89113 0.554119 0.868545 0.561135 0.879054 0.544074 0.895288 0.547765 0.90979 0.55182 0.857784 0.580087 0.842734 0.569068 0.855615 0.549325 0.897208 0.541485 0.830776 0.589175 0.801792 0.599212 0.808502 0.58669 0.780497 0.594655 0.782854 0.587817 0.825157 0.56246 0.766564 0.575922 0.721291 0.219366 0.749426 0.185442 0.769116 0.1945 0.740515 0.229887 0.789288 0.20342 0.763737 0.236527 0.73439 0.272637 0.711517 0.264617 0.690221 0.255767 0.788064 0.171032 0.808516 0.179216 0.827189 0.189516 0.810984 0.211767 0.786102 0.245223 0.75901 0.279926 0.756594 0.286202 0.731657 0.278466 0.708189 0.270124 0.830608 0.222999 0.80982 0.252943 0.78296 0.28863 0.840823 0.169139 0.848236 0.150312 0.875446 0.158839 0.859729 0.182209 0.887517 0.189645 0.875378 0.20019 0.862494 0.217044 0.84657 0.20102 0.887821 0.220389 0.87766 0.23248 0.865547 0.251679 0.849255 0.235932 0.819974 0.160263 0.829992 0.26546 0.88239 0.3079 0.858472 0.344498 0.843193 0.327459 0.866489 0.293123 0.82522 0.313005 0.849857 0.277782 0.88121 0.266786 0.89456 0.284083 0.841405 0.335199 0.823407 0.320152 0.803654 0.306464 0.805437 0.299554 0.890994 0.249698 0.798384 0.314233 0.780893 0.337968 0.761511 0.323705 0.77772 0.302251 0.740524 0.311732 0.753411 0.293156 0.781115 0.295195 0.728075 0.28525 0.817136 0.329313 0.874119 0.413304 0.884464 0.394308 0.899444 0.410629 0.913052 0.426099 0.839444 0.428269 0.857634 0.397657 0.869331 0.378081 0.873194 0.369164 0.888308 0.386207 0.902634 0.402555 0.819306 0.414581 0.839749 0.38267 0.85255 0.36171 0.764056 0.454909 0.76866 0.447331 0.770165 0.440353 0.793047 0.452738 0.744765 0.434667 0.746881 0.427958 0.775615 0.388005 0.798084 0.401295 0.819871 0.368082 0.800434 0.353043 0.753507 0.375025 0.73012 0.36401 0.835176 0.345579 0.722083 0.416561 0.896224 0.325334 0.873641 0.361183 0.857727 0.35244 0.888044 0.378089 0.75643 0.0640873 0.789182 0.0839972 0.769426 0.0882453 0.799504 0.104178 0.78106 0.106264 0.761404 0.118256 0.748854 0.100993 0.731428 0.0873022 0.819685 0.106759 0.825725 0.125262 0.807218 0.120675 0.789405 0.123086 0.773426 0.1322 0.754846 0.149746 0.740727 0.135143 0.72538 0.122061 0.808088 0.137067 0.794797 0.134426 0.785435 0.144805 0.848398 0.131823 0.827319 0.142089 0.802153 0.152256 0.701481 0.210092 0.732564 0.173281 0.770972 0.160883 0.715973 0.160961 0.184143 0.138374 0.208971 0.120593 0.20454 0.142419 0.236072 0.105159 0.232217 0.120962 0.238878 0.13203 0.205026 0.161839 0.197047 0.162228 0.243712 0.0886992 0.265392 0.081921 0.257743 0.0933876 0.256225 0.104217 0.260934 0.112517 0.272738 0.119831 0.2489 0.141399 0.217172 0.172984 0.275304 0.0902063 0.269763 0.0978754 0.277822 0.101407 0.275646 0.0679311 0.307662 0.0532159 0.293297 0.0719962 0.330605 0.0599884 0.308228 0.0810612 0.295108 0.0946219 0.282857 0.0811418 0.328043 0.0833458 0.303164 0.106938 0.297725 0.108757 0.287395 0.0954909 0.317865 0.124832 0.30322 0.135287 0.286553 0.126809 0.301521 0.118008 0.28894 0.108334 0.310894 0.115066 0.328161 0.121557 0.263606 0.150348 0.319019 0.113098 0.346101 0.0332136 0.346567 0.0391436 0.375425 0.0267088 0.373416 0.0312816 0.381218 0.0357651 0.356603 0.0436726 0.38349 0.020987 0.407604 0.0177854 0.398612 0.0215003 0.396139 0.0260471 0.40139 0.0290796 0.41151 0.0363979 0.393147 0.0394723 0.372974 0.0484893 0.415695 0.0225785 0.409797 0.0244465 0.416413 0.0288552 0.419835 0.0142583 0.458194 0.00704173 0.439108 0.0160075 0.477064 0.00583935 0.457974 0.0122017 0.441125 0.0216535 0.425411 0.0194784 0.474071 0.0120784 0.457616 0.0189942 0.440829 0.030217 0.428186 0.0262844 0.452262 0.0483272 0.428571 0.0615838 0.420985 0.0498672 0.43469 0.0480869 0.425745 0.0360544 0.456633 0.0296891 0.473815 0.0317405 0.408387 0.046837 0.473015 0.0204996 0.900365 0.187719 0.909922 0.212669 0.89855 0.211933 0.923103 0.218407 0.929302 0.240405 0.917681 0.232633 0.907007 0.23166 0.899023 0.237322 0.92111 0.250478 0.912751 0.24479 0.909159 0.253064 0.943064 0.251336 0.960327 0.286199 0.945513 0.272113 0.959404 0.306567 0.945626 0.291344 0.932325 0.277713 0.933039 0.259598 0.942466 0.310301 0.929658 0.295032 0.916455 0.280211 0.920786 0.265095 0.903954 0.265192 0.908771 0.299594 0.921529 0.316585 0.91056 0.341782 0.935594 0.332459 0.923993 0.358908 0.902682 0.394635 0.949153 0.348912 0.93819 0.375542 0.916376 0.411025 0.974925 0.322709 0.971066 0.342431 0.956744 0.326037 0.986602 0.359196 0.978209 0.381049 0.963999 0.365063 0.95179 0.391847 0.993465 0.435168 0.976888 0.456699 0.956521 0.454704 0.978894 0.422624 0.943458 0.44139 0.965766 0.408224 0.993302 0.39677 0.954383 0.460423 0.943223 0.448815 0.92985 0.434431 0.930384 0.427038 0.926434 0.441452 0.916816 0.419056 0.938606 0.454452 0.928295 0.471253 0.950907 0.466266 0.939924 0.482042 0.922243 0.509157 0.96367 0.474055 0.951753 0.49165 0.934275 0.516434 0.99768 0.456649 0.986846 0.468891 0.971281 0.465578 0.9995 0.47425 0.986356 0.488658 0.975791 0.482321 0.963102 0.49838 0.993111 0.511405 0.970894 0.525644 0.983551 0.508811 0.960638 0.521882 0.973678 0.504697 0.996597 0.493525 0.947469 0.541131 0.933708 0.539904 0.948071 0.519658 0.924705 0.554689 0.915274 0.542819 0.212792 0.628866 0.181501 0.62812 0.196578 0.616297 0.163307 0.618452 0.17852 0.60464 0.192153 0.594184 0.209404 0.606072 0.227097 0.619662 0.148132 0.633916 0.124439 0.630627 0.140575 0.614204 0.159216 0.595463 0.172207 0.582843 0.176958 0.577917 0.197599 0.589303 0.216892 0.602574 0.120678 0.608059 0.139066 0.58801 0.151155 0.574938 0.115961 0.640413 0.0940374 0.642852 0.0939134 0.636832 0.0775212 0.635121 0.0786187 0.629304 0.0801888 0.623532 0.0958043 0.631587 0.0629674 0.620073 0.0644777 0.614468 0.0855393 0.591626 0.101921 0.600791 0.120697 0.579929 0.0726403 0.550586 0.078112 0.538471 0.0934764 0.550304 0.0880708 0.560993 0.111123 0.559717 0.103342 0.571398 0.0692137 0.583007 0.0573787 0.570173 0.0955383 0.544268 0.113192 0.553983 0.132912 0.562296 0.13023 0.568113 0.0501846 0.603879 0.13571 0.557185 0.164991 0.525212 0.187817 0.534463 0.158442 0.564839 0.211512 0.543411 0.181076 0.573496 0.154777 0.569622 0.202754 0.585651 0.115119 0.548303 0.143123 0.516391 0.164575 0.487875 0.183948 0.499656 0.205838 0.510173 0.0968188 0.53852 0.125119 0.504578 0.147253 0.475101 0.15333 0.462635 0.171005 0.47569 0.191588 0.487107 0.0815171 0.526745 0.109609 0.491333 0.131505 0.461012 0.0596674 0.537348 0.0650739 0.524884 0.0679586 0.519281 0.0805255 0.532826 0.0540206 0.509394 0.0567957 0.503443 0.0575087 0.49682 0.0685011 0.512922 0.0968679 0.475312 0.0716506 0.417865 0.087244 0.391812 0.0944715 0.41014 0.0772613 0.438446 0.104619 0.42855 0.0850325 0.458073 0.0486968 0.478178 0.0432411 0.458216 0.102344 0.393892 0.111114 0.413162 0.123077 0.431643 0.117013 0.445453 0.0478631 0.485382 0.126808 0.425823 0.129031 0.420082 0.142579 0.43639 0.14065 0.442378 0.158772 0.451068 0.156366 0.456755 0.137057 0.448008 0.174306 0.46977 0.115799 0.407713 0.11763 0.401446 0.147993 0.362459 0.159772 0.380592 0.175135 0.396872 0.107117 0.387577 0.109547 0.381654 0.139051 0.34168 0.160625 0.311392 0.17099 0.32978 0.184067 0.348173 0.101042 0.36667 0.103085 0.359911 0.132392 0.321393 0.06727 0.400347 0.081031 0.37354 0.0904019 0.354312 0.0956012 0.37338 0.0772922 0.355974 0.085634 0.335454 0.0905666 0.326678 0.0955157 0.345556 0.0979252 0.339104 0.0913844 0.253961 0.112945 0.239121 0.115338 0.260569 0.0975447 0.285181 0.119864 0.282967 0.0924081 0.318213 0.084799 0.309432 0.081721 0.29015 0.131784 0.243089 0.136385 0.259309 0.143883 0.275624 0.125891 0.301203 0.0810509 0.321721 0.1535 0.262076 0.160281 0.260397 0.167092 0.276841 0.160943 0.279477 0.175442 0.295386 0.169042 0.297624 0.151521 0.29257 0.179298 0.317115 0.147235 0.248161 0.153693 0.247035 0.156746 0.242321 0.163557 0.255272 0.171005 0.272715 0.142511 0.233789 0.148875 0.234188 0.155829 0.222781 0.170882 0.198136 0.180662 0.208212 0.19027 0.222158 0.14072 0.220395 0.147285 0.219982 0.152013 0.208905 0.112098 0.221725 0.129589 0.211104 0.127937 0.227392 0.134347 0.192313 0.149567 0.186994 0.142692 0.204849 0.188809 0.169164 0.1749 0.162684 0.16142 0.187802 0.158822 0.164005 0.201877 0.180211 0.611244 0.0123712 0.648418 0.0214595 0.625684 0.0261858 0.660295 0.0341123 0.638728 0.0369155 0.618269 0.0453513 0.604945 0.0338133 0.587566 0.0252165 0.685638 0.032899 0.692688 0.0456069 0.66906 0.0448173 0.648016 0.0484293 0.631012 0.0549937 0.613333 0.0668129 0.59959 0.0548769 0.585317 0.0446691 0.669789 0.0572913 0.654141 0.0563141 0.64373 0.0647066 0.721974 0.0469221 0.720691 0.0613988 0.708575 0.0787772 0.682796 0.0750498 0.693552 0.0584162 0.687732 0.100657 0.66712 0.0929933 0.646013 0.0860257 0.662278 0.069745 0.582794 0.121158 0.568477 0.10778 0.592085 0.0845515 0.606342 0.0977233 0.628573 0.0768649 0.624635 0.107064 0.596468 0.13667 0.57752 0.0732469 0.642974 0.117341 0.613994 0.148478 0.582433 0.181699 0.567534 0.166618 0.553913 0.151189 0.66407 0.124948 0.630682 0.161855 0.599206 0.195442 0.593635 0.198161 0.576852 0.183731 0.56177 0.168318 0.682749 0.135321 0.650025 0.171819 0.616645 0.208428 0.70926 0.108512 0.700336 0.14686 0.666735 0.185181 0.671126 0.245101 0.652679 0.233368 0.684916 0.196673 0.666993 0.249803 0.648285 0.237484 0.630032 0.224282 0.635009 0.220501 0.623394 0.228143 0.613688 0.239195 0.594051 0.225819 0.604282 0.215296 0.575282 0.211172 0.585934 0.200796 0.611505 0.211623 0.568606 0.185592 0.64206 0.241848 0.63305 0.25293 0.609341 0.281786 0.593415 0.263113 0.577724 0.245691 0.661445 0.254713 0.652533 0.266689 0.628561 0.29674 0.590826 0.341177 0.572621 0.324328 0.556932 0.305329 0.681782 0.266553 0.673268 0.278677 0.646987 0.312701 0.68664 0.260782 0.704083 0.276341 0.695421 0.289447 0.708984 0.351588 0.687221 0.340112 0.718689 0.300079 0.673903 0.395274 0.651885 0.383534 0.630222 0.37114 0.66719 0.326441 0.626553 0.376575 0.621168 0.382703 0.600367 0.367152 0.606054 0.361645 0.5801 0.350929 0.586345 0.345796 0.610213 0.356583 0.567724 0.328485 0.648543 0.38938 0.643688 0.39598 0.635172 0.409688 0.612663 0.395877 0.591403 0.380209 0.671123 0.401411 0.666524 0.40832 0.65827 0.422501 0.64605 0.444426 0.618604 0.43343 0.59054 0.423713 0.694992 0.412311 0.690895 0.419621 0.682166 0.434581 0.697582 0.405957 0.720093 0.423246 0.715754 0.430746 0.753798 0.47242 0.730382 0.459649 0.740647 0.442595 0.739155 0.497199 0.717808 0.483462 0.694784 0.469429 0.706829 0.446748 0.668258 0.507835 0.664397 0.514036 0.637769 0.502606 0.641336 0.496132 0.607286 0.493905 0.611219 0.487583 0.670674 0.456777 0.579911 0.479929 0.690956 0.521189 0.687686 0.527666 0.67891 0.538161 0.655866 0.524837 0.629018 0.513029 0.712272 0.53523 0.70856 0.541505 0.70022 0.552283 0.673338 0.583355 0.653281 0.568913 0.63145 0.554046 0.731543 0.549153 0.728349 0.555778 0.719743 0.566467 0.75942 0.510884 0.749835 0.562929 0.746385 0.569627 0.774886 0.605016 0.756568 0.593557 0.763844 0.583033 0.742707 0.616382 0.719767 0.606785 0.738618 0.580614 0.691519 0.649879 0.620066 0.640162 0.648895 0.629924 0.625978 0.625423 0.629424 0.617725 0.693145 0.598475 0.60742 0.604848 0.075536 0.64147 0.0605996 0.630327 0.0613671 0.625744 0.0572368 0.639019 0.0433853 0.626711 0.0460961 0.619084 0.0467184 0.614772 0.0488471 0.609622 0.0329403 0.606829 0.0335686 0.602873 0.0366477 0.598028 0.0413372 0.634081 0.0272299 0.627746 0.0283109 0.621367 0.0162824 0.608415 0.0186046 0.601166 0.0302109 0.614383 0.00791789 0.587734 0.0116355 0.57976 0.0215715 0.593691 0.0228084 0.589385 0.0005 0.542562 0.00494519 0.539414 0.0103714 0.556212 0.0065156 0.559351 0.017615 0.571746 0.0133042 0.575185 0.00339637 0.56517 0.0115787 0.550429 0.0185348 0.566265 0.0272876 0.579631 0.026219 0.585318 0.0457591 0.55803 0.0377958 0.592544 0.0381898 0.541898 0.0478861 0.523237 0.0294771 0.526853 0.0381933 0.506768 0.0442172 0.492215 0.022186 0.508242 0.0306754 0.487638 0.0369799 0.473882 0.00181872 0.519712 0.0104989 0.5032 0.00628901 0.533835 0.00669331 0.477808 0.0146312 0.46162 0.0175174 0.484554 0.0259333 0.466959 0.025694 0.399715 0.0352473 0.388865 0.0301031 0.413251 0.0236213 0.422494 0.0303632 0.433603 0.023232 0.445119 0.0125864 0.43941 0.0359571 0.409275 0.035659 0.427696 0.037709 0.446588 0.0323886 0.453613 0.0404215 0.437271 0.0414468 0.465438 0.0399217 0.418061 0.0640426 0.382935 0.0505168 0.386508 0.063998 0.364681 0.0736781 0.340551 0.056411 0.361566 0.0636873 0.352007 0.0688598 0.334327 0.0416445 0.360116 0.053286 0.345984 0.045308 0.374943 0.0573959 0.321071 0.0669854 0.31387 0.0618111 0.335876 0.0751727 0.312082 0.0733614 0.286802 0.209653 0.174012 0.229664 0.183597 0.223209 0.186474 0.214006 0.191272 0.244112 0.195329 0.236699 0.197988 0.226255 0.205304 0.336567 0.132534 0.320645 0.143859 0.296558 0.16954 0.278824 0.159585 0.339583 0.15393 0.315613 0.178919 0.27787 0.218349 0.259439 0.206745 0.251863 0.210913 0.309718 0.245897 0.291988 0.260875 0.27188 0.248007 0.288962 0.234638 0.254104 0.234767 0.268921 0.222775 0.298058 0.228863 0.318217 0.240865 0.235639 0.288925 0.220473 0.272504 0.208872 0.255449 0.238704 0.21984 0.334641 0.190209 0.178899 0.290645 0.199133 0.237455 0.189045 0.309656 0.185058 0.31373 0.20133 0.327207 0.197514 0.331736 0.191677 0.335297 0.216416 0.344281 0.212033 0.348422 0.206728 0.353063 0.327035 0.261702 0.312914 0.272645 0.272474 0.317094 0.252954 0.303478 0.331142 0.287616 0.292601 0.329979 0.251889 0.374269 0.233221 0.359518 0.229023 0.364146 0.28891 0.404754 0.282171 0.412072 0.260666 0.398956 0.267178 0.392716 0.241554 0.384419 0.247226 0.378654 0.271623 0.387806 0.29376 0.399903 0.25225 0.411796 0.233101 0.396773 0.215554 0.381465 0.223227 0.369059 0.313967 0.342763 0.191915 0.41131 0.198796 0.365232 0.211132 0.424436 0.176628 0.463982 0.231899 0.436387 0.197796 0.475388 0.194978 0.481027 0.255928 0.447585 0.222453 0.48511 0.219439 0.490777 0.31214 0.416374 0.304587 0.424105 0.295105 0.437819 0.272907 0.425116 0.328782 0.435882 0.318224 0.450236 0.306561 0.470203 0.281498 0.458697 0.250061 0.494331 0.324589 0.53435 0.319772 0.539177 0.297685 0.52355 0.302389 0.518566 0.272891 0.510472 0.277059 0.505303 0.330172 0.483724 0.353386 0.498876 0.288803 0.530706 0.264965 0.517594 0.239967 0.506708 0.246257 0.499824 0.343452 0.462623 0.228763 0.520933 0.214773 0.497306 0.251708 0.532672 0.232351 0.555984 0.273492 0.546641 0.252705 0.569765 0.222315 0.599327 0.293864 0.562365 0.271113 0.586185 0.240907 0.615043 0.343089 0.553552 0.337868 0.558238 0.32817 0.565509 0.3103 0.546316 0.349539 0.584008 0.337602 0.582665 0.234809 0.617025 0.349422 0.0629722 0.390079 0.0529126 0.369055 0.0678936 0.346758 0.0866085 0.408533 0.0599287 0.388215 0.0726123 0.365984 0.0923118 0.471739 0.0508546 0.446278 0.0688374 0.43582 0.071835 0.420651 0.0613428 0.464719 0.07605 0.454387 0.0772098 0.443298 0.0802414 0.424351 0.0724873 0.40845 0.0790992 0.46776 0.103292 0.445601 0.124167 0.425461 0.114498 0.448117 0.0946031 0.405441 0.106221 0.42853 0.0859747 0.463129 0.086811 0.482596 0.0954739 0.393219 0.145517 0.373499 0.135752 0.354424 0.127567 0.385176 0.0984193 0.474487 0.0844413 0.346602 0.128406 0.335754 0.119581 0.36625 0.137205 0.355425 0.141016 0.385523 0.146635 0.374519 0.151395 0.357296 0.165197 0.404758 0.157615 0.392477 0.162989 0.374252 0.178824 0.485845 0.114573 0.465257 0.13423 0.431872 0.167252 0.412445 0.155819 0.483517 0.146616 0.451721 0.178384 0.443455 0.180884 0.423711 0.168993 0.410585 0.175958 0.469304 0.214684 0.44411 0.238346 0.425347 0.22269 0.448464 0.202216 0.407551 0.208074 0.428929 0.188964 0.463788 0.192613 0.483461 0.206827 0.396616 0.253605 0.380832 0.236209 0.365505 0.220297 0.39066 0.192977 0.472327 0.190123 0.332486 0.257648 0.350303 0.204312 0.346371 0.276057 0.340619 0.279891 0.361578 0.292919 0.355933 0.297317 0.34567 0.305646 0.378463 0.310214 0.372886 0.313697 0.363603 0.321518 0.490011 0.228634 0.463908 0.253641 0.431053 0.290035 0.413219 0.271393 0.481563 0.271236 0.446895 0.309721 0.409694 0.352103 0.394919 0.330204 0.389495 0.333659 0.436078 0.396554 0.429247 0.402172 0.411602 0.382155 0.418551 0.377449 0.397799 0.359808 0.404484 0.355526 0.423734 0.373618 0.441288 0.392482 0.397739 0.402176 0.37823 0.382622 0.359108 0.365612 0.382034 0.338064 0.462651 0.329962 0.316688 0.411077 0.336264 0.354049 0.341827 0.421967 0.336837 0.427164 0.365878 0.436188 0.361509 0.440716 0.354888 0.44713 0.391142 0.451373 0.386548 0.455636 0.380399 0.461518 0.456218 0.413672 0.449376 0.419542 0.437148 0.43815 0.416944 0.420211 0.470222 0.436981 0.457676 0.4564 0.441484 0.484438 0.416873 0.465953 0.412984 0.470405 0.482467 0.533471 0.477649 0.537524 0.455954 0.523842 0.459827 0.519847 0.434453 0.494231 0.438895 0.489639 0.469311 0.507907 0.500201 0.526149 0.442237 0.52547 0.42089 0.508033 0.394246 0.49067 0.406598 0.475653 0.482275 0.476974 0.376428 0.514623 0.368651 0.476346 0.392997 0.535761 0.354785 0.579427 0.403011 0.562719 0.372903 0.583745 0.508227 0.547259 0.486039 0.554803 0.466674 0.55511 0.454928 0.537657 0.480357 0.562166 0.466867 0.559991 0.498765 0.0005 0.512864 0.00268081 0.492364 0.00517631 0.537032 0.00107822 0.545723 0.00515724 0.522701 0.0049466 0.503943 0.0071967 0.488405 0.0116598 0.525935 0.00909782 0.511046 0.00925851 0.502931 0.0131891 0.574564 0.00517768 0.574631 0.0117838 0.565316 0.0191869 0.54165 0.0160222 0.548349 0.00952226 0.549915 0.0290966 0.530052 0.0243047 0.508463 0.0230481 0.520999 0.0137733 0.489692 0.0209893 0.492656 0.033877 0.511887 0.038573 0.491945 0.0539486 0.53157 0.0429994 0.511074 0.0600646 0.483429 0.083543 0.548496 0.0513037 0.528314 0.067977 0.500369 0.0937729 0.569908 0.0346495 0.564407 0.0601438 0.542867 0.0795004 0.541394 0.135084 0.528828 0.119716 0.55661 0.0919177 0.535423 0.135935 0.522662 0.119895 0.508944 0.10573 0.515776 0.105216 0.499436 0.106265 0.492869 0.0935897 0.51384 0.119688 0.501801 0.127222 0.526812 0.135117 0.515824 0.143065 0.499975 0.160366 0.539595 0.152281 0.529284 0.159921 0.514696 0.177427 0.548237 0.152343 0.553374 0.168924 0.543076 0.177736 0.562138 0.228724 0.544886 0.21251 0.558306 0.194731 0.53228 0.262215 0.520593 0.240465 0.506401 0.222048 0.529854 0.194102 0.500507 0.224086 0.49036 0.204658 0.515013 0.243145 0.506072 0.246393 0.526858 0.265145 0.51932 0.267875 0.500045 0.287975 0.538652 0.287456 0.531428 0.29043 0.519407 0.304524 0.543929 0.284082 0.551901 0.308977 0.545001 0.312589 0.570896 0.363482 0.551406 0.345668 0.561132 0.332871 0.544163 0.395444 0.523719 0.378331 0.502436 0.362795 0.534741 0.325325 0.461207 0.409145 0.482021 0.346536 0.481805 0.426117 0.4769 0.430762 0.502665 0.44312 0.497979 0.448129 0.491351 0.454676 0.524754 0.458734 0.520362 0.464117 0.514017 0.471596 0.566319 0.41057 0.550643 0.47072 0.546392 0.476548 0.599038 0.50405 0.567925 0.495333 0.576038 0.486112 0.5757 0.530019 0.546573 0.519402 0.521226 0.50984 0.538955 0.484851 0.51674 0.533105 0.504113 0.495215 0.514394 0.554785 0.508652 0.559739 0.540038 0.567408 0.535465 0.573349 0.499356 0.574659 0.565014 0.581391 0.559923 0.587746 0.525478 0.585649 0.606111 0.540618 0.586521 0.59382 0.582136 0.600278 0.596023 0.624896 0.571897 0.611076 0.600966 0.611333 0.551827 0.599898 </float_array>
          <technique_common>
            <accessor count="1090" offset="0" source="#meshId1-tex0-array" stride="2">
              <param name="S" type="float" />
              <param name="T" type="float" />
            </accessor>
          </technique_common>
        </source>
        <vertices id="meshId1-vertices">
          <input semantic="POSITION" source="#meshId1-positions" />
        </vertices>
        <polylist count="2087" material="defaultMaterial">
          <input offset="0" semantic="VERTEX" source="#meshId1-vertices" />
          <input offset="0" semantic="NORMAL" source="#meshId1-normals" />
          <input offset="0" semantic="TANGENT" source="#meshId1-tangents" />
          <input offset="0" semantic="BINORMAL" source="#meshId1-bitangents" />
          <input offset="0" semantic="TEXCOORD" source="#meshId1-tex0" set="0" />
          <vcount>3 3 3 3 3 3 3 3 3 3 3 3 3 3 3 3 3 3 3 3 3 3 3 3 3 3 3 3 3 3 3 3 3 3 3 3 3 3 3 3 3 3 3 3 3 3 3 3 3 3 3 3 3 3 3 3 3 3 3 3 3 3 3 3 3 3 3 3 3 3 3 3 3 3 3 3 3 3 3 3 3 3 3 3 3 3 3 3 3 3 3 3 3 3 3 3 3 3 3 3 3 3 3 3 3 3 3 3 3 3 3 3 3 3 3 3 3 3 3 3 3 3 3 3 3 3 3 3 3 3 3 3 3 3 3 3 3 3 3 3 3 3 3 3 3 3 3 3 3 3 3 3 3 3 3 3 3 3 3 3 3 3 3 3 3 3 3 3 3 3 3 3 3 3 3 3 3 3 3 3 3 3 3 3 3 3 3 3 3 3 3 3 3 3 3 3 3 3 3 3 3 3 3 3 3 3 3 3 3 3 3 3 3 3 3 3 3 3 3 3 3 3 3 3 3 3 3 3 3 3 3 3 3 3 3 3 3 3 3 3 3 3 3 3 3 3 3 3 3 3 3 3 3 3 3 3 3 3 3 3 3 3 3 3 3 3 3 3 3 3 3 3 3 3 3 3 3 3 3 3 3 3 3 3 3 3 3 3 3 3 3 3 3 3 3 3 3 3 3 3 3 3 3 3 3 3 3 3 3 3 3 3 3 3 3 3 3 3 3 3 3 3 3 3 3 3 3 3 3 3 3 3 3 3 3 3 3 3 3 3 3 3 3 3 3 3 3 3 3 3 3 3 3 3 3 3 3 3 3 3 3 3 3 3 3 3 3 3 3 3 3 3 3 3 3 3 3 3 3 3 3 3 3 3 3 3 3 3 3 3 3 3 3 3 3 3 3 3 3 3 3 3 3 3 3 3 3 3 3 3 3 3 3 3 3 3 3 3 3 3 3 3 3 3 3 3 3 3 3 3 3 3 3 3 3 3 3 3 3 3 3 3 3 3 3 3 3 3 3 3 3 3 3 3 3 3 3 3 3 3 3 3 3 3 3 3 3 3 3 3 3 3 3 3 3 3 3 3 3 3 3 3 3 3 3 3 3 3 3 3 3 3 3 3 3 3 3 3 3 3 3 3 3 3 3 3 3 3 3 3 3 3 3 3 3 3 3 3 3 3 3 3 3 3 3 3 3 3 3 3 3 3 3 3 3 3 3 3 3 3 3 3 3 3 3 3 3 3 3 3 3 3 3 3 3 3 3 3 3 3 3 3 3 3 3 3 3 3 3 3 3 3 3 3 3 3 3 3 3 3 3 3 3 3 3 3 3 3 3 3 3 3 3 3 3 3 3 3 3 3 3 3 3 3 3 3 3 3 3 3 3 3 3 3 3 3 3 3 3 3 3 3 3 3 3 3 3 3 3 3 3 3 3 3 3 3 3 3 3 3 3 3 3 3 3 3 3 3 3 3 3 3 3 3 3 3 3 3 3 3 3 3 3 3 3 3 3 3 3 3 3 3 3 3 3 3 3 3 3 3 3 3 3 3 3 3 3 3 3 3 3 3 3 3 3 3 3 3 3 3 3 3 3 3 3 3 3 3 3 3 3 3 3 3 3 3 3 3 3 3 3 3 3 3 3 3 3 3 3 3 3 3 3 3 3 3 3 3 3 3 3 3 3 3 3 3 3 3 3 3 3 3 3 3 3 3 3 3 3 3 3 3 3 3 3 3 3 3 3 3 3 3 3 3 3 3 3 3 3 3 3 3 3 3 3 3 3 3 3 3 3 3 3 3 3 3 3 3 3 3 3 3 3 3 3 3 3 3 3 3 3 3 3 3 3 3 3 3 3 3 3 3 3 3 3 3 3 3 3 3 3 3 3 3 3 3 3 3 3 3 3 3 3 3 3 3 3 3 3 3 3 3 3 3 3 3 3 3 3 3 3 3 3 3 3 3 3 3 3 3 3 3 3 3 3 3 3 3 3 3 3 3 3 3 3 3 3 3 3 3 3 3 3 3 3 3 3 3 3 3 3 3 3 3 3 3 3 3 3 3 3 3 3 3 3 3 3 3 3 3 3 3 3 3 3 3 3 3 3 3 3 3 3 3 3 3 3 3 3 3 3 3 3 3 3 3 3 3 3 3 3 3 3 3 3 3 3 3 3 3 3 3 3 3 3 3 3 3 3 3 3 3 3 3 3 3 3 3 3 3 3 3 3 3 3 3 3 3 3 3 3 3 3 3 3 3 3 3 3 3 3 3 3 3 3 3 3 3 3 3 3 3 3 3 3 3 3 3 3 3 3 3 3 3 3 3 3 3 3 3 3 3 3 3 3 3 3 3 3 3 3 3 3 3 3 3 3 3 3 3 3 3 3 3 3 3 3 3 3 3 3 3 3 3 3 3 3 3 3 3 3 3 3 3 3 3 3 3 3 3 3 3 3 3 3 3 3 3 3 3 3 3 3 3 3 3 3 3 3 3 3 3 3 3 3 3 3 3 3 3 3 3 3 3 3 3 3 3 3 3 3 3 3 3 3 3 3 3 3 3 3 3 3 3 3 3 3 3 3 3 3 3 3 3 3 3 3 3 3 3 3 3 3 3 3 3 3 3 3 3 3 3 3 3 3 3 3 3 3 3 3 3 3 3 3 3 3 3 3 3 3 3 3 3 3 3 3 3 3 3 3 3 3 3 3 3 3 3 3 3 3 3 3 3 3 3 3 3 3 3 3 3 3 3 3 3 3 3 3 3 3 3 3 3 3 3 3 3 3 3 3 3 3 3 3 3 3 3 3 3 3 3 3 3 3 3 3 3 3 3 3 3 3 3 3 3 3 3 3 3 3 3 3 3 3 3 3 3 3 3 3 3 3 3 3 3 3 3 3 3 3 3 3 3 3 3 3 3 3 3 3 3 3 3 3 3 3 3 3 3 3 3 3 3 3 3 3 3 3 3 3 3 3 3 3 3 3 3 3 3 3 3 3 3 3 3 3 3 3 3 3 3 3 3 3 3 3 3 3 3 3 3 3 3 3 3 3 3 3 3 3 3 3 3 3 3 3 3 3 3 3 3 3 3 3 3 3 3 3 3 3 3 3 3 3 3 3 3 3 3 3 3 3 3 3 3 3 3 3 3 3 3 3 3 3 3 3 3 3 3 3 3 3 3 3 3 3 3 3 3 3 3 3 3 3 3 3 3 3 3 3 3 3 3 3 3 3 3 3 3 3 3 3 3 3 3 3 3 3 3 3 3 3 3 3 3 3 3 3 3 3 3 3 3 3 3 3 3 3 3 3 3 3 3 3 3 3 3 3 3 3 3 3 3 3 3 3 3 3 3 3 3 3 3 3 3 3 3 3 3 3 3 3 3 3 3 3 3 3 3 3 3 3 3 3 3 3 3 3 3 3 3 3 3 3 3 3 3 3 3 3 3 3 3 3 3 3 3 3 3 3 3 3 3 3 3 3 3 3 3 3 3 3 3 3 3 3 3 3 3 3 3 3 3 3 3 3 3 3 3 3 3 3 3 3 3 3 3 3 3 3 3 3 3 3 3 3 3 3 3 3 3 3 3 3 3 3 3 3 3 3 3 3 3 3 3 3 3 3 3 3 3 3 3 3 3 3 3 3 3 3 3 3 3 3 3 3 3 3 3 3 3 3 3 3 3 3 3 3 3 3 3 3 3 3 3 3 3 3 3 3 3 3 3 3 3 3 3 3 3 3 3 3 3 3 3 3 3 3 3 3 3 3 3 3 3 3 3 3 3 3 3 3 3 3 3 3 3 3 3 3 3 3 3 3 3 3 3 3 3 3 3 3 3 3 3 3 3 3 3 3 3 3 3 3 3 3 3 3 3 3 3 3 3 3 3 3 3 3 3 3 3 3 3 3 3 3 3 3 3 3 3 3 3 3 3 3 3 3 3 3 3 3 3 3 3 3 3 3 3 3 3 3 3 3 3 3 3 3 3 3 3 3 3 3 3 3 3 3 3 3 3 3 3 3 3 3 3 3 3 3 3 3 3 3 3 3 3 3 3 3 3 3 3 3 3 3 3 3 3 3 3 3 3 3 3 3 3 3 3 3 3 3 3 3 3 3 3 3 3 3 3 3 3 3 3 3 3 3 3 3 3 3 3 3 3 3 3 3 3 3 3 3 3 3 3 3 3 3 3 3 3 3 3 3 3 3 3 3 3 3 3 3 3 3 3 3 3 3 3 3 3 3 3 3 3 3 3 3 3 3 3 3 3 3 3 3 3 3 3 3 3 3 3 3 3 3 3 3 3 3 3 3 3 3 3 3 3 3 3 3 3 3 3 3 3 3 3 3 3 3 3 3 3 3 3 3 3 3 3 3 3 3 3 3 3 3 3 3 3 3 3 3 3 3 3 3 3 3 3 3 3 3 3 3 3 3 3 3 3 3 3 3 3 3 3 3 3 3 3 3 3 3 3 3 3 3 3 3 3 3 3 3 3 3 3 3 3 3 3 3 3 3 3 3 3 3 3 3 3 3 3 3 3 3 3 3 3 3 3 3 3 3 3 3 3 3 3 3 3 3 3 3 3 3 3 3 3 3 3 3 3 3 3 3 3 3 3 3 3 3 3 3 3 3 3 3 3 3 3 3 3 3 3 3 3 3 3 3 3 3 3 3 3 3 3 3 3 3 3 3 3 3 3 3 3 3 3 3 3 3 3 3 3 3 3 3 </vcount>
          <p>3 0 1 1 2 3 3 2 4 4 5 3 3 5 6 6 7 3 3 7 8 8 0 3 4 2 9 9 10 4 4 10 11 11 12 4 4 12 13 13 5 4 6 5 13 13 14 6 6 14 15 15 16 6 6 16 17 17 7 6 13 12 18 18 19 13 13 19 20 20 14 13 24 21 22 22 23 24 24 23 25 25 26 24 24 26 27 27 28 24 24 28 11 11 21 24 27 26 29 29 30 27 27 30 31 31 32 27 27 32 18 18 28 27 11 10 33 33 21 11 11 28 18 18 12 11 18 32 34 34 19 18 35 36 37 37 36 38 38 39 37 37 39 31 31 40 37 37 40 41 41 35 37 36 42 38 38 42 43 43 44 38 38 44 34 34 39 38 31 39 34 34 32 31 31 30 45 45 40 31 34 44 20 20 19 34 46 47 48 48 47 49 49 50 48 48 50 15 15 51 48 48 51 43 43 46 48 15 50 52 52 16 15 15 14 20 20 51 15 42 46 43 43 51 20 20 44 43 56 53 54 54 55 56 56 55 57 57 58 56 56 58 59 59 60 56 56 60 61 61 53 56 57 55 62 62 63 57 57 63 64 64 65 57 57 65 66 66 58 57 59 58 66 66 67 59 59 67 68 68 69 59 59 69 70 70 60 59 66 65 71 71 72 66 66 72 73 73 67 66 77 74 75 75 76 77 77 76 78 78 79 77 77 79 80 80 81 77 77 81 64 64 74 77 80 79 82 82 83 80 80 83 84 84 85 80 80 85 71 71 81 80 64 63 86 86 74 64 64 81 71 71 65 64 71 85 87 87 72 71 91 88 89 89 90 91 91 90 92 92 93 91 91 93 84 84 94 91 91 94 95 95 88 91 92 90 96 96 97 92 92 97 98 98 99 92 92 99 87 87 93 92 84 93 87 87 85 84 84 83 100 100 94 84 87 99 73 73 72 87 104 101 102 102 103 104 104 103 105 105 106 104 104 106 68 68 107 104 104 107 98 98 101 104 68 106 108 108 69 68 68 67 73 73 107 68 98 97 109 109 101 98 98 107 73 73 99 98 22 21 33 33 110 22 22 110 111 111 112 22 22 112 113 113 23 22 33 10 9 9 114 33 33 114 115 115 110 33 111 110 115 115 116 111 111 116 117 117 118 111 111 118 119 119 112 111 115 114 120 120 121 115 115 121 122 122 116 115 1 0 123 123 124 1 1 124 125 125 126 1 1 126 9 9 2 1 125 124 127 127 128 125 125 128 129 129 130 125 125 130 120 120 126 125 9 126 120 120 114 9 120 130 131 131 121 120 102 101 109 109 132 102 102 132 129 129 133 102 102 133 134 134 103 102 109 97 96 96 135 109 109 135 131 131 132 109 129 132 131 131 130 129 129 128 136 136 133 129 131 135 122 122 121 131 89 88 137 137 138 89 89 138 117 117 139 89 89 139 96 96 90 89 117 138 140 140 118 117 117 116 122 122 139 117 96 139 122 122 135 96 141 142 143 143 142 144 144 145 143 143 145 146 146 147 143 143 147 148 148 141 143 142 149 144 144 149 150 150 151 144 144 151 152 152 145 144 146 145 152 152 153 146 146 153 154 154 155 146 146 155 156 156 147 146 152 151 157 157 158 152 152 158 159 159 153 152 160 76 75 75 74 86 86 161 75 75 161 150 150 160 75 86 63 62 62 162 86 86 162 157 157 161 86 149 160 150 150 161 157 157 151 150 157 162 159 159 158 157 54 53 163 163 164 54 54 164 154 154 165 54 54 165 62 62 55 54 154 164 166 166 155 154 154 153 159 159 165 154 62 165 159 159 162 62 167 168 169 169 168 170 170 171 169 169 171 172 172 173 169 169 173 174 174 167 169 168 175 170 170 175 176 176 177 170 170 177 178 178 171 170 172 171 178 178 179 172 172 179 180 180 181 172 172 181 182 182 173 172 178 177 183 183 184 178 178 184 185 185 179 178 186 187 188 188 187 189 189 190 188 188 190 191 191 192 188 188 192 176 176 186 188 191 190 193 193 194 191 191 194 195 195 196 191 191 196 183 183 192 191 175 186 176 176 192 183 183 177 176 183 196 185 185 184 183 200 197 198 198 199 200 200 199 180 180 201 200 200 201 195 195 202 200 200 202 203 203 197 200 180 199 204 204 181 180 180 179 185 185 201 180 195 201 185 185 196 195 195 194 205 205 202 195 187 206 207 207 206 208 208 209 207 207 209 210 210 211 207 207 211 189 189 187 207 206 212 208 208 212 213 213 214 208 208 214 215 215 209 208 210 209 215 215 216 210 210 216 217 217 218 210 210 218 219 219 211 210 215 214 220 220 221 215 215 221 222 222 216 215 223 224 225 225 224 226 226 227 225 225 227 228 228 229 225 225 229 213 213 223 225 228 227 230 230 231 228 228 231 232 232 233 228 228 233 220 220 229 228 212 223 213 213 229 220 220 214 213 220 233 222 222 221 220 237 234 235 235 236 237 237 236 217 217 238 237 237 238 232 232 239 237 237 239 240 240 234 237 217 236 241 241 218 217 217 216 222 222 238 217 232 238 222 222 233 232 232 231 242 242 239 232 76 243 78 78 243 244 244 245 78 78 245 82 82 79 78 243 246 244 244 246 247 247 248 244 244 248 249 249 245 244 82 245 249 249 250 82 82 250 100 100 83 82 249 248 251 251 252 249 249 252 253 253 250 249 254 255 256 256 255 257 257 258 256 256 258 259 259 260 256 256 260 247 247 254 256 259 258 261 261 262 259 259 262 263 263 264 259 259 264 251 251 260 259 246 254 247 247 260 251 251 248 247 251 264 253 253 252 251 95 94 100 100 265 95 95 265 263 263 266 95 95 266 137 137 88 95 100 250 253 253 265 100 263 265 253 253 264 263 263 262 267 267 266 263 137 266 267 267 268 137 137 268 140 140 138 137 267 262 261 261 269 267 267 269 270 270 268 267 140 268 270 270 271 140 140 271 119 119 118 140 270 269 272 272 273 270 270 273 274 274 271 270 255 275 257 257 275 276 276 277 257 257 277 261 261 258 257 275 278 276 276 278 279 279 280 276 276 280 272 272 277 276 261 277 272 272 269 261 272 280 281 281 273 272 285 282 283 283 284 285 285 284 286 286 287 285 285 287 279 279 288 285 288 282 285 286 284 289 289 290 286 286 290 291 291 292 286 286 292 281 281 287 286 279 287 281 281 280 279 278 288 279 281 292 274 274 273 281 113 293 25 25 23 113 113 112 119 119 294 113 113 294 291 291 293 113 119 271 274 274 294 119 291 290 295 295 293 291 291 294 274 274 292 291 25 293 295 295 296 25 25 296 29 29 26 25 295 290 289 289 297 295 295 297 298 298 296 295 29 296 298 298 299 29 29 299 45 45 30 29 298 297 300 300 301 298 298 301 302 302 299 298 282 303 283 283 303 304 304 305 283 283 305 289 289 284 283 303 306 304 304 306 307 307 308 304 304 308 300 300 305 304 289 305 300 300 297 289 300 308 309 309 301 300 310 311 312 312 311 313 313 314 312 312 314 307 307 315 312 315 310 312 311 316 313 313 316 317 317 318 313 313 318 309 309 314 313 307 314 309 309 308 307 306 315 307 309 318 302 302 301 309 319 35 41 41 40 45 45 320 41 41 320 317 317 319 41 45 299 302 302 320 45 316 319 317 317 320 302 302 318 317 321 322 323 323 322 324 324 325 323 323 325 326 326 327 323 323 327 328 328 321 323 322 329 324 324 329 330 330 331 324 324 331 332 332 325 324 326 325 332 332 333 326 326 333 334 334 335 326 326 335 336 336 327 326 332 331 337 337 338 332 332 338 339 339 333 332 340 341 342 342 341 343 343 344 342 342 344 345 345 346 342 342 346 330 330 340 342 345 344 347 347 348 345 345 348 349 349 350 345 345 350 337 337 346 345 329 340 330 330 346 337 337 331 330 337 350 351 351 338 337 355 352 353 353 354 355 355 354 356 356 357 355 355 357 349 349 358 355 355 358 359 359 352 355 356 354 360 360 361 356 356 361 362 362 363 356 356 363 351 351 357 356 349 357 351 351 350 349 349 348 364 364 358 349 351 363 339 339 338 351 368 365 366 366 367 368 368 367 369 369 370 368 368 370 334 334 371 368 368 371 362 362 365 368 334 370 372 372 335 334 334 333 339 339 371 334 362 361 373 373 365 362 362 371 339 339 363 362 366 365 373 373 374 366 366 374 375 375 376 366 366 376 377 377 367 366 373 361 360 360 378 373 373 378 379 379 374 373 375 374 379 379 380 375 375 380 381 381 382 375 375 382 383 383 376 375 379 378 384 384 385 379 379 385 386 386 380 379 353 352 387 387 388 353 353 388 389 389 390 353 353 390 360 360 354 353 389 388 391 391 392 389 389 392 393 393 394 389 389 394 384 384 390 389 360 390 384 384 378 360 384 394 395 395 385 384 399 396 397 397 398 399 399 398 400 400 401 399 399 401 393 393 402 399 399 402 403 403 396 399 400 398 404 404 405 400 400 405 406 406 407 400 400 407 395 395 401 400 393 401 395 395 394 393 393 392 408 408 402 393 395 407 386 386 385 395 412 409 410 410 411 412 412 411 413 413 414 412 412 414 381 381 415 412 412 415 406 406 409 412 381 414 416 416 382 381 381 380 386 386 415 381 406 405 417 417 409 406 406 415 386 386 407 406 410 409 417 417 418 410 410 418 419 419 420 410 410 420 421 421 411 410 417 405 404 404 422 417 417 422 423 423 418 417 419 418 423 423 424 419 419 424 425 425 426 419 419 426 427 427 420 419 423 422 428 428 429 423 423 429 430 430 424 423 397 396 431 431 432 397 397 432 433 433 434 397 397 434 404 404 398 397 433 432 435 435 436 433 433 436 437 437 438 433 433 438 428 428 434 433 404 434 428 428 422 404 428 438 439 439 429 428 443 440 441 441 442 443 443 442 444 444 445 443 445 437 446 445 446 443 443 446 447 447 440 443 444 442 448 448 449 444 444 449 450 450 451 444 444 451 439 439 445 444 437 445 439 439 438 437 437 436 452 452 446 437 439 451 430 430 429 439 456 453 454 454 455 456 456 455 457 457 458 456 456 458 425 425 459 456 456 459 450 450 453 456 425 458 460 460 426 425 425 424 430 430 459 425 450 449 461 461 453 450 450 459 430 430 451 450 454 453 461 461 462 454 454 462 463 463 464 454 454 464 465 465 455 454 461 449 448 448 466 461 461 466 467 467 462 461 463 462 467 467 468 463 463 468 469 469 470 463 463 470 471 471 464 463 467 466 472 472 473 467 467 473 474 474 468 467 440 475 441 441 475 476 476 477 441 441 477 448 448 442 441 475 478 476 476 478 479 479 480 476 476 480 472 472 477 476 448 477 472 472 466 448 472 480 474 474 473 472 482 167 174 174 481 482 482 481 469 469 483 482 482 483 479 479 484 482 484 167 482 469 481 485 485 470 469 469 468 474 474 483 469 479 483 474 474 480 479 478 484 479 486 487 488 488 487 489 489 490 488 488 490 491 491 492 488 488 492 493 493 486 488 487 494 489 489 494 495 495 496 489 489 496 497 497 490 489 491 490 497 497 498 491 491 498 499 499 500 491 491 500 501 501 492 491 497 496 502 502 503 497 497 503 504 504 498 497 505 141 506 506 141 148 148 507 506 506 507 508 508 509 506 506 509 495 495 505 506 508 507 510 510 511 508 508 511 512 512 513 508 508 513 502 502 509 508 494 505 495 495 509 502 502 496 495 502 513 504 504 503 502 517 514 515 515 516 517 517 516 499 499 518 517 517 518 512 512 519 517 517 519 520 520 514 517 499 516 521 521 500 499 499 498 504 504 518 499 512 518 504 504 513 512 512 511 522 522 519 512 520 519 522 522 523 520 520 523 524 524 525 520 520 525 526 526 514 520 522 511 510 510 527 522 522 527 528 528 523 522 524 523 528 528 529 524 524 529 530 530 531 524 524 531 532 532 525 524 528 527 533 533 534 528 528 534 535 535 529 528 148 147 156 156 536 148 148 536 510 510 507 148 156 155 166 166 537 156 156 537 533 533 536 156 510 536 533 533 527 510 533 537 538 538 534 533 163 53 61 61 539 163 163 539 540 540 541 163 163 541 166 166 164 163 540 539 542 542 543 540 540 543 544 544 545 540 540 545 538 538 541 540 166 541 538 538 537 166 538 545 535 535 534 538 549 546 547 547 548 549 549 548 550 550 551 549 549 551 530 530 552 549 549 552 544 544 546 549 530 551 553 553 531 530 530 529 535 535 552 530 544 543 554 554 546 544 544 552 535 535 545 544 547 546 554 554 555 547 547 555 556 556 557 547 547 557 558 558 548 547 554 543 542 542 559 554 554 559 560 560 555 554 556 555 560 560 561 556 556 561 562 562 563 556 556 563 564 564 557 556 560 559 565 565 566 560 560 566 567 567 561 560 61 60 70 70 568 61 61 568 542 542 539 61 70 69 108 108 569 70 70 569 565 565 568 70 542 568 565 565 559 542 565 569 570 570 566 565 105 103 134 134 571 105 105 571 572 572 573 105 105 573 108 108 106 105 572 571 574 574 575 572 572 575 576 576 577 572 572 577 570 570 573 572 108 573 570 570 569 108 570 577 567 567 566 570 581 578 579 579 580 581 581 580 582 582 583 581 581 583 562 562 584 581 581 584 576 576 578 581 562 583 585 585 563 562 562 561 567 567 584 562 576 575 586 586 578 576 576 584 567 567 577 576 579 578 586 586 587 579 579 587 588 588 589 579 579 589 590 590 580 579 586 575 574 574 591 586 586 591 592 592 587 586 588 587 592 592 593 588 588 593 594 594 595 588 588 595 596 596 589 588 592 591 597 597 598 592 592 598 599 599 593 592 134 133 136 136 600 134 134 600 574 574 571 134 136 128 127 127 601 136 136 601 597 597 600 136 574 600 597 597 591 574 597 601 602 602 598 597 123 0 8 8 603 123 123 603 604 604 605 123 123 605 127 127 124 123 604 603 606 606 607 604 604 607 608 608 609 604 604 609 602 602 605 604 127 605 602 602 601 127 602 609 599 599 598 602 613 610 611 611 612 613 613 612 614 614 615 613 613 615 594 594 616 613 613 616 608 608 610 613 594 615 617 617 595 594 594 593 599 599 616 594 608 607 618 618 610 608 608 616 599 599 609 608 611 610 618 618 619 611 611 619 620 620 621 611 611 621 622 622 612 611 618 607 606 606 623 618 618 623 624 624 619 618 620 619 624 624 625 620 620 625 626 626 627 620 620 627 628 628 621 620 624 623 629 629 630 624 624 630 631 631 625 624 8 7 17 17 632 8 8 632 606 606 603 8 17 16 52 52 633 17 17 633 629 629 632 17 606 632 629 629 623 606 629 633 634 634 630 629 47 635 49 49 635 636 636 637 49 49 637 52 52 50 49 635 638 636 636 638 639 639 640 636 636 640 634 634 637 636 52 637 634 634 633 52 634 640 631 631 630 634 641 642 643 643 642 644 644 645 643 643 645 626 626 646 643 643 646 639 639 641 643 626 645 647 647 627 626 626 625 631 631 646 626 638 641 639 639 646 631 631 640 639 341 648 343 343 648 649 649 650 343 343 650 347 347 344 343 648 651 649 649 651 652 652 653 649 649 653 654 654 650 649 347 650 654 654 655 347 347 655 364 364 348 347 654 653 656 656 657 654 654 657 658 658 655 654 659 660 661 660 662 661 661 662 663 663 664 661 661 664 652 652 659 661 662 665 663 663 665 666 666 667 663 663 667 656 656 664 663 651 659 652 652 664 656 656 653 652 656 667 668 668 657 656 672 669 670 670 671 672 672 671 673 673 674 672 672 674 666 666 675 672 675 669 672 673 671 676 676 677 673 673 677 678 678 679 673 673 679 668 668 674 673 666 674 668 668 667 666 665 675 666 668 679 658 658 657 668 359 680 387 387 352 359 359 358 364 364 681 359 359 681 678 678 680 359 364 655 658 658 681 364 678 677 682 682 680 678 678 681 658 658 679 678 387 680 682 682 683 387 387 683 391 391 388 387 682 677 676 676 684 682 682 684 685 685 683 682 391 683 685 685 686 391 391 686 408 408 392 391 685 684 687 687 688 685 685 688 689 689 686 685 669 690 670 690 691 692 690 692 670 670 692 676 676 671 670 690 693 691 691 693 694 694 695 691 691 695 687 687 692 691 676 692 687 687 684 676 687 695 696 696 688 687 700 697 698 698 699 700 700 699 701 701 702 700 700 702 694 694 703 700 703 697 700 701 699 704 704 705 701 701 705 706 706 707 701 701 707 696 696 702 701 694 702 696 696 695 694 693 703 694 696 707 689 689 688 696 403 708 431 431 396 403 403 402 408 408 709 403 403 709 706 706 708 403 408 686 689 689 709 408 706 705 710 710 708 706 706 709 689 689 707 706 431 708 710 710 711 431 431 711 435 435 432 431 710 705 704 704 712 710 710 712 713 713 711 710 435 711 713 713 714 435 435 714 452 452 436 435 713 712 715 715 716 713 713 716 717 717 714 713 697 718 698 698 718 719 719 720 698 698 720 704 704 699 698 718 721 719 719 721 722 722 723 719 719 723 715 715 720 719 704 720 715 715 712 704 715 723 717 717 716 715 447 446 452 452 724 447 447 724 722 722 725 447 725 440 447 452 714 717 717 724 452 722 724 717 717 723 722 721 725 722 174 173 182 182 726 174 174 726 485 485 481 174 182 181 204 204 727 182 182 727 728 728 726 182 485 726 728 728 729 485 485 729 471 471 470 485 728 727 730 730 731 728 728 731 732 732 729 728 198 197 733 733 734 198 198 734 735 735 736 198 198 736 204 204 199 198 735 734 737 737 738 735 735 738 739 739 740 735 735 740 730 730 736 735 204 736 730 730 727 204 730 740 741 741 731 730 745 742 743 743 744 745 745 744 746 746 747 745 745 747 739 739 748 745 745 748 749 749 742 745 746 744 750 750 751 746 746 751 752 752 753 746 746 753 741 741 747 746 739 747 741 741 740 739 739 738 754 754 748 739 741 753 732 732 731 741 465 755 457 457 455 465 465 464 471 471 756 465 465 756 752 752 755 465 471 729 732 732 756 471 752 751 757 757 755 752 752 756 732 732 753 752 457 755 757 757 758 457 457 758 460 460 458 457 757 751 750 750 759 757 757 759 760 760 758 757 460 758 760 760 761 460 460 761 427 427 426 460 760 759 762 762 763 760 760 763 764 764 761 760 743 742 765 765 766 743 743 766 767 767 768 743 743 768 750 750 744 743 767 766 769 769 770 767 767 770 771 771 772 767 767 772 762 762 768 767 750 768 762 762 759 750 762 772 773 773 763 762 777 774 775 775 776 777 777 776 778 778 779 777 777 779 771 771 780 777 777 780 781 781 774 777 778 776 782 782 783 778 778 783 784 784 785 778 778 785 773 773 779 778 771 779 773 773 772 771 771 770 786 786 780 771 773 785 764 764 763 773 421 787 413 413 411 421 421 420 427 427 788 421 421 788 784 784 787 421 427 761 764 764 788 427 784 783 789 789 787 784 784 788 764 764 785 784 413 787 789 789 790 413 413 790 416 416 414 413 789 783 782 782 791 789 789 791 792 792 790 789 416 790 792 792 793 416 416 793 383 383 382 416 792 791 794 794 795 792 792 795 796 796 793 792 775 774 797 797 798 775 775 798 799 799 800 775 775 800 782 782 776 775 799 798 801 801 802 799 799 802 803 803 804 799 799 804 794 794 800 799 782 800 794 794 791 782 794 804 805 805 795 794 809 806 807 807 808 809 809 808 810 810 811 809 809 811 803 803 812 809 809 812 813 813 806 809 810 808 814 814 815 810 810 815 816 816 817 810 810 817 805 805 811 810 803 811 805 805 804 803 803 802 818 818 812 803 805 817 796 796 795 805 377 819 369 369 367 377 377 376 383 383 820 377 377 820 816 816 819 377 383 793 796 796 820 383 816 815 821 821 819 816 816 820 796 796 817 816 369 819 821 821 822 369 369 822 372 372 370 369 821 815 814 814 823 821 821 823 824 824 822 821 372 822 824 824 825 372 372 825 336 336 335 372 824 823 826 826 827 824 824 827 828 828 825 824 807 806 829 829 830 807 807 830 831 831 832 807 807 832 814 814 808 807 831 830 833 833 834 831 814 832 826 826 823 814 328 327 336 336 835 328 336 825 828 828 835 336 189 211 219 219 836 189 189 836 193 193 190 189 219 218 241 241 837 219 219 837 838 838 836 219 193 836 838 838 839 193 193 839 205 205 194 193 838 837 840 840 841 838 838 841 842 842 839 838 235 234 843 843 844 235 235 844 845 845 846 235 235 846 241 241 236 235 845 844 847 847 848 845 845 848 849 849 850 845 845 850 840 840 846 845 241 846 840 840 837 241 840 850 851 851 841 840 855 852 853 853 854 855 855 854 856 856 857 855 855 857 849 849 858 855 855 858 859 859 852 855 856 854 860 860 861 856 856 861 862 862 863 856 856 863 851 851 857 856 849 857 851 851 850 849 849 848 864 864 858 849 851 863 842 842 841 851 203 865 733 733 197 203 203 202 205 205 866 203 203 866 862 862 865 203 205 839 842 842 866 205 862 861 867 867 865 862 862 866 842 842 863 862 733 865 867 867 868 733 733 868 737 737 734 733 867 861 860 860 869 867 867 869 870 870 868 867 737 868 870 870 871 737 737 871 754 754 738 737 870 869 872 872 873 870 870 873 874 874 871 870 853 852 875 875 876 853 853 876 877 877 878 853 853 878 860 860 854 853 877 876 879 879 880 877 877 880 881 881 882 877 877 882 872 872 878 877 860 878 872 872 869 860 872 882 883 883 873 872 887 884 885 885 886 887 887 886 888 888 889 887 887 889 881 881 890 887 887 890 891 891 884 887 888 886 892 892 893 888 888 893 894 894 895 888 888 895 883 883 889 888 881 889 883 883 882 881 881 880 896 896 890 881 883 895 874 874 873 883 749 897 765 765 742 749 749 748 754 754 898 749 749 898 894 894 897 749 754 871 874 874 898 754 894 893 899 899 897 894 894 898 874 874 895 894 765 897 899 899 900 765 765 900 769 769 766 765 899 893 892 892 901 899 899 901 902 902 900 899 769 900 902 902 903 769 769 903 786 786 770 769 902 901 904 904 905 902 902 905 906 906 903 902 885 884 907 907 908 885 885 908 909 909 910 885 885 910 892 892 886 885 909 908 911 911 912 909 909 912 913 913 914 909 909 914 904 904 910 909 892 910 904 904 901 892 904 914 915 915 905 904 919 916 917 917 918 919 919 918 920 920 921 919 919 921 913 913 922 919 919 922 923 923 916 919 920 918 924 924 925 920 920 925 926 926 927 920 920 927 915 915 921 920 913 921 915 915 914 913 913 912 928 928 922 913 915 927 906 906 905 915 781 929 797 797 774 781 781 780 786 786 930 781 781 930 926 926 929 781 786 903 906 906 930 786 926 925 931 931 929 926 926 930 906 906 927 926 797 929 931 931 932 797 797 932 801 801 798 797 931 925 924 924 933 931 931 933 934 934 932 931 801 932 934 934 935 801 801 935 818 818 802 801 934 933 936 936 937 934 934 937 938 938 935 934 917 916 939 939 940 917 917 940 941 941 942 917 917 942 924 924 918 917 941 940 943 943 944 941 941 944 945 945 946 941 941 946 936 936 942 941 924 942 936 936 933 924 936 946 947 947 937 936 951 948 949 949 950 951 951 950 952 952 953 951 951 953 945 945 954 951 951 954 955 955 948 951 952 950 956 956 957 952 952 957 958 958 959 952 952 959 947 947 953 952 945 953 947 947 946 945 945 944 960 960 954 945 947 959 938 938 937 947 813 961 829 829 806 813 813 812 818 818 962 813 813 962 958 958 961 813 818 935 938 938 962 818 958 957 963 963 961 958 958 962 938 938 959 958 829 961 963 963 964 829 829 964 833 833 830 829 963 957 956 956 965 963 963 965 966 966 964 963 949 948 967 967 968 949 949 968 969 969 970 949 949 970 956 956 950 949 968 971 972 968 972 969 224 973 226 226 973 974 974 975 226 226 975 230 230 227 226 973 976 974 974 976 977 977 978 974 974 978 979 979 975 974 230 975 979 979 980 230 230 980 242 242 231 230 979 978 981 981 982 979 979 982 983 983 980 979 984 486 985 985 486 493 493 986 985 985 986 987 987 988 985 985 988 977 977 984 985 987 986 989 989 990 987 987 990 991 991 992 987 987 992 981 981 988 987 976 984 977 977 988 981 981 978 977 981 992 983 983 982 981 240 239 242 242 993 240 240 993 991 991 994 240 240 994 843 843 234 240 242 980 983 983 993 242 991 993 983 983 992 991 991 990 995 995 994 991 843 994 995 995 996 843 843 996 847 847 844 843 995 990 989 989 997 995 995 997 998 998 996 995 847 996 998 998 999 847 847 999 864 864 848 847 998 997 1000 1000 1001 998 998 1001 1002 1002 999 998 493 492 501 501 1003 493 493 1003 989 989 986 493 501 500 521 521 1004 501 501 1004 1000 1000 1003 501 989 1003 1000 1000 997 989 1000 1004 1005 1005 1001 1000 515 514 526 526 1006 515 515 1006 1007 1007 1008 515 515 1008 521 521 516 515 1007 1006 1009 1009 1010 1007 1007 1010 1011 1011 1012 1007 1007 1012 1005 1005 1008 1007 521 1008 1005 1005 1004 521 1005 1012 1002 1002 1001 1005 859 1013 875 875 852 859 859 858 864 864 1014 859 859 1014 1011 1011 1013 859 864 999 1002 1002 1014 864 1011 1010 1015 1015 1013 1011 1011 1014 1002 1002 1012 1011 875 1013 1015 1015 1016 875 875 1016 879 879 876 875 1015 1010 1009 1009 1017 1015 1015 1017 1018 1018 1016 1015 879 1016 1018 1018 1019 879 879 1019 896 896 880 879 1018 1017 1020 1020 1021 1018 1018 1021 1022 1022 1019 1018 526 525 532 532 1023 526 526 1023 1009 1009 1006 526 532 531 553 553 1024 532 532 1024 1020 1020 1023 532 1009 1023 1020 1020 1017 1009 1020 1024 1025 1025 1021 1020 550 548 558 558 1026 550 550 1026 1027 1027 1028 550 550 1028 553 553 551 550 1027 1026 1029 1029 1030 1027 1027 1030 1031 1031 1032 1027 1027 1032 1025 1025 1028 1027 553 1028 1025 1025 1024 553 1025 1032 1022 1022 1021 1025 891 1033 907 907 884 891 891 890 896 896 1034 891 891 1034 1031 1031 1033 891 896 1019 1022 1022 1034 896 1031 1030 1035 1035 1033 1031 1031 1034 1022 1022 1032 1031 907 1033 1035 1035 1036 907 907 1036 911 911 908 907 1035 1030 1029 1029 1037 1035 1035 1037 1038 1038 1036 1035 911 1036 1038 1038 1039 911 911 1039 928 928 912 911 1038 1037 1040 1040 1041 1038 1038 1041 1042 1042 1039 1038 558 557 564 564 1043 558 558 1043 1029 1029 1026 558 564 563 585 585 1044 564 564 1044 1040 1040 1043 564 1029 1043 1040 1040 1037 1029 1040 1044 1045 1045 1041 1040 582 580 590 590 1046 582 582 1046 1047 1047 1048 582 582 1048 585 585 583 582 1047 1046 1049 1049 1050 1047 1047 1050 1051 1051 1052 1047 1047 1052 1045 1045 1048 1047 585 1048 1045 1045 1044 585 1045 1052 1042 1042 1041 1045 923 1053 939 939 916 923 923 922 928 928 1054 923 923 1054 1051 1051 1053 923 928 1039 1042 1042 1054 928 1051 1050 1055 1055 1053 1051 1051 1054 1042 1042 1052 1051 939 1053 1055 1055 1056 939 939 1056 943 943 940 939 1055 1050 1049 1049 1057 1055 1055 1057 1058 1058 1056 1055 943 1056 1058 1058 1059 943 943 1059 960 960 944 943 1058 1057 1060 1060 1061 1058 1058 1061 1062 1062 1059 1058 590 589 596 596 1063 590 590 1063 1049 1049 1046 590 596 595 617 617 1064 596 596 1064 1060 1060 1063 596 1049 1063 1060 1060 1057 1049 1060 1064 1065 1065 1061 1060 614 612 622 622 1066 614 614 1066 1067 1067 1068 614 614 1068 617 617 615 614 1067 1066 1069 1069 1070 1067 1067 1070 1071 1071 1072 1067 1067 1072 1065 1065 1068 1067 617 1068 1065 1065 1064 617 1065 1072 1062 1062 1061 1065 955 1073 967 967 948 955 955 954 960 960 1074 955 955 1074 1071 1071 1073 955 960 1059 1062 1062 1074 960 1071 1070 1075 1075 1073 1071 1071 1074 1062 1062 1072 1071 967 1073 1075 1075 1076 967 967 1076 971 971 968 967 1075 1070 1069 1069 1077 1075 1075 1077 1078 1078 1076 1075 971 1076 1078 1078 1079 971 1078 1077 1080 1080 1081 1078 1078 1081 1082 1082 1079 1078 622 621 628 628 1083 622 622 1083 1069 1069 1066 622 628 627 647 647 1084 628 628 1084 1080 1080 1083 628 1069 1083 1080 1080 1077 1069 1080 1084 1085 1085 1081 1080 642 1086 644 644 1086 1087 1087 1088 644 644 1088 647 647 645 644 1087 1089 1085 1085 1088 1087 647 1088 1085 1085 1084 647 1085 1089 1082 1082 1081 1085 </p>
        </polylist>
      </mesh>
    </geometry>
    <geometry id="meshId2" name="meshId2_name" >
      <mesh>
        <source id="meshId2-positions" name="meshId2-positions">
          <float_array id="meshId2-positions-array" count="5760"> -0.328702 0.0346606 -0.00415012 -0.328704 0.0346609 -0.0107711 -0.344161 0.0369491 -0.00662502 -0.344159 0.0369487 -0.00415012 -0.312944 0.0323279 -0.00415012 -0.312945 0.032328 -0.0148306 -0.297133 0.0299874 -0.00415012 -0.297133 0.0299874 -0.0189226 -0.28129 0.0276421 -0.00415012 -0.28129 0.027642 -0.0225269 -0.265428 0.0252939 -0.00415012 -0.265428 0.0252939 -0.0245576 -0.249554 0.0229441 -0.00415012 -0.249554 0.022944 -0.0257984 -0.233675 0.0205933 -0.00415012 -0.233674 0.0205932 -0.0264168 -0.217793 0.0182422 -0.0264194 -0.217793 0.0182423 -0.00415012 -0.201914 0.0158916 -0.0258066 -0.201914 0.0158917 -0.00415012 -0.186042 0.013542 -0.0245732 -0.186042 0.0135421 -0.00415012 -0.170183 0.0111943 -0.0227069 -0.170183 0.0111944 -0.00415012 -0.154345 0.00884986 -0.0200314 -0.154346 0.00884992 -0.00415012 -0.138545 0.00651085 -0.0157519 -0.138545 0.00651086 -0.00415012 -0.122805 0.00418074 -0.0109539 -0.122804 0.00418063 -0.00415012 -0.107005 0.00184187 -0.00615938 -0.107003 0.00184154 -0.00415012 -0.344161 0.0369491 -0.00167521 -0.328704 0.0346608 0.0024709 -0.312945 0.032328 0.00653034 -0.297133 0.0299874 0.0106224 -0.28129 0.027642 0.0142266 -0.265428 0.0252938 0.0162573 -0.249554 0.0229439 0.0174981 -0.233674 0.0205932 0.0181166 -0.217793 0.0182422 0.0181192 -0.201914 0.0158916 0.0175063 -0.186042 0.013542 0.016273 -0.170183 0.0111943 0.0144066 -0.154345 0.00884982 0.0117311 -0.138545 0.00651083 0.00745162 -0.122805 0.00418072 0.00265367 -0.107005 0.00184187 -0.00214086 -0.305583 0.0244034 -0.00414635 -0.291254 0.02249 -0.00414635 -0.297303 0.0288431 -0.0153539 -0.313151 0.0309327 -0.0120806 -0.276909 0.0204742 -0.00414635 -0.28144 0.0266331 -0.0179112 -0.262557 0.0184079 -0.00414635 -0.265566 0.0243627 -0.019801 -0.2482 0.016313 -0.00414635 -0.249685 0.0220565 -0.02105 -0.233843 0.0141991 -0.00414635 -0.233803 0.0197258 -0.0216721 -0.219486 0.0120697 -0.00414635 -0.217921 0.0173751 -0.0216734 -0.205131 0.00992395 -0.00414635 -0.202045 0.0150055 -0.0210543 -0.190781 0.00775647 -0.00414635 -0.186179 0.0126139 -0.01981 -0.176438 0.00555311 -0.00414635 -0.170331 0.0101923 -0.0179288 -0.162108 0.00327897 -0.00414635 -0.154512 0.00772182 -0.0153891 -0.147801 0.000838675 -0.00414635 -0.138744 0.00515955 -0.0121548 -0.132321 -0.00152525 -0.00414635 -0.123067 0.00240194 -0.00818184 -0.328987 0.0327454 -0.00802672 -0.31977 0.037362 -0.0183431 -0.336919 0.039547 -0.0116571 -0.30259 0.035036 -0.0238849 -0.285385 0.0326272 -0.0282979 -0.268163 0.0301657 -0.0315966 -0.25093 0.0276673 -0.033791 -0.233693 0.0251404 -0.0348873 -0.216457 0.0225893 -0.0348886 -0.199227 0.0200148 -0.033795 -0.182009 0.017415 -0.0316043 -0.164813 0.0147842 -0.0283113 -0.147648 0.0121108 -0.0239078 -0.13053 0.00937259 -0.0183832 -0.113481 0.0065285 -0.01173 -0.109789 -0.000394475 -0.00414635 -0.0971005 0.00351411 -0.00414635 -0.325614 0.0435646 -0.0232255 -0.343997 0.0460228 -0.0144001 -0.307216 0.0410304 -0.0305791 -0.288804 0.0384396 -0.0364599 -0.270381 0.035805 -0.0408689 -0.251951 0.0331349 -0.0438077 -0.233519 0.0304346 -0.0452774 -0.215088 0.0277068 -0.0452787 -0.196663 0.0249523 -0.0438117 -0.17825 0.0221699 -0.0408761 -0.159852 0.0193563 -0.036471 -0.141477 0.0165054 -0.0305956 -0.123132 0.0136078 -0.0232505 -0.104823 0.0106493 -0.0144392 -0.0866775 0.00753397 -0.00414634 -0.362342 0.0484537 -0.00414634 -0.350135 0.0522412 -0.0163417 -0.369645 0.0549024 -0.00414635 -0.33065 0.0495317 -0.0267601 -0.31117 0.0467891 -0.0354435 -0.291694 0.0440159 -0.042391 -0.272223 0.0412142 -0.0476022 -0.252754 0.0383855 -0.0510769 -0.23329 0.0355308 -0.0528148 -0.213828 0.0326507 -0.0528162 -0.19437 0.0297454 -0.0510811 -0.174916 0.0268143 -0.0476092 -0.155466 0.0238569 -0.0424008 -0.136021 0.0208718 -0.0354567 -0.116581 0.0178578 -0.0267779 -0.097145 0.0148134 -0.0163665 -0.0777394 0.0116427 -0.00414635 -0.355314 0.0582123 -0.017528 -0.375716 0.0611044 -0.00414635 -0.334878 0.0552378 -0.0289763 -0.314468 0.0522593 -0.0385061 -0.294081 0.0492764 -0.0461222 -0.273715 0.0462886 -0.0518292 -0.253366 0.0432949 -0.0556315 -0.233028 0.0402943 -0.0575323 -0.212695 0.0372858 -0.0575335 -0.19236 0.0342682 -0.0556351 -0.172015 0.0312408 -0.0518351 -0.151656 0.0282029 -0.0461306 -0.131279 0.0251542 -0.0385171 -0.11088 0.0220949 -0.0289903 -0.0904586 0.0190254 -0.017546 -0.070099 0.0158582 -0.00414635 -0.338329 0.0606619 -0.0299246 -0.359542 0.0639349 -0.0179952 -0.317156 0.0574021 -0.0398514 -0.29602 0.0541624 -0.0477829 -0.274915 0.0509489 -0.0537253 -0.253832 0.0477659 -0.0576841 -0.232762 0.0446157 -0.0596627 -0.211692 0.0414986 -0.059663 -0.190613 0.0384128 -0.0576853 -0.169513 0.0353549 -0.0537279 -0.148383 0.0323196 -0.0477875 -0.127215 0.0293002 -0.0398587 -0.106006 0.0262889 -0.0299349 -0.0847539 0.0232775 -0.0180085 -0.06369 0.0201902 -0.00414634 -0.340949 0.0662377 -0.0298032 -0.362778 0.0697249 -0.0179178 -0.31917 0.0627691 -0.0397 -0.297436 0.0593332 -0.0476152 -0.275733 0.0559424 -0.0535524 -0.25405 0.0526065 -0.0575119 -0.232374 0.0493312 -0.0594922 -0.210694 0.0461186 -0.059492 -0.188999 0.0429672 -0.057511 -0.167279 0.0398718 -0.0535499 -0.145524 0.0368236 -0.0476098 -0.123726 0.0338103 -0.0396905 -0.101878 0.0308171 -0.029789 -0.0799773 0.0278287 -0.0178992 -0.0583203 0.0247964 -0.00414634 -0.329938 0.0307883 -0.0112312 -0.320522 0.0238852 -0.00717223 -0.334893 0.0260126 -0.00717223 -0.345884 0.0331247 -0.00717224 -0.313993 0.0284485 -0.0147104 -0.306151 0.0217579 -0.00717223 -0.298048 0.0261054 -0.0176097 -0.291781 0.0196306 -0.00717223 -0.282104 0.0237589 -0.0199291 -0.27741 0.0175032 -0.00717223 -0.266161 0.021409 -0.0216687 -0.263039 0.0153759 -0.00717223 -0.250218 0.0190558 -0.0228284 -0.248669 0.0132485 -0.00717223 -0.234275 0.0166991 -0.0234083 -0.234298 0.0111212 -0.00717223 -0.218333 0.0143392 -0.0234083 -0.219928 0.00899381 -0.00717223 -0.202392 0.0119759 -0.0228284 -0.205557 0.00686646 -0.00717223 -0.186451 0.00960919 -0.0216687 -0.191186 0.00473912 -0.00717223 -0.17051 0.00723912 -0.0199291 -0.176816 0.00261177 -0.00717223 -0.15457 0.00486567 -0.0176097 -0.162445 0.000484422 -0.00717223 -0.138631 0.00248886 -0.0147104 -0.148074 -0.00164293 -0.00717223 -0.122692 0.000108682 -0.0112313 -0.133704 -0.00377027 -0.00717223 -0.106753 -0.00227485 -0.00717224 -0.119333 -0.00589763 -0.00717223 -0.338332 0.0375387 -0.0146094 -0.355694 0.0400687 -0.00717224 -0.320971 0.0350031 -0.0209842 -0.30361 0.0324619 -0.0262965 -0.286251 0.029915 -0.0305463 -0.268892 0.0273625 -0.0337337 -0.251534 0.0248045 -0.0358586 -0.234178 0.0222408 -0.036921 -0.216821 0.0196715 -0.036921 -0.199466 0.0170966 -0.0358586 -0.182112 0.014516 -0.0337337 -0.164758 0.0119299 -0.0305463 -0.147405 0.00933815 -0.0262965 -0.130053 0.00674075 -0.0209842 -0.112702 0.00413777 -0.0146094 -0.0953519 0.00152919 -0.00717224 -0.345703 0.0441365 -0.0173068 -0.364323 0.0468447 -0.00717223 -0.327084 0.0414216 -0.0259936 -0.308466 0.0386999 -0.0332326 -0.289849 0.0359715 -0.0390238 -0.271234 0.0332364 -0.0433672 -0.252619 0.0304945 -0.0462628 -0.234005 0.0277459 -0.0477106 -0.215392 0.0249905 -0.0477106 -0.19678 0.0222285 -0.0462628 -0.178169 0.0194596 -0.0433672 -0.159559 0.0166841 -0.0390238 -0.14095 0.0139018 -0.0332326 -0.122342 0.0111128 -0.0259936 -0.103735 0.00831701 -0.0173068 -0.0851296 0.00551453 -0.00717223 -0.352052 0.0505817 -0.0193234 -0.371771 0.0534526 -0.00717223 -0.332334 0.047704 -0.0297387 -0.312616 0.0448196 -0.038418 -0.2929 0.0419284 -0.0453616 -0.273185 0.0390305 -0.0505692 -0.25347 0.0361259 -0.0540409 -0.233757 0.0332145 -0.0557768 -0.214045 0.0302964 -0.0557768 -0.194333 0.0273716 -0.0540409 -0.174623 0.02444 -0.0505692 -0.154914 0.0215017 -0.0453616 -0.135205 0.0185567 -0.0384181 -0.115498 0.0156049 -0.0297387 -0.0957916 0.0126464 -0.0193234 -0.0760862 0.00968112 -0.00717223 -0.357378 0.0568743 -0.0206591 -0.378039 0.0598925 -0.00717223 -0.336719 0.0538504 -0.0322193 -0.31606 0.0508209 -0.0418528 -0.295403 0.0477858 -0.0495596 -0.274746 0.044745 -0.0553396 -0.25409 0.0416987 -0.059193 -0.233434 0.0386468 -0.0611197 -0.21278 0.0355892 -0.0611197 -0.192126 0.032526 -0.059193 -0.171473 0.0294572 -0.0553396 -0.150821 0.0263828 -0.0495596 -0.13017 0.0233028 -0.0418528 -0.10952 0.0202171 -0.0322193 -0.0888704 0.0171259 -0.0206591 -0.0682218 0.014029 -0.00717223 -0.361683 0.0630142 -0.0213141 -0.383125 0.0661644 -0.00717223 -0.34024 0.0598607 -0.0334357 -0.318799 0.0567038 -0.043537 -0.297357 0.0535435 -0.0516179 -0.275917 0.0503799 -0.0576787 -0.254476 0.0472129 -0.0617192 -0.233036 0.0440425 -0.0637395 -0.211597 0.0408687 -0.0637395 -0.190158 0.0376916 -0.0617192 -0.16872 0.0345111 -0.0576787 -0.147282 0.0313273 -0.0516179 -0.125845 0.0281401 -0.043537 -0.104408 0.0249495 -0.0334357 -0.082972 0.0217555 -0.0213141 -0.0615362 0.0185582 -0.00717223 -0.364964 0.0690016 -0.0212882 -0.387031 0.0722682 -0.00717222 -0.342898 0.0657349 -0.0333876 -0.320831 0.0624683 -0.0434704 -0.298764 0.0592017 -0.0515368 -0.276697 0.055935 -0.0575864 -0.254631 0.0526684 -0.0616195 -0.232564 0.0494018 -0.0636361 -0.210497 0.0461351 -0.0636361 -0.18843 0.0428685 -0.0616196 -0.166363 0.0396018 -0.0575864 -0.144297 0.0363352 -0.0515368 -0.12223 0.0330686 -0.0434704 -0.100163 0.0298019 -0.0333876 -0.0780963 0.0265353 -0.0212882 -0.0560295 0.0232686 -0.00717222 -0.362778 0.0697249 -0.0179178 -0.340949 0.0662377 -0.0298032 -0.342898 0.0657349 -0.0333876 -0.364964 0.0690016 -0.0212882 -0.31917 0.0627691 -0.0397 -0.320831 0.0624683 -0.0434704 -0.297436 0.0593332 -0.0476152 -0.298764 0.0592017 -0.0515368 -0.275733 0.0559424 -0.0535524 -0.276697 0.055935 -0.0575864 -0.25405 0.0526065 -0.0575119 -0.254631 0.0526684 -0.0616195 -0.232374 0.0493312 -0.0594922 -0.232564 0.0494018 -0.0636361 -0.210694 0.0461186 -0.059492 -0.210497 0.0461351 -0.0636361 -0.188999 0.0429672 -0.057511 -0.18843 0.0428685 -0.0616196 -0.167279 0.0398718 -0.0535499 -0.166363 0.0396018 -0.0575864 -0.145524 0.0368236 -0.0476098 -0.144297 0.0363352 -0.0515368 -0.123726 0.0338103 -0.0396905 -0.12223 0.0330686 -0.0434704 -0.101878 0.0308171 -0.029789 -0.100163 0.0298019 -0.0333876 -0.0799773 0.0278287 -0.0178992 -0.0780963 0.0265353 -0.0212882 -0.0560295 0.0232686 -0.00717222 -0.0583203 0.0247964 -0.00414634 -0.057808 0.0246371 -0.00414634 -0.319966 0.0261373 -0.00414635 -0.343433 0.0346111 -0.00414635 -0.353853 0.0417435 -0.00414635 -0.357626 0.0446966 -0.00414635 -0.380569 0.0670701 -0.00414634 -0.384406 0.0730832 -0.00414634 -0.384976 0.0730773 -0.00414634 -0.384406 0.0730832 -0.00414634 -0.387031 0.0722682 -0.00717222 -0.305583 0.0244034 -0.00414635 -0.313151 0.0309327 0.00378786 -0.297303 0.0288431 0.00706116 -0.291254 0.02249 -0.00414635 -0.28144 0.0266331 0.00961848 -0.276909 0.0204742 -0.00414635 -0.265566 0.0243627 0.0115083 -0.262557 0.0184079 -0.00414635 -0.249685 0.0220565 0.0127573 -0.2482 0.016313 -0.00414635 -0.233803 0.0197258 0.0133794 -0.233843 0.0141991 -0.00414635 -0.217921 0.0173752 0.0133807 -0.219486 0.0120697 -0.00414635 -0.202045 0.0150055 0.0127616 -0.205131 0.00992395 -0.00414635 -0.186179 0.0126139 0.0115173 -0.190781 0.00775647 -0.00414635 -0.170331 0.0101922 0.00963614 -0.176438 0.00555311 -0.00414635 -0.154512 0.00772181 0.00709638 -0.162108 0.00327897 -0.00414635 -0.138744 0.00515955 0.0038621 -0.147801 0.000838675 -0.00414635 -0.123067 0.00240194 -0.00011086 -0.132321 -0.00152525 -0.00414635 -0.328987 0.0327454 -0.000265978 -0.336919 0.0395471 0.0033644 -0.31977 0.037362 0.0100504 -0.30259 0.035036 0.0155922 -0.285385 0.0326272 0.0200051 -0.268163 0.0301656 0.0233038 -0.25093 0.0276673 0.0254982 -0.233693 0.0251404 0.0265945 -0.216457 0.0225893 0.0265957 -0.199227 0.0200148 0.0255022 -0.182009 0.0174149 0.0233115 -0.164813 0.0147841 0.0200185 -0.147648 0.0121108 0.015615 -0.13053 0.00937258 0.0100905 -0.113481 0.00652851 0.00343735 -0.0971005 0.00351411 -0.00414635 -0.109789 -0.000394475 -0.00414635 -0.343997 0.0460228 0.00610739 -0.325614 0.0435646 0.0149328 -0.307216 0.0410304 0.0222864 -0.288804 0.0384396 0.0281672 -0.270381 0.035805 0.0325762 -0.251951 0.0331349 0.035515 -0.233519 0.0304346 0.0369847 -0.215088 0.0277068 0.036986 -0.196663 0.0249523 0.0355191 -0.17825 0.0221699 0.0325834 -0.159852 0.0193563 0.0281783 -0.141477 0.0165054 0.022303 -0.123132 0.0136077 0.0149578 -0.104823 0.0106493 0.00614654 -0.0866775 0.00753397 -0.00414634 -0.362342 0.0484537 -0.00414634 -0.369645 0.0549024 -0.00414635 -0.350135 0.0522412 0.00804902 -0.33065 0.0495317 0.0184674 -0.31117 0.0467891 0.0271508 -0.291694 0.0440159 0.0340983 -0.272223 0.0412142 0.0393097 -0.252755 0.0383854 0.0427843 -0.23329 0.0355308 0.0445224 -0.213828 0.0326507 0.0445238 -0.19437 0.0297454 0.0427885 -0.174916 0.0268143 0.0393166 -0.155466 0.0238569 0.0341082 -0.136021 0.0208718 0.027164 -0.116581 0.0178578 0.0184852 -0.097145 0.0148134 0.00807378 -0.0777394 0.0116427 -0.00414635 -0.375716 0.0611044 -0.00414635 -0.355314 0.0582123 0.00923536 -0.334878 0.0552377 0.0206836 -0.314468 0.0522593 0.0302134 -0.294081 0.0492764 0.0378297 -0.273715 0.0462886 0.0435367 -0.253366 0.0432949 0.047339 -0.233028 0.0402943 0.0492399 -0.212695 0.0372858 0.0492411 -0.19236 0.0342683 0.0473426 -0.172015 0.0312408 0.0435427 -0.151656 0.0282029 0.037838 -0.131279 0.0251542 0.0302244 -0.11088 0.0220949 0.0206976 -0.0904586 0.0190254 0.00925328 -0.070099 0.0158582 -0.00414635 -0.359542 0.0639349 0.00970247 -0.338329 0.0606619 0.0216319 -0.317156 0.0574021 0.0315587 -0.29602 0.0541623 0.0394902 -0.274915 0.0509489 0.0454329 -0.253832 0.0477659 0.0493917 -0.232762 0.0446157 0.0513702 -0.211692 0.0414986 0.0513705 -0.190613 0.0384128 0.0493928 -0.169513 0.0353549 0.0454355 -0.148383 0.0323196 0.0394948 -0.127215 0.0293002 0.031566 -0.106006 0.0262889 0.0216422 -0.0847539 0.0232775 0.00971579 -0.06369 0.0201902 -0.00414634 -0.362778 0.0697249 0.00962515 -0.340949 0.0662377 0.0215105 -0.31917 0.062769 0.0314073 -0.297436 0.0593331 0.0393226 -0.275733 0.0559424 0.0452597 -0.25405 0.0526065 0.0492192 -0.232374 0.0493311 0.0511995 -0.210694 0.0461185 0.0511993 -0.188999 0.0429672 0.0492183 -0.167279 0.0398718 0.0452572 -0.145524 0.0368236 0.0393171 -0.123726 0.0338102 0.0313978 -0.101878 0.0308171 0.0214963 -0.0799773 0.0278287 0.00960649 -0.0583203 0.0247964 -0.00414634 -0.329938 0.0307883 0.00293855 -0.345884 0.0331247 -0.00112046 -0.334893 0.0260126 -0.00112046 -0.320522 0.0238852 -0.00112046 -0.313993 0.0284485 0.0064177 -0.306151 0.0217579 -0.00112046 -0.298048 0.0261054 0.00931699 -0.291781 0.0196306 -0.00112046 -0.282104 0.0237589 0.0116364 -0.27741 0.0175032 -0.00112046 -0.266161 0.021409 0.013376 -0.263039 0.0153759 -0.00112046 -0.250218 0.0190558 0.0145357 -0.248669 0.0132485 -0.00112046 -0.234275 0.0166992 0.0151156 -0.234298 0.0111212 -0.00112046 -0.218333 0.0143392 0.0151156 -0.219928 0.00899381 -0.00112046 -0.202392 0.0119759 0.0145357 -0.205557 0.00686646 -0.00112046 -0.186451 0.00960918 0.013376 -0.191186 0.00473912 -0.00112046 -0.17051 0.0072391 0.0116364 -0.176816 0.00261177 -0.00112046 -0.15457 0.00486564 0.00931699 -0.162445 0.000484422 -0.00112046 -0.138631 0.00248886 0.0064177 -0.148074 -0.00164293 -0.00112046 -0.122692 0.000108697 0.00293855 -0.133704 -0.00377027 -0.00112046 -0.106753 -0.00227485 -0.00112046 -0.119333 -0.00589763 -0.00112046 -0.338332 0.0375387 0.00631677 -0.355694 0.0400687 -0.00112046 -0.320971 0.0350031 0.0126915 -0.30361 0.0324618 0.0180038 -0.286251 0.029915 0.0222536 -0.268892 0.0273625 0.025441 -0.251534 0.0248045 0.0275659 -0.234178 0.0222408 0.0286283 -0.216821 0.0196715 0.0286283 -0.199466 0.0170965 0.0275659 -0.182112 0.014516 0.025441 -0.164758 0.0119299 0.0222536 -0.147405 0.00933812 0.0180038 -0.130053 0.00674076 0.0126915 -0.112702 0.00413779 0.00631678 -0.0953519 0.00152919 -0.00112046 -0.345703 0.0441365 0.00901412 -0.364323 0.0468447 -0.00112046 -0.327084 0.0414216 0.017701 -0.308466 0.0386999 0.0249399 -0.289849 0.0359715 0.0307311 -0.271234 0.0332364 0.0350745 -0.252619 0.0304945 0.0379701 -0.234005 0.0277459 0.0394179 -0.215392 0.0249905 0.0394179 -0.19678 0.0222284 0.0379701 -0.178169 0.0194596 0.0350745 -0.159559 0.0166841 0.0307311 -0.14095 0.0139018 0.0249399 -0.122342 0.0111128 0.017701 -0.103735 0.00831701 0.00901413 -0.0851296 0.00551453 -0.00112046 -0.352052 0.0505817 0.0110307 -0.371771 0.0534526 -0.00112046 -0.332334 0.047704 0.021446 -0.312616 0.0448196 0.0301254 -0.2929 0.0419284 0.0370689 -0.273185 0.0390305 0.0422765 -0.25347 0.0361259 0.0457482 -0.233757 0.0332145 0.0474841 -0.214045 0.0302964 0.0474841 -0.194333 0.0273716 0.0457483 -0.174623 0.02444 0.0422765 -0.154914 0.0215017 0.0370689 -0.135205 0.0185567 0.0301254 -0.115498 0.0156049 0.021446 -0.0957916 0.0126464 0.0110307 -0.0760862 0.00968112 -0.00112046 -0.357378 0.0568743 0.0123664 -0.378039 0.0598925 -0.00112046 -0.336719 0.0538504 0.0239266 -0.31606 0.0508209 0.0335601 -0.295403 0.0477858 0.0412671 -0.274746 0.044745 0.0470472 -0.25409 0.0416987 0.0509006 -0.233434 0.0386467 0.0528273 -0.21278 0.0355892 0.0528273 -0.192126 0.032526 0.0509006 -0.171473 0.0294572 0.0470472 -0.150821 0.0263828 0.0412671 -0.13017 0.0233028 0.0335602 -0.10952 0.0202171 0.0239266 -0.0888704 0.0171259 0.0123665 -0.0682218 0.014029 -0.00112046 -0.361683 0.0630142 0.0130214 -0.383125 0.0661644 -0.00112046 -0.34024 0.0598607 0.025143 -0.318799 0.0567038 0.0352443 -0.297357 0.0535435 0.0433254 -0.275917 0.0503799 0.0493862 -0.254476 0.0472128 0.0534268 -0.233036 0.0440424 0.055447 -0.211597 0.0408687 0.055447 -0.190158 0.0376916 0.0534268 -0.16872 0.0345111 0.0493862 -0.147282 0.0313273 0.0433255 -0.125845 0.02814 0.0352443 -0.104408 0.0249495 0.025143 -0.082972 0.0217555 0.0130214 -0.0615362 0.0185582 -0.00112046 -0.364964 0.0690016 0.0129955 -0.387031 0.0722682 -0.00112046 -0.342898 0.0657349 0.0250949 -0.320831 0.0624683 0.0351777 -0.298764 0.0592016 0.043244 -0.276697 0.055935 0.0492937 -0.254631 0.0526684 0.0533269 -0.232564 0.0494017 0.0553434 -0.210497 0.0461351 0.0553434 -0.18843 0.0428685 0.0533269 -0.166363 0.0396018 0.0492937 -0.144297 0.0363352 0.043244 -0.12223 0.0330685 0.0351778 -0.100163 0.0298019 0.0250949 -0.0780963 0.0265353 0.0129955 -0.0560295 0.0232686 -0.00112046 -0.362778 0.0697249 0.00962515 -0.364964 0.0690016 0.0129955 -0.342898 0.0657349 0.0250949 -0.340949 0.0662377 0.0215105 -0.320831 0.0624683 0.0351777 -0.31917 0.062769 0.0314073 -0.298764 0.0592016 0.043244 -0.297436 0.0593331 0.0393226 -0.276697 0.055935 0.0492937 -0.275733 0.0559424 0.0452597 -0.254631 0.0526684 0.0533269 -0.25405 0.0526065 0.0492192 -0.232564 0.0494017 0.0553434 -0.232374 0.0493311 0.0511995 -0.210497 0.0461351 0.0553434 -0.210694 0.0461185 0.0511993 -0.18843 0.0428685 0.0533269 -0.188999 0.0429672 0.0492183 -0.166363 0.0396018 0.0492937 -0.167279 0.0398718 0.0452572 -0.144297 0.0363352 0.043244 -0.145524 0.0368236 0.0393171 -0.12223 0.0330685 0.0351778 -0.123726 0.0338102 0.0313978 -0.100163 0.0298019 0.0250949 -0.101878 0.0308171 0.0214963 -0.0780963 0.0265353 0.0129955 -0.0799773 0.0278287 0.00960649 -0.0560295 0.0232686 -0.00112046 -0.057808 0.0246371 -0.00414634 -0.0583203 0.0247964 -0.00414634 -0.319966 0.0261373 -0.00414635 -0.343433 0.0346111 -0.00414635 -0.353853 0.0417435 -0.00414635 -0.357626 0.0446966 -0.00414635 -0.380569 0.0670701 -0.00414634 -0.384406 0.0730832 -0.00414634 -0.384976 0.0730773 -0.00414634 -0.387031 0.0722682 -0.00112046 -0.384406 0.0730832 -0.00414634 -0.308499 0.0341434 0.00686362 -0.306533 0.0338116 0.00723589 -0.306533 0.0338116 -0.0155916 -0.308499 0.0341434 -0.0152194 -0.305972 0.037583 -0.0219756 -0.307946 0.0378604 -0.0213496 -0.305255 0.0424236 -0.0301248 -0.30721 0.042835 -0.029606 -0.304723 0.0596073 -0.0444827 -0.305234 0.0561575 -0.0428134 -0.303296 0.0556331 -0.0434611 -0.302762 0.0592345 -0.0451496 -0.305824 0.0521848 -0.0404053 -0.306502 0.0476079 -0.0358763 -0.304562 0.0471009 -0.0363943 -0.303867 0.0517809 -0.0410338 -0.308932 0.0312184 -0.0153138 -0.308932 0.0312184 0.00695807 -0.308499 0.0341434 0.00686362 -0.308499 0.0341434 -0.0152194 -0.306533 0.0338116 0.00723589 -0.306966 0.0308865 0.00733033 -0.306966 0.0308865 -0.0156861 -0.306533 0.0338116 -0.0155916 -0.305972 0.037583 -0.0219756 -0.306329 0.0351722 -0.0233565 -0.305255 0.0424236 -0.0301248 -0.305541 0.0404892 -0.0319279 -0.304562 0.0471009 -0.0363943 -0.304779 0.0456287 -0.0387614 -0.303867 0.0517809 -0.0410338 -0.304085 0.0503088 -0.0430319 -0.303296 0.0556331 -0.0434611 -0.30337 0.0551309 -0.0453662 -0.302762 0.0592345 -0.0451496 -0.302705 0.0596201 -0.045981 -0.302705 0.0596201 -0.045981 -0.304666 0.0599929 -0.0454849 -0.305234 0.0561575 -0.0428134 -0.304723 0.0596073 -0.0444827 -0.304666 0.0599929 -0.0454849 -0.305309 0.0556553 -0.0447185 -0.305824 0.0521848 -0.0404053 -0.306041 0.0507127 -0.0424034 -0.306502 0.0476079 -0.0358763 -0.30672 0.0461358 -0.0380726 -0.30721 0.042835 -0.029606 -0.307496 0.0409006 -0.0314091 -0.307946 0.0378604 -0.0213496 -0.308303 0.0354495 -0.0227306 -0.307946 0.0378604 0.0129939 -0.305972 0.037583 0.0136198 -0.305255 0.0424236 0.021769 -0.30721 0.042835 0.0212502 -0.304723 0.0596073 0.0361269 -0.302762 0.0592345 0.0367939 -0.303296 0.0556331 0.0351053 -0.305234 0.0561575 0.0344576 -0.305824 0.0521848 0.0320495 -0.303867 0.0517809 0.0326781 -0.304562 0.0471009 0.0280386 -0.306502 0.0476079 0.0275206 -0.305972 0.037583 0.0136198 -0.306329 0.0351722 0.0150008 -0.305255 0.0424236 0.021769 -0.305541 0.0404892 0.0235722 -0.304562 0.0471009 0.0280386 -0.304779 0.0456287 0.0304057 -0.303867 0.0517809 0.0326781 -0.304085 0.0503088 0.0346761 -0.303296 0.0556331 0.0351053 -0.30337 0.0551309 0.0370104 -0.302762 0.0592345 0.0367939 -0.302705 0.0596201 0.0376252 -0.304666 0.0599929 0.0371291 -0.302705 0.0596201 0.0376252 -0.305234 0.0561575 0.0344576 -0.305309 0.0556553 0.0363627 -0.304666 0.0599929 0.0371291 -0.304723 0.0596073 0.0361269 -0.305824 0.0521848 0.0320495 -0.306041 0.0507127 0.0340476 -0.306502 0.0476079 0.0275206 -0.30672 0.0461358 0.0297169 -0.30721 0.042835 0.0212502 -0.307496 0.0409006 0.0230533 -0.307946 0.0378604 0.0129939 -0.308303 0.0354496 0.0143748 -0.267522 0.0279411 0.013339 -0.265465 0.0275939 0.0137674 -0.265465 0.0275939 -0.0221231 -0.267522 0.0279411 -0.0216947 -0.264878 0.0315389 -0.0299919 -0.266944 0.031829 -0.0293091 -0.264128 0.0366021 -0.0399991 -0.266173 0.0370324 -0.0396 -0.263712 0.0533194 -0.0554131 -0.264192 0.0500818 -0.0535371 -0.262253 0.0495574 -0.0539152 -0.261751 0.0529466 -0.0557945 -0.264781 0.0461092 -0.0512937 -0.26546 0.0415322 -0.046393 -0.263519 0.0410252 -0.0466986 -0.262825 0.0457053 -0.0516819 -0.267975 0.0248815 -0.0218445 -0.267975 0.0248815 0.0134888 -0.267522 0.0279411 0.013339 -0.267522 0.0279411 -0.0216947 -0.265465 0.0275939 0.0137674 -0.265918 0.0245343 0.0139159 -0.265918 0.0245343 -0.0222716 -0.265465 0.0275939 -0.0221231 -0.264878 0.0315389 -0.0299919 -0.265252 0.0290171 -0.0319949 -0.264128 0.0366021 -0.0399991 -0.264428 0.0345787 -0.0424885 -0.263519 0.0410252 -0.0466986 -0.263737 0.0395531 -0.0498228 -0.262825 0.0457053 -0.0516819 -0.263043 0.0442331 -0.0542573 -0.262253 0.0495574 -0.0539152 -0.262328 0.0490552 -0.0563273 -0.261751 0.0529466 -0.0557945 -0.261694 0.0533323 -0.0568419 -0.261694 0.0533323 -0.0568419 -0.263655 0.053705 -0.0566871 -0.264192 0.0500818 -0.0535371 -0.263712 0.0533194 -0.0554131 -0.263655 0.053705 -0.0566871 -0.264266 0.0495796 -0.055971 -0.264781 0.0461092 -0.0512937 -0.264999 0.044637 -0.0538923 -0.26546 0.0415322 -0.046393 -0.265678 0.0400601 -0.0493179 -0.266173 0.0370324 -0.0396 -0.266473 0.035009 -0.0421119 -0.266944 0.031829 -0.0293091 -0.267317 0.0293073 -0.0313301 -0.266944 0.031829 0.0209534 -0.264878 0.0315389 0.0216362 -0.264128 0.0366021 0.0316434 -0.266173 0.0370324 0.0312443 -0.263712 0.0533194 0.0470574 -0.261751 0.0529466 0.0474388 -0.262253 0.0495574 0.0455595 -0.264192 0.0500818 0.0451814 -0.264781 0.0461092 0.042938 -0.262825 0.0457053 0.0433262 -0.263519 0.0410252 0.0383429 -0.26546 0.0415322 0.0380373 -0.264878 0.0315389 0.0216362 -0.265252 0.0290171 0.0236392 -0.264128 0.0366021 0.0316434 -0.264428 0.0345787 0.0341327 -0.263519 0.0410252 0.0383429 -0.263737 0.0395531 0.0414672 -0.262825 0.0457053 0.0433262 -0.263043 0.0442331 0.0459016 -0.262253 0.0495574 0.0455595 -0.262328 0.0490552 0.0479716 -0.261751 0.0529466 0.0474388 -0.261694 0.0533323 0.0484861 -0.263655 0.053705 0.0483314 -0.261694 0.0533323 0.0484861 -0.264192 0.0500818 0.0451814 -0.264266 0.0495796 0.0476153 -0.263655 0.053705 0.0483314 -0.263712 0.0533194 0.0470574 -0.264781 0.0461092 0.042938 -0.264999 0.044637 0.0455366 -0.26546 0.0415322 0.0380373 -0.265678 0.0400601 0.0409622 -0.266173 0.0370324 0.0312443 -0.266473 0.035009 0.0337562 -0.266944 0.031829 0.0209534 -0.267317 0.0293073 0.0229744 -0.144213 0.00978268 -0.0155916 -0.144213 0.00978268 0.00723589 -0.142235 0.00953068 0.00686362 -0.142235 0.00953069 -0.0152194 -0.141688 0.0132484 -0.0213496 -0.143658 0.013555 -0.0219756 -0.142942 0.0183957 -0.0301248 -0.140951 0.0182231 -0.029606 -0.138472 0.0349963 -0.0444827 -0.140457 0.0352077 -0.0451496 -0.140989 0.0316062 -0.0434611 -0.138982 0.0315465 -0.0428134 -0.139569 0.0275735 -0.0404053 -0.141559 0.0277537 -0.0410338 -0.14225 0.0230732 -0.0363943 -0.140245 0.0229962 -0.0358763 -0.142235 0.00953068 0.00686362 -0.142668 0.00660565 0.00695807 -0.142668 0.00660565 -0.0153138 -0.142235 0.00953069 -0.0152194 -0.144646 0.00685764 -0.0156861 -0.144646 0.00685764 0.00733033 -0.144213 0.00978268 0.00723589 -0.144213 0.00978268 -0.0155916 -0.143658 0.013555 -0.0219756 -0.144015 0.0111441 -0.0233565 -0.142942 0.0183957 -0.0301248 -0.143228 0.0164613 -0.0319279 -0.14225 0.0230732 -0.0363943 -0.142468 0.0216011 -0.0387614 -0.141559 0.0277537 -0.0410338 -0.141777 0.0262816 -0.0430319 -0.140989 0.0316062 -0.0434611 -0.141064 0.031104 -0.0453662 -0.140457 0.0352077 -0.0451496 -0.1404 0.0355934 -0.045981 -0.138415 0.035382 -0.0454849 -0.1404 0.0355934 -0.045981 -0.138982 0.0315465 -0.0428134 -0.139056 0.0310443 -0.0447185 -0.138415 0.035382 -0.0454849 -0.138472 0.0349963 -0.0444827 -0.139569 0.0275735 -0.0404053 -0.139787 0.0261014 -0.0424034 -0.140245 0.0229962 -0.0358763 -0.140463 0.0215241 -0.0380726 -0.140951 0.0182231 -0.029606 -0.141238 0.0162887 -0.0314091 -0.141688 0.0132484 -0.0213496 -0.142044 0.0108376 -0.0227306 -0.143658 0.013555 0.0136198 -0.141688 0.0132484 0.0129939 -0.142942 0.0183957 0.021769 -0.140951 0.0182231 0.0212502 -0.138472 0.0349963 0.0361269 -0.138982 0.0315465 0.0344576 -0.140989 0.0316062 0.0351053 -0.140457 0.0352077 0.0367939 -0.139569 0.0275735 0.0320495 -0.140245 0.0229962 0.0275206 -0.14225 0.0230732 0.0280386 -0.141559 0.0277537 0.0326781 -0.143658 0.013555 0.0136198 -0.144015 0.0111441 0.0150008 -0.142942 0.0183957 0.021769 -0.143228 0.0164613 0.0235722 -0.14225 0.0230732 0.0280386 -0.142468 0.021601 0.0304057 -0.141559 0.0277537 0.0326781 -0.141777 0.0262816 0.0346761 -0.140989 0.0316062 0.0351053 -0.141064 0.031104 0.0370104 -0.140457 0.0352077 0.0367939 -0.1404 0.0355933 0.0376252 -0.1404 0.0355933 0.0376252 -0.138415 0.035382 0.0371291 -0.138982 0.0315465 0.0344576 -0.138472 0.0349963 0.0361269 -0.138415 0.035382 0.0371291 -0.139056 0.0310443 0.0363627 -0.139569 0.0275735 0.0320495 -0.139787 0.0261014 0.0340476 -0.140245 0.0229962 0.0275206 -0.140463 0.0215241 0.0297169 -0.140951 0.0182231 0.0212502 -0.141238 0.0162887 0.0230533 -0.141688 0.0132484 0.0129939 -0.142044 0.0108376 0.0143748 -0.185321 0.0157298 -0.0221231 -0.185321 0.0157298 0.0137674 -0.183252 0.0154662 0.013339 -0.183252 0.0154662 -0.0216947 -0.182679 0.0193549 -0.0293091 -0.18474 0.0196756 -0.0299919 -0.183991 0.024739 -0.0399991 -0.181909 0.0245584 -0.0396 -0.179545 0.0408598 -0.0554131 -0.18153 0.0410712 -0.0557945 -0.182032 0.0376819 -0.0539152 -0.180024 0.0376221 -0.0535371 -0.180612 0.0336492 -0.0512937 -0.182601 0.0338294 -0.0516819 -0.183292 0.0291488 -0.0466986 -0.181288 0.0290719 -0.046393 -0.183252 0.0154662 0.013339 -0.183705 0.0124066 0.0134888 -0.183705 0.0124066 -0.0218445 -0.183252 0.0154662 -0.0216947 -0.185774 0.0126702 -0.0222716 -0.185774 0.0126702 0.0139159 -0.185321 0.0157298 0.0137674 -0.185321 0.0157298 -0.0221231 -0.18474 0.0196756 -0.0299919 -0.185113 0.0171539 -0.0319949 -0.183991 0.024739 -0.0399991 -0.18429 0.0227156 -0.0424885 -0.183292 0.0291488 -0.0466986 -0.18351 0.0276767 -0.0498228 -0.182601 0.0338294 -0.0516819 -0.182819 0.0323573 -0.0542573 -0.182032 0.0376819 -0.0539152 -0.182106 0.0371797 -0.0563273 -0.18153 0.0410712 -0.0557945 -0.181473 0.0414568 -0.0568419 -0.179488 0.0412454 -0.0566871 -0.181473 0.0414568 -0.0568419 -0.180024 0.0376221 -0.0535371 -0.180099 0.0371199 -0.055971 -0.179488 0.0412454 -0.0566871 -0.179545 0.0408598 -0.0554131 -0.180612 0.0336492 -0.0512937 -0.180829 0.032177 -0.0538923 -0.181288 0.0290719 -0.046393 -0.181506 0.0275998 -0.0493179 -0.181909 0.0245584 -0.0396 -0.182209 0.0225351 -0.0421119 -0.182679 0.0193549 -0.0293091 -0.183052 0.0168332 -0.0313301 -0.18474 0.0196756 0.0216362 -0.182679 0.0193549 0.0209534 -0.183991 0.024739 0.0316434 -0.181909 0.0245584 0.0312443 -0.179545 0.0408598 0.0470574 -0.180024 0.0376221 0.0451814 -0.182032 0.0376819 0.0455595 -0.18153 0.0410712 0.0474388 -0.180612 0.0336492 0.042938 -0.181288 0.0290719 0.0380373 -0.183292 0.0291488 0.0383429 -0.182601 0.0338294 0.0433262 -0.18474 0.0196756 0.0216362 -0.185113 0.0171539 0.0236392 -0.183991 0.024739 0.0316434 -0.18429 0.0227156 0.0341327 -0.183292 0.0291488 0.0383429 -0.18351 0.0276767 0.0414672 -0.182601 0.0338294 0.0433262 -0.182819 0.0323573 0.0459016 -0.182032 0.0376819 0.0455595 -0.182106 0.0371797 0.0479716 -0.18153 0.0410712 0.0474388 -0.181473 0.0414568 0.0484861 -0.181473 0.0414568 0.0484861 -0.179488 0.0412454 0.0483314 -0.180024 0.0376221 0.0451814 -0.179545 0.0408598 0.0470574 -0.179488 0.0412454 0.0483314 -0.180099 0.0371199 0.0476153 -0.180612 0.0336492 0.042938 -0.180829 0.032177 0.0455366 -0.181288 0.0290719 0.0380373 -0.181506 0.0275998 0.0409622 -0.181909 0.0245584 0.0312443 -0.182209 0.0225351 0.0337562 -0.182679 0.0193549 0.0209534 -0.183052 0.0168332 0.0229744 -0.284247 0.0452923 -0.0509083 -0.270016 0.0432286 -0.0535042 -0.270016 0.0432286 0.0453243 -0.284247 0.0452923 0.0427283 -0.28391 0.0475717 -0.0509083 -0.284247 0.0452923 -0.0509083 -0.284247 0.0452923 0.0427283 -0.28391 0.0475717 0.0427283 -0.28391 0.0475717 0.0427283 -0.269679 0.045508 0.0453243 -0.269679 0.045508 -0.0535042 -0.28391 0.0475717 -0.0509083 -0.270016 0.0432286 0.0453243 -0.270016 0.0432286 -0.0535042 -0.269679 0.045508 -0.0535042 -0.269679 0.045508 0.0453243 -0.375841 0.0610013 -0.00539586 -0.376279 0.0610661 -0.00409 -0.358722 0.058596 -0.00409 -0.355329 0.0580937 -0.019239 -0.33886 0.0557062 -0.0193597 -0.334894 0.0551192 -0.0306872 -0.320719 0.0530638 -0.0191963 -0.314483 0.0521407 -0.040217 -0.320719 0.0530638 -0.0191963 -0.32105 0.0507833 -0.0192347 -0.314821 0.0498613 -0.040217 -0.314483 0.0521407 -0.040217 -0.35906 0.0563166 -0.00409 -0.376617 0.0587867 -0.00409 -0.376179 0.0587219 -0.00539586 -0.355667 0.0558143 -0.019239 -0.335231 0.0528398 -0.0306872 -0.314821 0.0498613 -0.040217 -0.32105 0.0507833 -0.0192347 -0.339193 0.0534261 -0.0193795 -0.341324 0.056071 -0.00409 -0.321905 0.0532393 -0.00409 -0.321905 0.0532393 -0.00409 -0.322242 0.0509599 -0.00409 -0.322242 0.0509599 -0.00409 -0.341661 0.0537916 -0.00409 -0.375841 0.0610013 -0.00278414 -0.355329 0.0580937 0.011059 -0.334894 0.0551192 0.0225072 -0.33886 0.0557062 0.0111797 -0.314483 0.0521407 0.032037 -0.320719 0.0530638 0.0110163 -0.314821 0.0498613 0.032037 -0.32105 0.0507833 0.0110547 -0.320719 0.0530638 0.0110163 -0.314483 0.0521407 0.032037 -0.376179 0.0587219 -0.00278413 -0.355667 0.0558143 0.011059 -0.335231 0.0528398 0.0225072 -0.339193 0.0534261 0.0111995 -0.32105 0.0507833 0.0110547 -0.314821 0.0498613 0.032037 -0.0700001 0.0157263 -0.00539586 -0.0904746 0.0188861 -0.019239 -0.0870817 0.0183839 -0.00409 -0.0695621 0.0156615 -0.00409 -0.110895 0.0219597 -0.0306872 -0.106929 0.0213725 -0.0193597 -0.131294 0.0250224 -0.040217 -0.125058 0.0240992 -0.0191963 -0.131631 0.0227429 -0.040217 -0.125402 0.0218208 -0.0192347 -0.125058 0.0240992 -0.0191963 -0.131294 0.0250224 -0.040217 -0.0703376 0.0134469 -0.00539586 -0.0698995 0.0133821 -0.00409 -0.0874191 0.0161044 -0.00409 -0.090812 0.0166067 -0.019239 -0.111233 0.0196803 -0.0306872 -0.107272 0.0190938 -0.0193795 -0.125402 0.0218208 -0.0192347 -0.131631 0.0227429 -0.040217 -0.104465 0.0210079 -0.00409 -0.123872 0.0239237 -0.00409 -0.12421 0.0216443 -0.00409 -0.123872 0.0239237 -0.00409 -0.104803 0.0187284 -0.00409 -0.12421 0.0216443 -0.00409 -0.0700001 0.0157263 -0.00278414 -0.0904746 0.0188861 0.011059 -0.106929 0.0213725 0.0111797 -0.110895 0.0219597 0.0225072 -0.125058 0.0240992 0.0110163 -0.131294 0.0250223 0.032037 -0.125058 0.0240992 0.0110163 -0.125402 0.0218208 0.0110547 -0.131631 0.0227429 0.032037 -0.131294 0.0250223 0.032037 -0.0703376 0.0134469 -0.00278413 -0.090812 0.0166067 0.011059 -0.111233 0.0196803 0.0225072 -0.131631 0.0227429 0.032037 -0.125402 0.0218208 0.0110547 -0.107272 0.0190939 0.0111995 -0.244035 0.041669 -0.0571966 -0.244035 0.0416689 0.0490166 -0.229804 0.0396053 0.0516125 -0.229804 0.0396053 -0.0597925 -0.229804 0.0396053 0.0516125 -0.230141 0.0373258 0.0516125 -0.230141 0.0373259 -0.0597925 -0.229804 0.0396053 -0.0597925 -0.244373 0.0393896 -0.0571966 -0.230141 0.0373259 -0.0597925 -0.230141 0.0373258 0.0516125 -0.244373 0.0393895 0.0490166 -0.244035 0.041669 -0.0571966 -0.244373 0.0393896 -0.0571966 -0.244373 0.0393895 0.0490166 -0.244035 0.0416689 0.0490166 -0.116562 0.0260069 0.00247973 -0.101459 0.023534 0.0113837 -0.0982226 0.0230913 0.0111284 -0.0957079 0.0229502 0.00590246 -0.11785 0.0259724 0.00779996 -0.130316 0.0280551 -0.000576969 -0.131487 0.0280644 0.00325239 -0.14717 0.0302265 -0.00377275 -0.09442 0.023022 -0.00034199 -0.11494 0.026097 -0.00538053 -0.128796 0.0281407 -0.00797058 -0.145508 0.0303019 -0.0115828 -0.151999 0.03077 -0.00631395 -0.151027 0.0308181 -0.0110334 -0.0975495 0.0237517 -0.00757115 -0.0946629 0.0232896 -0.00613177 -0.128352 0.0282391 -0.0119475 -0.114019 0.0261858 -0.0107752 -0.0984888 0.0211311 0.011057 -0.101728 0.0215483 0.0113114 -0.117035 0.0238479 0.00236445 -0.0959769 0.0209706 0.00583036 -0.118142 0.0238197 0.0077217 -0.131799 0.0257605 0.0031687 -0.13081 0.0257559 -0.000701379 -0.147424 0.0283547 -0.00384076 -0.11542 0.0238905 -0.00549925 -0.0946942 0.0210044 -0.000415481 -0.129293 0.0257959 -0.00808967 -0.145766 0.0283972 -0.0116521 -0.152199 0.0292981 -0.00636748 -0.151229 0.0293299 -0.0110876 -0.0978349 0.021651 -0.00764764 -0.0949433 0.0212246 -0.00620692 -0.128677 0.0258428 -0.0120346 -0.114326 0.0239203 -0.0108576 -0.0972755 0.02227 0.0126111 -0.0938219 0.0220115 0.00632617 -0.100722 0.0227269 0.0129985 -0.0973714 0.0215631 0.0125854 -0.100819 0.0220131 0.0129727 -0.132531 0.0274926 0.00410354 -0.118219 0.0253526 0.00901104 -0.132662 0.0265272 0.00406844 -0.118345 0.0244275 0.00897741 -0.147558 0.0297833 -0.00337467 -0.147684 0.0288557 -0.00340847 -0.151751 0.0304835 -0.0112581 -0.152728 0.0304412 -0.00647852 -0.128983 0.0276522 -0.0131643 -0.145733 0.0298464 -0.0121671 -0.113881 0.0255473 -0.0120603 -0.0962304 0.0229269 -0.00878496 -0.0925159 0.0220699 -1.43517e-06 -0.093202 0.0224515 -0.00713932 -0.152812 0.0298196 -0.0065011 -0.0939128 0.0213413 0.00630183 -0.0926082 0.021389 -2.61357e-05 -0.151835 0.0298598 -0.0112807 -0.114011 0.0245891 -0.0120952 -0.0963318 0.0221796 -0.00881227 -0.0933021 0.0217137 -0.00716626 -0.129118 0.0266616 -0.0132003 -0.145857 0.0289366 -0.0122001 -0.0973714 0.0215631 0.0125854 -0.0939128 0.0213413 0.00630183 -0.100819 0.0220131 0.0129727 -0.132662 0.0265272 0.00406844 -0.118345 0.0244275 0.00897741 -0.147684 0.0288557 -0.00340847 -0.151835 0.0298598 -0.0112807 -0.152812 0.0298196 -0.0065011 -0.129118 0.0266616 -0.0132003 -0.145857 0.0289366 -0.0122001 -0.114011 0.0245891 -0.0120952 -0.0963318 0.0221796 -0.00881227 -0.0926082 0.021389 -2.61357e-05 -0.0933021 0.0217137 -0.00716626 -0.289515 0.049621 -0.034822 -0.289523 0.0495306 -0.0350195 -0.257859 0.0442998 -0.0286221 -0.257824 0.0448663 -0.0283967 -0.289504 0.0494445 -0.0354171 -0.257844 0.0438398 -0.0290236 -0.289448 0.0493922 -0.0359458 -0.25778 0.0435419 -0.0295529 -0.289448 0.0493922 -0.0359458 -0.289208 0.0494025 -0.0371246 -0.25754 0.0435523 -0.0307318 -0.25778 0.0435419 -0.0295529 -0.289054 0.049464 -0.0376325 -0.257393 0.0438593 -0.0312391 -0.288916 0.0495567 -0.0380043 -0.257252 0.0443259 -0.0316069 -0.288831 0.0496505 -0.0381811 -0.257133 0.0448961 -0.031791 -0.288808 0.0498176 -0.038175 -0.257051 0.0455009 -0.031769 -0.288867 0.0499177 -0.0379912 -0.257016 0.0460675 -0.0315436 -0.288979 0.050017 -0.0376124 -0.257031 0.0465275 -0.0311421 -0.289116 0.0500809 -0.0371 -0.257096 0.0468254 -0.0306127 -0.289356 0.0500706 -0.0359212 -0.257336 0.046815 -0.0294339 -0.289429 0.0499976 -0.035397 -0.257482 0.046508 -0.0289266 -0.289474 0.0498915 -0.0350064 -0.257623 0.0460414 -0.0285588 -0.289492 0.0497882 -0.034816 -0.257742 0.0454712 -0.0283747 -0.198633 0.0364036 -0.0164264 -0.198551 0.0370084 -0.0164044 -0.198669 0.035837 -0.0166517 -0.198653 0.035377 -0.0170533 -0.198589 0.0350792 -0.0175826 -0.198349 0.0350895 -0.0187614 -0.198589 0.0350792 -0.0175826 -0.198202 0.0353965 -0.0192687 -0.198061 0.0358632 -0.0196365 -0.197943 0.0364334 -0.0198206 -0.197861 0.0370382 -0.0197986 -0.197825 0.0376048 -0.0195733 -0.197841 0.0380647 -0.0191717 -0.197905 0.0383626 -0.0186424 -0.198145 0.0383523 -0.0174636 -0.198291 0.0380453 -0.0169563 -0.198432 0.0375786 -0.0165884 -0.146534 0.0289758 -0.00586722 -0.146458 0.0295378 -0.00584675 -0.146564 0.0284495 -0.00609371 -0.146543 0.0280224 -0.0064991 -0.146474 0.027746 -0.0070343 -0.146231 0.0277565 -0.00822833 -0.146474 0.027746 -0.0070343 -0.146086 0.0280421 -0.00874313 -0.145949 0.028476 -0.00911718 -0.145835 0.029006 -0.00930531 -0.145759 0.029568 -0.00928489 -0.145729 0.0300943 -0.00905838 -0.14575 0.0305213 -0.00865297 -0.145819 0.0307978 -0.00811779 -0.146062 0.0307873 -0.00692368 -0.146207 0.0305017 -0.00640891 -0.146344 0.0300677 -0.00603489 -0.289116 0.0500809 -0.0371 -0.289208 0.0494025 -0.0371246 -0.289448 0.0493922 -0.0359458 -0.289356 0.0500706 -0.0359212 -0.13798 0.0279471 -0.00520278 -0.137793 0.0280774 -0.00588314 -0.137945 0.0282039 -0.00519341 -0.137996 0.0277064 -0.00529525 -0.13798 0.027583 -0.00545719 -0.13794 0.027564 -0.00566997 -0.137842 0.0275683 -0.00615227 -0.137796 0.0275909 -0.00636352 -0.137747 0.0277172 -0.00651641 -0.137697 0.0279593 -0.00659138 -0.137663 0.0282161 -0.00658201 -0.137647 0.0284567 -0.00648953 -0.137662 0.0285802 -0.0063276 -0.137702 0.0285991 -0.00611475 -0.1378 0.0285949 -0.0056325 -0.137846 0.0285722 -0.00542123 -0.137895 0.028446 -0.00526833 -0.289504 0.0494445 -0.0354171 -0.289429 0.0499976 -0.035397 -0.288867 0.0499177 -0.0379912 -0.288808 0.0498176 -0.038175 -0.288831 0.0496505 -0.0381811 -0.288916 0.0495567 -0.0380043 -0.288979 0.050017 -0.0376124 -0.289054 0.049464 -0.0376325 -0.289523 0.0495306 -0.0350195 -0.289474 0.0498915 -0.0350064 -0.289515 0.049621 -0.034822 -0.289492 0.0497882 -0.034816 -0.139579 0.0274569 -0.00482946 -0.138657 0.0272867 -0.00495842 -0.138611 0.027845 -0.00479174 -0.139546 0.027983 -0.0046225 -0.138657 0.0272867 -0.00495842 -0.138611 0.027845 -0.00479174 -0.13853 0.0284405 -0.00477008 -0.13853 0.0284405 -0.00477008 -0.13947 0.0285446 -0.00460202 -0.139563 0.0270533 -0.00519719 -0.138649 0.0269355 -0.00524627 -0.138649 0.0269355 -0.00524627 -0.139499 0.026812 -0.00568168 -0.138593 0.0267943 -0.00562195 -0.138593 0.0267943 -0.00562195 -0.139279 0.0268214 -0.00676324 -0.138422 0.0268017 -0.00646452 -0.138593 0.0267943 -0.00562195 -0.139499 0.026812 -0.00568168 -0.138422 0.0268017 -0.00646452 -0.139149 0.0270712 -0.00722987 -0.138327 0.0269494 -0.00682972 -0.138327 0.0269494 -0.00682972 -0.139022 0.0274809 -0.00756802 -0.138223 0.0273055 -0.00709181 -0.138223 0.0273055 -0.00709181 -0.138912 0.0280103 -0.00773668 -0.138117 0.0278663 -0.00721778 -0.138117 0.0278663 -0.00721778 -0.138836 0.0285719 -0.0077162 -0.138036 0.0284618 -0.00719611 -0.138036 0.0284618 -0.00719611 -0.138803 0.0290979 -0.00750923 -0.13799 0.0290201 -0.00702947 -0.13799 0.0290201 -0.00702947 -0.138819 0.0295015 -0.00714147 -0.137998 0.0293713 -0.00674165 -0.137998 0.0293713 -0.00674165 -0.138883 0.0297429 -0.006657 -0.138054 0.0295125 -0.00636592 -0.138054 0.0295125 -0.00636592 -0.139103 0.0297334 -0.00557548 -0.138225 0.0295051 -0.00552338 -0.138225 0.0295051 -0.00552338 -0.139233 0.0294837 -0.00510885 -0.13832 0.0293574 -0.00515816 -0.13832 0.0293574 -0.00515816 -0.13936 0.0290739 -0.00477066 -0.138424 0.0290013 -0.00489608 -0.138424 0.0290013 -0.00489608 -0.140842 0.028167 -0.00470711 -0.14087 0.0276506 -0.00493431 -0.140768 0.0287185 -0.00468705 -0.140848 0.0272316 -0.00534131 -0.140778 0.0269605 -0.00587896 -0.140778 0.0269605 -0.00587896 -0.140534 0.0269711 -0.00707896 -0.140389 0.0272514 -0.00759655 -0.140252 0.0276773 -0.00797284 -0.140139 0.0281973 -0.00816241 -0.140065 0.0287488 -0.00814233 -0.140037 0.0292652 -0.00791514 -0.140059 0.0296843 -0.00750813 -0.140129 0.0299554 -0.00697049 -0.140373 0.0299448 -0.00577047 -0.140518 0.0296645 -0.00525284 -0.140655 0.0292386 -0.0048766 -0.335392 0.0227569 -0.00718416 -0.335392 0.0227569 -0.00112703 -0.348249 0.0301452 -0.00112703 -0.348249 0.0301452 -0.00718416 -0.321021 0.0206295 -0.00718416 -0.321021 0.0206295 -0.00112703 -0.30665 0.0185022 -0.00718416 -0.30665 0.0185022 -0.00112703 -0.29228 0.0163748 -0.00718416 -0.29228 0.0163748 -0.00112703 -0.277909 0.0142475 -0.00718416 -0.277909 0.0142475 -0.00112703 -0.263538 0.0121201 -0.00718416 -0.263538 0.0121201 -0.00112703 -0.249168 0.0099928 -0.00718416 -0.249168 0.0099928 -0.00112703 -0.234797 0.00786545 -0.00718416 -0.234797 0.00786545 -0.00112703 -0.220426 0.0057381 -0.00718416 -0.220426 0.0057381 -0.00112703 -0.234797 0.00786545 -0.00112703 -0.234797 0.00786545 -0.00718416 -0.206056 0.00361075 -0.00718416 -0.206056 0.00361075 -0.00112703 -0.191685 0.00148341 -0.00718416 -0.191685 0.00148341 -0.00112703 -0.177314 -0.000643939 -0.00718416 -0.177314 -0.000643939 -0.00112703 -0.162944 -0.00277128 -0.00718416 -0.162944 -0.00277128 -0.00112703 -0.148573 -0.00489864 -0.00718416 -0.148573 -0.00489864 -0.00112703 -0.134203 -0.00702598 -0.00718416 -0.134203 -0.00702598 -0.00112703 -0.119832 -0.00915333 -0.00718416 -0.119832 -0.00915333 -0.00112703 -0.105385 -0.00580691 -0.00718416 -0.105385 -0.00580691 -0.00112703 -0.358224 0.0371137 -0.00112703 -0.358224 0.0371137 -0.00718416 -0.0938184 -0.00202737 -0.00718416 -0.0938184 -0.00202737 -0.00112703 -0.367 0.0439115 -0.00112702 -0.367 0.0439115 -0.00718416 -0.083449 0.00193616 -0.00718416 -0.083449 0.00193616 -0.00112702 -0.374578 0.0505385 -0.00112702 -0.374578 0.0505385 -0.00718416 -0.0742769 0.0060837 -0.00718416 -0.0742769 0.0060837 -0.00112702 -0.382059 0.0571581 -0.00112701 -0.382059 0.0571582 -0.00718415 -0.0651981 0.0102518 -0.00718415 -0.0651981 0.0102518 -0.00112701 -0.387441 0.0634738 -0.00112702 -0.387441 0.0634738 -0.00718415 -0.0582172 0.0147373 -0.00718415 -0.0582172 0.0147373 -0.00112702 -0.3923 0.0697187 -0.00112702 -0.3923 0.0697187 -0.00718415 -0.0517615 0.0193073 -0.00718415 -0.0517615 0.0193073 -0.00112702 -0.400419 0.0833873 -0.00112702 -0.400419 0.0833873 -0.00718415 -0.0395123 0.0291937 -0.00718415 -0.0395123 0.0291938 -0.00112702 -0.348249 0.0301452 -0.00718416 -0.333542 0.0343873 -0.00719931 -0.323234 0.0305177 -0.0071993 -0.335392 0.0227569 -0.00718416 -0.320523 0.0239911 -0.00718417 -0.321021 0.0206295 -0.00718416 -0.321021 0.0206295 -0.00718416 -0.320523 0.0239911 -0.00718417 -0.306153 0.0218637 -0.00718417 -0.30665 0.0185022 -0.00718416 -0.291782 0.0197364 -0.00718417 -0.29228 0.0163748 -0.00718416 -0.277411 0.017609 -0.00718417 -0.277909 0.0142475 -0.00718416 -0.263041 0.0154817 -0.00718417 -0.263538 0.0121201 -0.00718416 -0.24867 0.0133543 -0.00718417 -0.249168 0.0099928 -0.00718416 -0.234299 0.011227 -0.00718417 -0.234797 0.00786545 -0.00718416 -0.219929 0.00909964 -0.00718417 -0.220426 0.0057381 -0.00718416 -0.205558 0.00697229 -0.00718417 -0.206056 0.00361075 -0.00718416 -0.191188 0.00484495 -0.00718417 -0.191685 0.00148341 -0.00718416 -0.176817 0.0027176 -0.00718417 -0.177314 -0.000643939 -0.00718416 -0.162446 0.000590254 -0.00718417 -0.162944 -0.00277128 -0.00718416 -0.148076 -0.0015371 -0.00718417 -0.148573 -0.00489864 -0.00718416 -0.133705 -0.00366444 -0.00718417 -0.134203 -0.00702598 -0.00718416 -0.134203 -0.00702598 -0.00718416 -0.133705 -0.00366444 -0.00718417 -0.129217 0.00179647 -0.0071993 -0.119832 -0.00915333 -0.00718416 -0.118228 0.00251351 -0.00719931 -0.105385 -0.00580691 -0.00718416 -0.358224 0.0371137 -0.00718416 -0.342628 0.0389313 -0.00719931 -0.108216 0.0042303 -0.00719931 -0.0938184 -0.00202737 -0.00718416 -0.367 0.0439115 -0.00718416 -0.352207 0.0451289 -0.0071993 -0.0972517 0.00738679 -0.0071993 -0.083449 0.00193616 -0.00718416 -0.374578 0.0505385 -0.00718416 -0.360575 0.0519006 -0.0071993 -0.0872805 0.0114435 -0.0071993 -0.0742769 0.0060837 -0.00718416 -0.382059 0.0571582 -0.00718415 -0.367896 0.058524 -0.00719929 -0.0783546 0.0156619 -0.00719929 -0.0651981 0.0102518 -0.00718415 -0.387441 0.0634738 -0.00718415 -0.373959 0.0649678 -0.00719929 -0.0706856 0.020073 -0.00719929 -0.0582172 0.0147373 -0.00718415 -0.3923 0.0697187 -0.00718415 -0.377592 0.071059 -0.00719929 -0.0654429 0.0248502 -0.00719929 -0.0517615 0.0193073 -0.00718415 -0.335392 0.0227569 -0.00112703 -0.323234 0.0305177 -0.00111188 -0.333542 0.0343873 -0.00111189 -0.348249 0.0301452 -0.00112703 -0.321021 0.0206295 -0.00112703 -0.320523 0.0239911 -0.00112703 -0.30665 0.0185022 -0.00112703 -0.306153 0.0218637 -0.00112703 -0.320523 0.0239911 -0.00112703 -0.321021 0.0206295 -0.00112703 -0.29228 0.0163748 -0.00112703 -0.291782 0.0197364 -0.00112703 -0.277909 0.0142475 -0.00112703 -0.277411 0.017609 -0.00112703 -0.263538 0.0121201 -0.00112703 -0.263041 0.0154817 -0.00112703 -0.249168 0.0099928 -0.00112703 -0.24867 0.0133543 -0.00112703 -0.234797 0.00786545 -0.00112703 -0.234299 0.011227 -0.00112703 -0.220426 0.0057381 -0.00112703 -0.219929 0.00909964 -0.00112703 -0.206056 0.00361075 -0.00112703 -0.205558 0.00697229 -0.00112703 -0.191685 0.00148341 -0.00112703 -0.191188 0.00484495 -0.00112703 -0.177314 -0.000643939 -0.00112703 -0.176817 0.0027176 -0.00112703 -0.162944 -0.00277128 -0.00112703 -0.162446 0.000590254 -0.00112703 -0.148573 -0.00489864 -0.00112703 -0.148076 -0.0015371 -0.00112703 -0.134203 -0.00702598 -0.00112703 -0.133705 -0.00366444 -0.00112703 -0.119832 -0.00915333 -0.00112703 -0.129217 0.00179647 -0.00111188 -0.133705 -0.00366444 -0.00112703 -0.134203 -0.00702598 -0.00112703 -0.105385 -0.00580691 -0.00112703 -0.118228 0.00251351 -0.00111189 -0.342628 0.0389313 -0.00111189 -0.358224 0.0371137 -0.00112703 -0.0938184 -0.00202737 -0.00112703 -0.108216 0.0042303 -0.00111189 -0.352207 0.0451289 -0.00111188 -0.367 0.0439115 -0.00112702 -0.083449 0.00193616 -0.00112702 -0.0972517 0.00738676 -0.00111188 -0.360575 0.0519006 -0.00111188 -0.374578 0.0505385 -0.00112702 -0.0742769 0.0060837 -0.00112702 -0.0872805 0.0114435 -0.00111188 -0.367896 0.058524 -0.00111187 -0.382059 0.0571581 -0.00112701 -0.0651981 0.0102518 -0.00112701 -0.0783546 0.0156619 -0.00111187 -0.373959 0.0649678 -0.00111187 -0.387441 0.0634738 -0.00112702 -0.0582172 0.0147373 -0.00112702 -0.0706856 0.020073 -0.00111187 -0.377592 0.071059 -0.00111188 -0.3923 0.0697187 -0.00112702 -0.0517615 0.0193073 -0.00112702 -0.0654429 0.0248502 -0.00111188 -0.400419 0.0833873 -0.00718415 -0.380003 0.0782505 -0.00719929 -0.380003 0.0782505 -0.00111188 -0.400419 0.0833873 -0.00112702 -0.0605868 0.0301953 -0.00719929 -0.0395123 0.0291937 -0.00718415 -0.0395123 0.0291938 -0.00112702 -0.0605868 0.0301952 -0.00111188 -0.380003 0.0782505 -0.00719929 -0.400419 0.0833873 -0.00718415 -0.400419 0.0833873 -0.00112702 -0.380003 0.0782505 -0.00111188 -0.377592 0.071059 -0.00719929 -0.380003 0.0782505 -0.00719929 -0.380003 0.0782505 -0.00111188 -0.377592 0.071059 -0.00111188 -0.373959 0.0649678 -0.00719929 -0.373959 0.0649678 -0.00111187 -0.0395123 0.0291937 -0.00718415 -0.0605868 0.0301953 -0.00719929 -0.0605868 0.0301952 -0.00111188 -0.0395123 0.0291938 -0.00112702 -0.0654429 0.0248502 -0.00719929 -0.0706856 0.020073 -0.00719929 -0.0706856 0.020073 -0.00111187 -0.0654429 0.0248502 -0.00111188 -0.0605868 0.0301953 -0.00719929 -0.0605868 0.0301952 -0.00111188 -0.367896 0.058524 -0.00719929 -0.367896 0.058524 -0.00111187 -0.360575 0.0519006 -0.0071993 -0.360575 0.0519006 -0.00111188 -0.352207 0.0451289 -0.0071993 -0.352207 0.0451289 -0.00111188 -0.342628 0.0389313 -0.00719931 -0.342628 0.0389313 -0.00111189 -0.333542 0.0343873 -0.00719931 -0.333542 0.0343873 -0.00111189 -0.323234 0.0305177 -0.0071993 -0.323234 0.0305177 -0.00111188 -0.118228 0.00251351 -0.00719931 -0.129217 0.00179647 -0.0071993 -0.129217 0.00179647 -0.00111188 -0.118228 0.00251351 -0.00111189 -0.108216 0.0042303 -0.00719931 -0.108216 0.0042303 -0.00111189 -0.0972517 0.00738679 -0.0071993 -0.0972517 0.00738676 -0.00111188 -0.0872805 0.0114435 -0.0071993 -0.0872805 0.0114435 -0.00111188 -0.0783546 0.0156619 -0.00719929 -0.0783546 0.0156619 -0.00111187 -0.226414 0.0219921 0.015293 -0.224448 0.0216602 0.0155932 -0.224448 0.0216602 -0.023949 -0.226414 0.0219921 -0.0236487 -0.223887 0.0254317 -0.0329099 -0.225862 0.025709 -0.0323989 -0.22317 0.0302722 -0.0428913 -0.225125 0.0306836 -0.0428007 -0.22268 0.0471798 -0.0591564 -0.22315 0.0440062 -0.0579925 -0.221211 0.0434818 -0.0579264 -0.220718 0.046807 -0.059077 -0.223739 0.0400335 -0.0554962 -0.224418 0.0354566 -0.0505176 -0.222477 0.0349495 -0.0504413 -0.221782 0.0396296 -0.0554625 -0.226847 0.0190671 -0.0238153 -0.226847 0.0190671 0.0154595 -0.226414 0.0219921 0.015293 -0.226414 0.0219921 -0.0236487 -0.224448 0.0216602 0.0155932 -0.224881 0.0187352 0.0157568 -0.224881 0.0187352 -0.0241126 -0.224448 0.0216602 -0.023949 -0.223887 0.0254317 -0.0329099 -0.224244 0.0230208 -0.0351393 -0.22317 0.0302722 -0.0428913 -0.223456 0.0283379 -0.0455816 -0.222477 0.0349495 -0.0504413 -0.222695 0.0334774 -0.0538405 -0.221782 0.0396296 -0.0554625 -0.222 0.0381575 -0.0582428 -0.221211 0.0434818 -0.0579264 -0.221285 0.0429795 -0.0605329 -0.220718 0.046807 -0.059077 -0.220695 0.0469644 -0.060191 -0.220695 0.0469644 -0.060191 -0.222656 0.0473372 -0.0605235 -0.22315 0.0440062 -0.0579925 -0.22268 0.0471798 -0.0591564 -0.222656 0.0473372 -0.0605235 -0.223258 0.0432757 -0.0606461 -0.223739 0.0400335 -0.0554962 -0.223957 0.0385614 -0.0583266 -0.224418 0.0354566 -0.0505176 -0.224636 0.0339844 -0.0537283 -0.225125 0.0306836 -0.0428007 -0.225411 0.0287492 -0.0455395 -0.225862 0.025709 -0.0323989 -0.226218 0.0232982 -0.0346684 -0.225862 0.025709 0.0240431 -0.223887 0.0254317 0.0245542 -0.22317 0.0302722 0.0345355 -0.225125 0.0306836 0.034445 -0.22268 0.0471798 0.0508007 -0.220718 0.046807 0.0507213 -0.221211 0.0434818 0.0495706 -0.22315 0.0440062 0.0496368 -0.223739 0.0400335 0.0471405 -0.221782 0.0396296 0.0471068 -0.222477 0.0349495 0.0420855 -0.224418 0.0354566 0.0421618 -0.223887 0.0254317 0.0245542 -0.224244 0.0230208 0.0267835 -0.22317 0.0302722 0.0345355 -0.223456 0.0283379 0.0372258 -0.222477 0.0349495 0.0420855 -0.222695 0.0334774 0.0454848 -0.221782 0.0396296 0.0471068 -0.222 0.0381575 0.0498871 -0.221211 0.0434818 0.0495706 -0.221285 0.0429795 0.0521772 -0.220718 0.046807 0.0507213 -0.220695 0.0469644 0.0518352 -0.222656 0.0473371 0.0521677 -0.220695 0.0469644 0.0518352 -0.22315 0.0440062 0.0496368 -0.223224 0.043504 0.0522904 -0.222656 0.0473371 0.0521677 -0.22268 0.0471798 0.0508007 -0.223739 0.0400335 0.0471405 -0.223957 0.0385614 0.0499709 -0.224418 0.0354566 0.0421618 -0.224636 0.0339844 0.0453726 -0.225125 0.0306836 0.034445 -0.225411 0.0287492 0.0371838 -0.225862 0.025709 0.0240431 -0.226218 0.0232982 0.0263127 -0.378276 0.187909 0.112091 -0.384285 0.203739 0.117267 -0.38387 0.206982 0.117048 -0.37959 0.209154 0.113789 -0.382549 0.186979 0.115384 -0.376781 0.173842 0.11048 -0.379873 0.172927 0.112855 -0.375196 0.156679 0.109097 -0.37459 0.210019 0.109928 -0.371982 0.189 0.107231 -0.370861 0.174862 0.105909 -0.368935 0.157814 0.104273 -0.373378 0.151665 0.107818 -0.369595 0.152319 0.104906 -0.369107 0.206367 0.105548 -0.370049 0.209374 0.106376 -0.367701 0.175034 0.103457 -0.367675 0.189554 0.103899 -0.382661 0.206941 0.118614 -0.38306 0.203698 0.118854 -0.376912 0.187682 0.113819 -0.378369 0.209112 0.115371 -0.381221 0.186935 0.117104 -0.378452 0.172879 0.114696 -0.375327 0.17361 0.112318 -0.374042 0.15664 0.110593 -0.370587 0.188771 0.108996 -0.373345 0.209977 0.11154 -0.369384 0.174633 0.107787 -0.36776 0.157774 0.105796 -0.37247 0.151635 0.108995 -0.368677 0.152288 0.106095 -0.367811 0.206323 0.107227 -0.368775 0.209331 0.108027 -0.366223 0.174984 0.105372 -0.366278 0.189507 0.10571 -0.384606 0.208111 0.118445 -0.379414 0.211159 0.11454 -0.385134 0.204667 0.118757 -0.38417 0.208097 0.11901 -0.384693 0.204652 0.119328 -0.380212 0.172013 0.113946 -0.383163 0.186763 0.116634 -0.379616 0.171993 0.114718 -0.382592 0.186744 0.117374 -0.375253 0.156371 0.109736 -0.374681 0.156352 0.110477 -0.369206 0.151627 0.105139 -0.373041 0.150971 0.108083 -0.366361 0.174398 0.103303 -0.368191 0.157606 0.104329 -0.366262 0.189682 0.103646 -0.367661 0.207692 0.10533 -0.374339 0.212039 0.110639 -0.368764 0.210854 0.10627 -0.372658 0.150958 0.108579 -0.379 0.211145 0.115076 -0.373919 0.212025 0.111184 -0.368821 0.151614 0.105637 -0.365671 0.189662 0.104412 -0.3672 0.207676 0.105927 -0.368309 0.210839 0.10686 -0.36575 0.174377 0.104095 -0.36763 0.157587 0.105056 -0.38417 0.208097 0.11901 -0.379 0.211145 0.115076 -0.384693 0.204652 0.119328 -0.379616 0.171993 0.114718 -0.382592 0.186744 0.117374 -0.374681 0.156352 0.110477 -0.368821 0.151614 0.105637 -0.372658 0.150958 0.108579 -0.36575 0.174377 0.104095 -0.36763 0.157587 0.105056 -0.365671 0.189662 0.104412 -0.3672 0.207676 0.105927 -0.373919 0.212025 0.111184 -0.368309 0.210839 0.10686 -0.359138 0.0113423 0.0942131 -0.358925 0.0113314 0.094172 -0.361548 0.0437343 0.0979221 -0.362063 0.0437182 0.0975939 -0.358553 0.0113344 0.0940072 -0.360953 0.043777 0.0980555 -0.358094 0.0113624 0.0937341 -0.360351 0.0438413 0.0979781 -0.358094 0.0113624 0.0937341 -0.357149 0.011523 0.0930082 -0.359405 0.0440019 0.0972522 -0.360351 0.0438413 0.0979781 -0.356775 0.0116361 0.0926431 -0.359176 0.0440788 0.0966914 -0.35653 0.0117379 0.0923341 -0.359153 0.0441408 0.0960843 -0.356443 0.0117998 0.0921449 -0.359339 0.0441805 0.0955039 -0.356546 0.0118033 0.0920113 -0.359712 0.0441932 0.0950205 -0.356753 0.0117454 0.0920457 -0.360227 0.0441772 0.0946923 -0.357116 0.0116476 0.0922011 -0.360821 0.0441344 0.0945589 -0.357567 0.0115372 0.0924661 -0.361424 0.0440701 0.0946363 -0.358513 0.0113766 0.0931918 -0.36237 0.0439096 0.0953621 -0.358894 0.0113459 0.0935652 -0.362599 0.0438326 0.095923 -0.359148 0.0113388 0.0938835 -0.362622 0.0437706 0.0965301 -0.359241 0.0113458 0.0940795 -0.362436 0.0437309 0.0971104 -0.367744 0.104139 0.103555 -0.368117 0.104151 0.103072 -0.367229 0.104155 0.103883 -0.366635 0.104198 0.104017 -0.366032 0.104262 0.103939 -0.365087 0.104422 0.103214 -0.366032 0.104262 0.103939 -0.364857 0.104499 0.102653 -0.364834 0.104561 0.102045 -0.365021 0.104601 0.101465 -0.365394 0.104614 0.100982 -0.365909 0.104598 0.100653 -0.366503 0.104555 0.10052 -0.367106 0.104491 0.100598 -0.368051 0.10433 0.101323 -0.368281 0.104253 0.101884 -0.368304 0.104191 0.102491 -0.372776 0.157319 0.108799 -0.373123 0.157331 0.108349 -0.372284 0.157336 0.109093 -0.371706 0.15738 0.109197 -0.371111 0.157446 0.109098 -0.370153 0.157609 0.108363 -0.371111 0.157446 0.109098 -0.369905 0.157686 0.107815 -0.369858 0.157748 0.107231 -0.370017 0.157787 0.106682 -0.370364 0.157799 0.106232 -0.370856 0.157782 0.105938 -0.371435 0.157738 0.105834 -0.372029 0.157672 0.105933 -0.372987 0.157509 0.106668 -0.373235 0.157432 0.107216 -0.373282 0.15737 0.1078 -0.357567 0.0115372 0.0924661 -0.357149 0.011523 0.0930082 -0.358094 0.0113624 0.0937341 -0.358513 0.0113766 0.0931918 -0.372847 0.16596 0.108884 -0.372375 0.166086 0.108359 -0.373006 0.165965 0.108679 -0.372631 0.165966 0.109025 -0.372428 0.165985 0.109028 -0.372245 0.166014 0.108914 -0.371858 0.166079 0.108617 -0.371701 0.166109 0.10847 -0.371651 0.166133 0.108274 -0.371733 0.166149 0.108029 -0.371891 0.166154 0.107824 -0.372108 0.166148 0.107682 -0.372311 0.166129 0.10768 -0.372494 0.166101 0.107794 -0.372881 0.166035 0.108091 -0.373038 0.166006 0.108238 -0.373087 0.165982 0.108434 -0.358553 0.0113344 0.0940072 -0.358894 0.0113459 0.0935652 -0.356753 0.0117454 0.0920457 -0.356546 0.0118033 0.0920113 -0.356443 0.0117998 0.0921449 -0.35653 0.0117379 0.0923341 -0.357116 0.0116476 0.0922011 -0.356775 0.0116361 0.0926431 -0.358925 0.0113314 0.094172 -0.359148 0.0113388 0.0938835 -0.359138 0.0113423 0.0942131 -0.359241 0.0113458 0.0940795 -0.372838 0.164456 0.109705 -0.372648 0.165381 0.109645 -0.373111 0.165373 0.109288 -0.373314 0.164441 0.109399 -0.372648 0.165381 0.109645 -0.373111 0.165373 0.109288 -0.373478 0.165385 0.108812 -0.373478 0.165385 0.108812 -0.37366 0.164453 0.10895 -0.372304 0.164495 0.109813 -0.372209 0.165411 0.109759 -0.372209 0.165411 0.109759 -0.371771 0.164555 0.109717 -0.371823 0.165459 0.109646 -0.371823 0.165459 0.109646 -0.370903 0.164702 0.109051 -0.371147 0.165574 0.109127 -0.371823 0.165459 0.109646 -0.371771 0.164555 0.109717 -0.371147 0.165574 0.109127 -0.370673 0.164772 0.108562 -0.370939 0.165627 0.108784 -0.370939 0.165627 0.108784 -0.37064 0.164829 0.108019 -0.370936 0.165672 0.108332 -0.370936 0.165672 0.108332 -0.370815 0.164865 0.107482 -0.371164 0.165703 0.107795 -0.371164 0.165703 0.107795 -0.371162 0.164877 0.107033 -0.371531 0.165716 0.107319 -0.371531 0.165716 0.107319 -0.371638 0.164862 0.106727 -0.371994 0.165708 0.106961 -0.371994 0.165708 0.106961 -0.372172 0.164823 0.106619 -0.372433 0.165678 0.106848 -0.372433 0.165678 0.106848 -0.372705 0.164763 0.106716 -0.372819 0.16563 0.106961 -0.372819 0.16563 0.106961 -0.373573 0.164616 0.107382 -0.373495 0.165515 0.107479 -0.373495 0.165515 0.107479 -0.373803 0.164546 0.107871 -0.373703 0.165462 0.107823 -0.373703 0.165462 0.107823 -0.373835 0.164489 0.108413 -0.373706 0.165417 0.108275 -0.373706 0.165417 0.108275 -0.373333 0.163129 0.109373 -0.372846 0.163147 0.109659 -0.373673 0.163141 0.108932 -0.372271 0.163191 0.109755 -0.371678 0.163257 0.109651 -0.371678 0.163257 0.109651 -0.370715 0.163421 0.108912 -0.370462 0.163498 0.108367 -0.370408 0.163561 0.107788 -0.37056 0.1636 0.107246 -0.370901 0.163611 0.106805 -0.371387 0.163594 0.106519 -0.371962 0.163549 0.106422 -0.372556 0.163483 0.106527 -0.373518 0.16332 0.107266 -0.373772 0.163242 0.107811 -0.373825 0.16318 0.10839 </float_array>
          <technique_common>
            <accessor count="1920" offset="0" source="#meshId2-positions-array" stride="3">
              <param name="X" type="float" />
              <param name="Y" type="float" />
              <param name="Z" type="float" />
            </accessor>
          </technique_common>
        </source>
        <source id="meshId2-normals" name="meshId2-normals">
          <float_array id="meshId2-normals-array" count="5760"> 0.146438 0.98922 8.88379e-07 0.146438 0.98922 -3.22682e-07 0.146438 0.98922 -3.08605e-07 0.146439 0.98922 8.70209e-07 0.146438 0.98922 9.13845e-07 0.146438 0.98922 -2.40817e-07 0.146438 0.98922 9.30157e-07 0.146438 0.98922 -1.29015e-07 0.146438 0.98922 9.10421e-07 0.146438 0.98922 -1.32961e-08 0.146438 0.98922 8.79213e-07 0.146438 0.98922 1.11263e-07 0.146438 0.98922 8.61641e-07 0.146438 0.98922 1.62921e-07 0.146438 0.98922 8.41763e-07 0.146438 0.98922 1.62921e-07 0.146438 0.98922 1.62921e-07 0.146438 0.98922 8.41679e-07 0.146438 0.98922 1.62921e-07 0.146438 0.98922 8.61353e-07 0.146438 0.98922 1.11326e-07 0.146438 0.98922 8.77207e-07 0.146438 0.98922 -1.02928e-08 0.146439 0.98922 8.94092e-07 0.146438 0.98922 -1.13237e-07 0.146438 0.98922 8.87627e-07 0.146438 0.98922 -2.12414e-07 0.146438 0.98922 8.63546e-07 0.146438 0.98922 -3.11478e-07 0.146438 0.98922 8.77392e-07 0.146438 0.98922 -3.23685e-07 0.146438 0.98922 8.9283e-07 0.146439 0.98922 2.04902e-06 0.146438 0.98922 2.10533e-06 0.146438 0.98922 2.07083e-06 0.146438 0.98922 1.99206e-06 0.146438 0.98922 1.82758e-06 0.146438 0.98922 1.64684e-06 0.146438 0.98922 1.55923e-06 0.146438 0.98922 1.52049e-06 0.146438 0.98922 1.52032e-06 0.146438 0.98922 1.55868e-06 0.146438 0.98922 1.64298e-06 0.146439 0.98922 1.79556e-06 0.146438 0.98922 1.8948e-06 0.146438 0.98922 1.94007e-06 0.146438 0.98922 2.06052e-06 0.146438 0.98922 2.10934e-06 0.19562 0.98068 9.93456e-09 0.178078 0.984016 6.55806e-08 0.196047 0.868686 0.454919 0.21605 0.806265 0.55069 0.167789 0.985823 3.50648e-07 0.180225 0.898602 0.400042 0.160394 0.987053 2.38335e-07 0.166835 0.914999 0.367346 0.15441 0.988007 -4.4637e-08 0.154862 0.924409 0.348547 0.149114 0.98882 -2.33953e-07 0.143508 0.929435 0.339936 0.144035 0.989573 -4.986e-07 0.132054 0.93109 0.34005 0.138773 0.990324 -4.01816e-07 0.119737 0.929466 0.348936 0.132878 0.991132 9.5806e-08 0.105581 0.923738 0.368187 0.125675 0.992071 4.79211e-07 0.0880803 0.911462 0.401843 0.11578 0.993275 5.35873e-07 0.064367 0.885958 0.459277 0.0957109 0.995409 2.11225e-07 0.0247598 0.833166 0.552468 0.0445296 0.999008 1.04407e-07 -0.0456148 0.772956 0.632817 0.269544 0.731988 0.625732 0.297007 0.771034 0.563288 0.347711 0.681724 0.643699 0.256937 0.823912 0.505126 0.223889 0.855986 0.466005 0.195433 0.876396 0.440154 0.16972 0.889451 0.424348 0.145301 0.897293 0.416836 0.120908 0.900903 0.41684 0.0952602 0.900468 0.424362 0.0668574 0.895418 0.440178 0.0336828 0.884126 0.466033 -0.00729917 0.863034 0.505093 -0.0610799 0.824384 0.562725 -0.13514 0.753498 0.643412 -0.173214 0.984884 9.92021e-09 -0.265343 0.964154 2.20934e-07 0.35659 0.717694 0.59813 0.41246 0.648786 0.639495 0.307213 0.765316 0.565607 0.262736 0.798661 0.541397 0.221741 0.822174 0.524271 0.182922 0.83847 0.51333 0.145096 0.849047 0.508003 0.107129 0.854661 0.508015 0.0678515 0.855483 0.513367 0.0259597 0.851116 0.524336 -0.020118 0.840467 0.541489 -0.0723919 0.821419 0.565712 -0.133501 0.790181 0.598157 -0.206548 0.740428 0.639612 -0.343325 0.939217 -3.99242e-07 0.600782 0.799413 -7.25222e-07 0.461533 0.587318 0.664865 0.66859 0.743632 1.84348e-07 0.406946 0.633786 0.657807 0.35295 0.671951 0.651082 0.299453 0.702454 0.645668 0.246269 0.726405 0.641629 0.193126 0.7446 0.638963 0.139725 0.757547 0.637651 0.0857544 0.765511 0.637682 0.030873 0.768542 0.639054 -0.0252938 0.766477 0.641773 -0.0831757 0.758916 0.645855 -0.143259 0.74518 0.651294 -0.206033 0.724277 0.658007 -0.271785 0.694903 0.665765 -0.42536 0.905024 8.70657e-08 0.499135 0.492564 0.712913 0.745013 0.66705 -3.16392e-07 0.447521 0.505812 0.737482 0.390685 0.519704 0.759785 0.328958 0.533491 0.779214 0.262921 0.546914 0.794832 0.193457 0.559694 0.805802 0.121725 0.57155 0.811489 0.0490798 0.582222 0.811547 -0.0230524 0.591509 0.805968 -0.0932916 0.59928 0.795085 -0.160437 0.605478 0.779523 -0.22355 0.610125 0.760114 -0.281989 0.613304 0.737794 -0.335317 0.615291 0.713428 -0.520402 0.853921 -1.08674e-07 0.468543 0.314596 0.825529 0.521343 0.358292 0.774486 0.405084 0.275086 0.871915 0.331978 0.242434 0.911601 0.251063 0.219158 0.942835 0.164775 0.207129 0.964338 0.0759089 0.20744 0.975298 -0.0125784 0.220405 0.975327 -0.0977575 0.245605 0.964428 -0.176891 0.281916 0.942991 -0.247622 0.32751 0.911823 -0.308159 0.379908 0.872185 -0.357463 0.436172 0.825817 -0.395324 0.493498 0.774712 -0.635721 0.771919 -6.68344e-07 0.476752 0.214398 0.852491 0.532296 0.296414 0.792969 0.406687 0.134976 0.903541 0.324322 0.0645879 0.943739 0.233432 0.00948821 0.972327 0.138192 -0.0253115 0.990082 0.0423323 -0.0365688 0.998434 -0.0511336 -0.0228608 0.99843 -0.139678 0.0154679 0.990076 -0.220819 0.0762282 0.972331 -0.29191 0.155262 0.94376 -0.350388 0.246565 0.903567 -0.394437 0.343026 0.852498 -0.423726 0.43796 0.792873 -0.677159 0.735837 5.34463e-07 -0.247183 -0.662608 -0.707002 -0.18598 -0.720089 -0.668493 -0.187848 -0.51563 -0.835966 -0.310236 -0.604109 -0.734035 -0.220415 -0.800907 -0.556745 -0.176154 -0.831936 -0.526167 -0.198855 -0.8614 -0.467383 -0.166946 -0.882588 -0.439509 -0.181762 -0.892256 -0.41333 -0.15933 -0.908691 -0.385869 -0.167534 -0.909622 -0.380158 -0.152871 -0.92319 -0.352634 -0.154945 -0.919681 -0.360804 -0.147059 -0.931319 -0.333194 -0.143064 -0.925064 -0.351836 -0.141447 -0.935359 -0.324186 -0.131081 -0.926838 -0.351836 -0.135612 -0.936223 -0.324186 -0.118149 -0.925128 -0.360804 -0.12907 -0.933982 -0.333194 -0.103187 -0.919148 -0.380158 -0.121151 -0.927885 -0.352634 -0.0845376 -0.906649 -0.41333 -0.110769 -0.91588 -0.385869 -0.0592384 -0.882068 -0.467383 -0.0959169 -0.893102 -0.439509 -0.0210763 -0.830416 -0.556745 -0.0724294 -0.847291 -0.526167 0.0446112 -0.705804 -0.707001 -0.0306203 -0.743088 -0.668493 0.121908 -0.668081 -0.734034 0.0304035 -0.547939 -0.835966 -0.347766 -0.679672 -0.645836 -0.396776 -0.626622 -0.670756 -0.297337 -0.771374 -0.562648 -0.257077 -0.823802 -0.505234 -0.223973 -0.855841 -0.466232 -0.195485 -0.87626 -0.440403 -0.169743 -0.889325 -0.424603 -0.145293 -0.897176 -0.417091 -0.120868 -0.900792 -0.417091 -0.0951919 -0.900362 -0.424603 -0.0667686 -0.895314 -0.440402 -0.0335868 -0.884025 -0.466232 0.00737973 -0.862951 -0.505234 0.0611027 -0.824435 -0.562649 0.135936 -0.751277 -0.645836 0.198214 -0.714702 -0.670755 -0.4123 -0.648682 -0.639703 -0.453772 -0.603154 -0.65597 -0.356753 -0.717466 -0.598305 -0.307371 -0.764935 -0.566036 -0.262876 -0.798239 -0.54195 -0.221839 -0.821743 -0.524905 -0.182961 -0.838043 -0.514014 -0.145064 -0.848632 -0.508705 -0.107023 -0.854263 -0.508705 -0.0676832 -0.855108 -0.514014 -0.02575 -0.850771 -0.524905 0.0203359 -0.840165 -0.54195 0.0725717 -0.82118 -0.566036 0.133589 -0.790054 -0.598305 0.206681 -0.740313 -0.639703 0.259565 -0.708753 -0.655969 -0.461502 -0.586277 -0.665804 -0.496602 -0.550496 -0.671074 -0.407087 -0.633163 -0.65832 -0.353152 -0.671027 -0.651926 -0.299666 -0.701274 -0.64685 -0.246421 -0.725032 -0.643122 -0.19315 -0.743108 -0.64069 -0.139582 -0.75602 -0.639492 -0.0854389 -0.764036 -0.639492 -0.0304265 -0.767197 -0.64069 0.0257962 -0.765329 -0.643122 0.0836407 -0.758016 -0.64685 0.143596 -0.744563 -0.651925 0.206187 -0.723949 -0.65832 0.271853 -0.694839 -0.665804 0.315815 -0.670761 -0.671075 -0.499197 -0.49135 -0.713707 -0.528174 -0.471079 -0.706482 -0.447564 -0.504616 -0.738275 -0.390787 -0.517816 -0.76102 -0.329076 -0.530837 -0.780974 -0.262952 -0.543558 -0.797121 -0.193282 -0.555828 -0.808515 -0.121265 -0.567466 -0.814418 -0.0483423 -0.578261 -0.814418 0.0239578 -0.587987 -0.808516 0.0941948 -0.596428 -0.797121 0.161169 -0.60341 -0.780974 0.224006 -0.608827 -0.76102 0.282171 -0.612642 -0.738274 0.335433 -0.614904 -0.713707 0.36904 -0.603898 -0.706482 -0.521163 -0.358545 -0.77449 -0.545466 -0.363882 -0.755021 -0.46832 -0.315659 -0.825249 -0.40489 -0.276967 -0.871409 -0.331908 -0.24517 -0.910895 -0.251185 -0.222654 -0.941982 -0.165121 -0.211203 -0.963394 -0.0764773 -0.211864 -0.974302 0.0118161 -0.224934 -0.974302 0.0968493 -0.249983 -0.963394 0.175905 -0.285879 -0.941982 0.246642 -0.330816 -0.910894 0.307282 -0.382393 -0.871409 0.356781 -0.437803 -0.825249 0.394933 -0.49416 -0.774489 0.416648 -0.506309 -0.75502 -0.532007 -0.297133 -0.792894 -0.548406 -0.324348 -0.770746 -0.476646 -0.216846 -0.851931 -0.406837 -0.140116 -0.902691 -0.324996 -0.0730748 -0.942888 -0.234772 -0.0213851 -0.971815 -0.140139 0.0106101 -0.990075 -0.0446803 0.0202356 -0.998796 0.0486265 0.00642246 -0.998796 0.137202 -0.0304478 -0.990075 0.218507 -0.0884886 -0.971815 0.289886 -0.164099 -0.942888 0.348794 -0.251974 -0.902691 0.393379 -0.345639 -0.851931 0.423104 -0.438524 -0.792893 0.430915 -0.469323 -0.770745 0.0209138 0.976309 -0.21537 0.0633741 0.982869 -0.173067 0.0629473 0.982806 -0.173579 0.0204528 0.976237 -0.21574 0.0993802 0.987272 -0.124168 0.0990801 0.987243 -0.124637 0.125023 0.989085 -0.0779729 0.124853 0.989078 -0.0783386 0.14032 0.989359 -0.0384705 0.140253 0.989359 -0.0386985 0.146787 0.989123 -0.00940461 0.146776 0.989124 -0.00950103 0.147298 0.989072 0.00630894 0.147301 0.989072 0.00629491 0.145644 0.989312 0.00706703 0.145642 0.989312 0.00706078 0.145885 0.989276 -0.0071585 0.145892 0.989274 -0.00722898 0.151648 0.987821 -0.034828 0.151697 0.987807 -0.0350065 0.165537 0.98349 -0.0731045 0.165662 0.983448 -0.0733942 0.188784 0.974864 -0.118322 0.189002 0.974777 -0.118692 0.221197 0.960901 -0.166558 0.221499 0.960762 -0.166958 0.259653 0.942678 -0.209614 0.259981 0.94252 -0.209918 0.279847 0.932492 -0.228349 0.287441 0.957798 -1.30968e-06 0.287441 0.957798 -1.35504e-06 0.237524 0.971382 -4.56651e-08 0.454912 0.890536 -5.57979e-08 0.535429 0.84458 1.01026e-07 0.551706 0.834039 1.01039e-07 0.83195 0.55485 -7.54668e-07 0.861266 0.508155 5.92735e-08 -0.00134497 0.999999 1.60444e-06 -0.00134497 0.999999 1.68525e-06 -0.00130692 0.972448 -0.233114 0.19562 0.98068 9.93456e-09 0.21605 0.806265 -0.550689 0.196047 0.868686 -0.454918 0.178078 0.984016 6.55806e-08 0.180225 0.898602 -0.400042 0.167789 0.985823 3.50648e-07 0.166834 0.914998 -0.367348 0.160394 0.987053 2.38335e-07 0.154861 0.924409 -0.348548 0.15441 0.988007 -4.4637e-08 0.143507 0.929435 -0.339937 0.149114 0.98882 -2.33953e-07 0.132053 0.931089 -0.340052 0.144035 0.989573 -4.986e-07 0.119737 0.929465 -0.348938 0.138773 0.990324 -4.01816e-07 0.105581 0.923737 -0.368189 0.132878 0.991132 9.5806e-08 0.0880805 0.911462 -0.401844 0.125675 0.992071 4.79211e-07 0.0643669 0.885958 -0.459277 0.11578 0.993275 5.35873e-07 0.0247598 0.833166 -0.552468 0.0957109 0.995409 2.11225e-07 -0.0456149 0.772957 -0.632817 0.0445296 0.999008 1.04407e-07 0.269544 0.731988 -0.625731 0.347712 0.681724 -0.6437 0.297007 0.771034 -0.563288 0.256936 0.823913 -0.505125 0.223889 0.855987 -0.466005 0.195432 0.876397 -0.440154 0.16972 0.889452 -0.424347 0.145301 0.897294 -0.416835 0.120908 0.900903 -0.416839 0.0952607 0.900469 -0.42436 0.0668583 0.895418 -0.440177 0.0336837 0.884126 -0.466033 -0.00729871 0.863034 -0.505093 -0.0610799 0.824385 -0.562725 -0.13514 0.753498 -0.643411 -0.265343 0.964154 2.20934e-07 -0.173214 0.984884 9.92021e-09 0.41246 0.648786 -0.639495 0.35659 0.717693 -0.59813 0.307213 0.765316 -0.565608 0.262736 0.798662 -0.541395 0.221741 0.822177 -0.524267 0.182922 0.838474 -0.513323 0.145096 0.849052 -0.507994 0.107129 0.854665 -0.508007 0.0678523 0.855486 -0.513361 0.0259608 0.851119 -0.524331 -0.0201174 0.840469 -0.541487 -0.0723916 0.821419 -0.565712 -0.133501 0.790181 -0.598156 -0.206548 0.740429 -0.639612 -0.343325 0.939217 -3.99242e-07 0.600782 0.799413 -7.25222e-07 0.66859 0.743632 1.84348e-07 0.461532 0.587318 -0.664865 0.406946 0.633787 -0.657807 0.352951 0.671953 -0.65108 0.299454 0.702458 -0.645662 0.24627 0.726411 -0.641622 0.193127 0.744606 -0.638956 0.139727 0.757552 -0.637645 0.0857545 0.765517 -0.637676 0.0308739 0.768548 -0.639046 -0.0252927 0.766483 -0.641766 -0.0831758 0.75892 -0.64585 -0.143259 0.745182 -0.651292 -0.206033 0.724278 -0.658006 -0.271785 0.694903 -0.665764 -0.42536 0.905024 8.70657e-08 0.745013 0.66705 -3.16392e-07 0.499135 0.492564 -0.712913 0.447521 0.505812 -0.737482 0.390686 0.519704 -0.759784 0.328962 0.533492 -0.779211 0.262923 0.546919 -0.794828 0.193458 0.559699 -0.805799 0.121726 0.571552 -0.811487 0.0490795 0.582224 -0.811545 -0.0230517 0.591514 -0.805965 -0.0932926 0.599285 -0.795081 -0.16044 0.605481 -0.779521 -0.223551 0.610125 -0.760114 -0.281989 0.613304 -0.737794 -0.335317 0.61529 -0.713429 -0.520402 0.853921 -1.08674e-07 0.521343 0.358292 -0.774486 0.468543 0.314595 -0.825529 0.405084 0.275084 -0.871915 0.331981 0.242425 -0.911602 0.251064 0.219138 -0.942839 0.164772 0.207106 -0.964343 0.0759058 0.207417 -0.975303 -0.012582 0.220382 -0.975332 -0.0977615 0.245583 -0.964433 -0.176898 0.281897 -0.942996 -0.247628 0.327501 -0.911824 -0.30816 0.379907 -0.872186 -0.357464 0.436171 -0.825817 -0.395324 0.493498 -0.774712 -0.635721 0.771919 -6.68344e-07 0.532296 0.296416 -0.792968 0.476752 0.2144 -0.85249 0.406687 0.134976 -0.903542 0.324323 0.0645787 -0.943739 0.23343 0.00945437 -0.972328 0.138184 -0.0253621 -0.990082 0.042325 -0.0366187 -0.998433 -0.0511407 -0.0229089 -0.998429 -0.139685 0.0154192 -0.990076 -0.220827 0.0761957 -0.972332 -0.291913 0.155254 -0.94376 -0.350388 0.246566 -0.903567 -0.394437 0.343028 -0.852497 -0.423725 0.437961 -0.792873 -0.677159 0.735837 5.34463e-07 -0.247183 -0.662608 0.707002 -0.310235 -0.604109 0.734034 -0.187848 -0.515629 0.835967 -0.18598 -0.720088 0.668494 -0.220416 -0.800907 0.556745 -0.176154 -0.831937 0.526166 -0.198855 -0.8614 0.467382 -0.166946 -0.882588 0.439508 -0.181762 -0.892256 0.413329 -0.15933 -0.908691 0.385868 -0.167533 -0.909622 0.380158 -0.152871 -0.92319 0.352634 -0.154945 -0.919681 0.360803 -0.147058 -0.931319 0.333195 -0.143064 -0.925064 0.351836 -0.141446 -0.935359 0.324187 -0.131081 -0.926838 0.351836 -0.135612 -0.936222 0.324187 -0.11815 -0.925128 0.360803 -0.129071 -0.933982 0.333195 -0.103187 -0.919148 0.380158 -0.121152 -0.927885 0.352634 -0.0845379 -0.906649 0.413329 -0.110769 -0.91588 0.385868 -0.0592382 -0.882068 0.467382 -0.0959169 -0.893103 0.439508 -0.0210755 -0.830416 0.556745 -0.0724289 -0.847292 0.526166 0.0446112 -0.705803 0.707002 -0.0306198 -0.743087 0.668494 0.121908 -0.668082 0.734034 0.0304036 -0.547937 0.835967 -0.347766 -0.679674 0.645835 -0.396776 -0.626622 0.670756 -0.297337 -0.771375 0.562647 -0.257077 -0.823802 0.505234 -0.223973 -0.855841 0.466232 -0.195485 -0.87626 0.440402 -0.169743 -0.889326 0.424602 -0.145293 -0.897177 0.41709 -0.120868 -0.900792 0.41709 -0.0951924 -0.900362 0.424602 -0.0667686 -0.895314 0.440402 -0.033587 -0.884025 0.466232 0.00737959 -0.862951 0.505234 0.0611025 -0.824436 0.562647 0.135936 -0.751279 0.645834 0.198214 -0.714702 0.670754 -0.412301 -0.648682 0.639703 -0.453772 -0.603154 0.65597 -0.356753 -0.717467 0.598305 -0.307371 -0.764935 0.566036 -0.262876 -0.79824 0.54195 -0.22184 -0.821743 0.524905 -0.182961 -0.838043 0.514014 -0.145063 -0.848632 0.508705 -0.107024 -0.854263 0.508705 -0.0676832 -0.855108 0.514013 -0.0257497 -0.850771 0.524905 0.0203358 -0.840164 0.54195 0.0725713 -0.82118 0.566036 0.133589 -0.790054 0.598305 0.206682 -0.740313 0.639703 0.259565 -0.708753 0.655969 -0.461502 -0.586277 0.665804 -0.496602 -0.550496 0.671074 -0.407087 -0.633163 0.65832 -0.353152 -0.671027 0.651925 -0.299666 -0.701279 0.646845 -0.24642 -0.725039 0.643114 -0.19315 -0.743115 0.640681 -0.139582 -0.756028 0.639483 -0.0854405 -0.764043 0.639483 -0.0304287 -0.767204 0.640681 0.0257942 -0.765336 0.643114 0.0836399 -0.758021 0.646845 0.143596 -0.744563 0.651925 0.206188 -0.723948 0.65832 0.271853 -0.694839 0.665804 0.315815 -0.670761 0.671074 -0.499197 -0.49135 0.713707 -0.528174 -0.471079 0.706482 -0.447564 -0.504616 0.738275 -0.390789 -0.517819 0.761017 -0.329079 -0.530846 0.780967 -0.262953 -0.543568 0.797113 -0.193282 -0.555839 0.808508 -0.121266 -0.567477 0.81441 -0.0483443 -0.578272 0.814411 0.0239554 -0.587996 0.808509 0.0941927 -0.596438 0.797114 0.161168 -0.60342 0.780967 0.224006 -0.608831 0.761017 0.282171 -0.612642 0.738275 0.335433 -0.614904 0.713707 0.369041 -0.603898 0.706482 -0.521163 -0.358545 0.77449 -0.545466 -0.363883 0.755021 -0.46832 -0.315659 0.825249 -0.404892 -0.276963 0.871409 -0.33191 -0.245158 0.910897 -0.251185 -0.222636 0.941987 -0.165119 -0.211183 0.963399 -0.0764744 -0.211844 0.974307 0.0118195 -0.224913 0.974307 0.0968531 -0.249963 0.963399 0.17591 -0.28586 0.941987 0.246648 -0.330805 0.910897 0.307285 -0.38239 0.871409 0.356782 -0.437802 0.825249 0.394933 -0.494159 0.77449 0.416648 -0.506309 0.75502 -0.532006 -0.297135 0.792893 -0.548405 -0.32435 0.770745 -0.476646 -0.216847 0.851931 -0.406838 -0.140107 0.902692 -0.324996 -0.0730428 0.942891 -0.234767 -0.0213414 0.971817 -0.140133 0.0106529 0.990075 -0.0446737 0.0202808 0.998796 0.0486334 0.00646814 0.998796 0.137209 -0.0304036 0.990075 0.218515 -0.0884433 0.971817 0.289895 -0.164068 0.942891 0.348798 -0.251967 0.902692 0.393379 -0.34564 0.851931 0.423104 -0.438524 0.792893 0.430915 -0.469323 0.770745 0.0209117 0.976308 0.215374 0.0204507 0.976236 0.215744 0.0629462 0.982806 0.173582 0.063373 0.982868 0.17307 0.0990799 0.987243 0.12464 0.0993799 0.987272 0.124171 0.124852 0.989078 0.0783404 0.125022 0.989085 0.0779746 0.140252 0.989359 0.0386979 0.14032 0.989359 0.0384699 0.146776 0.989124 0.00949831 0.146787 0.989123 0.00940188 0.147301 0.989072 -0.00629976 0.147298 0.989072 -0.00631379 0.145642 0.989312 -0.00706613 0.145644 0.989312 -0.00707238 0.145891 0.989274 0.00722575 0.145884 0.989276 0.00715526 0.151697 0.987807 0.0350064 0.151648 0.987821 0.034828 0.165663 0.983447 0.0733949 0.165538 0.98349 0.073105 0.189001 0.974777 0.118691 0.188783 0.974865 0.118322 0.221497 0.960763 0.166957 0.221195 0.960901 0.166557 0.25998 0.942521 0.209916 0.259652 0.942679 0.209612 0.279846 0.932493 0.228346 0.287441 0.957798 -1.35504e-06 0.287441 0.957798 -1.30968e-06 0.237524 0.971382 -4.56651e-08 0.454912 0.890536 -5.57979e-08 0.535429 0.84458 1.01026e-07 0.551706 0.834039 1.01039e-07 0.83195 0.55485 -7.54668e-07 0.861266 0.508155 5.92735e-08 -0.00134497 0.999999 1.60444e-06 -0.00130894 0.972448 0.233118 -0.00134497 0.999999 1.68525e-06 0.213541 0.949186 -0.231183 0.223124 0.932135 -0.285203 0.223124 0.932135 0.285203 0.213542 0.949186 0.231183 0.276279 0.813721 0.511399 0.270917 0.815233 0.511859 0.312851 0.770788 0.554986 0.309078 0.77772 0.547378 0.351241 0.645599 0.678108 0.372417 0.401345 0.836796 0.37242 0.401458 0.836741 0.340582 0.70344 0.62384 0.363281 0.550877 0.751373 0.341152 0.688808 0.639656 0.342116 0.683894 0.644396 0.364768 0.538463 0.759607 -0.989215 0.146473 -0.000128731 -0.989215 0.146473 0.000128731 -0.989212 0.14649 0.00019188 -0.989212 0.14649 -0.00019188 0.989212 -0.146492 -0.000199683 0.989214 -0.146475 -0.000135106 0.989214 -0.146475 0.000135106 0.989212 -0.146492 0.000199683 0.989211 -0.146496 0.000174564 0.98921 -0.146505 0.000213895 0.989212 -0.14649 5.16914e-05 0.989212 -0.146489 5.10546e-05 0.9892 -0.146574 9.90909e-05 0.989199 -0.146581 0.000103183 0.98919 -0.146639 0.000119544 0.98919 -0.14664 0.00012505 0.989199 -0.146577 5.51081e-05 0.989199 -0.146576 5.47511e-05 0.989209 -0.146512 3.18318e-06 0.989209 -0.146512 3.18318e-06 0.281629 0.878061 0.386902 0.281629 0.878061 0.386902 -0.989201 0.146563 -4.72479e-05 -0.989208 0.146516 -3.16564e-06 -0.989208 0.146516 -3.16564e-06 -0.989201 0.146563 -4.66643e-05 -0.989195 0.146605 -0.000101178 -0.989195 0.146605 -0.000105682 -0.989203 0.146549 -8.41791e-05 -0.989203 0.146552 -8.58356e-05 -0.989214 0.146477 -3.77202e-05 -0.989214 0.146475 -3.65648e-05 -0.989213 0.146487 -0.000156766 -0.989211 0.146497 -0.000198414 0.270915 0.815233 -0.511859 0.276278 0.813721 -0.511399 0.31285 0.770789 -0.554986 0.309076 0.777721 -0.547378 0.351242 0.645602 -0.678106 0.340583 0.703441 -0.623838 0.37242 0.401459 -0.83674 0.372418 0.401346 -0.836795 0.363282 0.550876 -0.751373 0.364769 0.538462 -0.759606 0.342116 0.683894 -0.644396 0.341152 0.688808 -0.639656 0.989211 -0.146496 -0.000174564 0.98921 -0.146505 -0.000213895 0.989212 -0.14649 -5.16914e-05 0.989212 -0.146489 -5.10546e-05 0.9892 -0.146574 -9.90907e-05 0.989199 -0.146581 -0.000103183 0.98919 -0.146639 -0.000119544 0.98919 -0.14664 -0.00012505 0.989199 -0.146577 -5.51082e-05 0.989199 -0.146576 -5.47514e-05 0.989209 -0.146512 -3.18344e-06 0.989209 -0.146512 -3.18344e-06 0.28163 0.878063 -0.386898 0.28163 0.878063 -0.386898 -0.989201 0.146563 4.72482e-05 -0.989201 0.146563 4.66646e-05 -0.989208 0.146516 3.16589e-06 -0.989208 0.146516 3.16589e-06 -0.989195 0.146605 0.000101179 -0.989195 0.146605 0.000105683 -0.989203 0.146549 8.4179e-05 -0.989203 0.146552 8.58357e-05 -0.989214 0.146477 3.77202e-05 -0.989214 0.146475 3.65648e-05 -0.989213 0.146487 0.000156766 -0.989211 0.146497 0.000198414 0.210109 0.956981 -0.200106 0.220531 0.941843 -0.253568 0.220535 0.941842 0.253569 0.210111 0.95698 0.200104 0.262177 0.853053 0.451181 0.259775 0.853694 0.451357 0.27589 0.818969 0.503164 0.274898 0.82345 0.496348 0.261152 0.734335 0.626539 0.271274 0.44552 0.853184 0.271448 0.44559 0.853092 0.257657 0.764055 0.591467 0.280008 0.576484 0.767634 0.281904 0.738244 0.612802 0.281881 0.737202 0.614066 0.279853 0.569683 0.77275 -0.989213 0.146481 -0.000111212 -0.989213 0.146481 0.000111212 -0.989211 0.146496 0.00015176 -0.989211 0.146496 -0.000151759 0.989211 -0.146499 -0.000159562 0.989213 -0.146483 -0.000117399 0.989213 -0.146483 0.000117399 0.989211 -0.146499 0.000159562 0.989209 -0.146509 0.000159305 0.98921 -0.146508 0.000157264 0.98954 -0.144251 -0.00138444 0.989607 -0.143791 -0.00167806 0.989619 -0.143702 -0.00175102 0.989502 -0.144514 -0.0012382 0.989188 -0.146654 0.000100526 0.989188 -0.146655 0.000102463 0.989197 -0.146589 4.80214e-05 0.989198 -0.146584 4.46065e-05 0.989208 -0.146517 2.70764e-06 0.989208 -0.146517 2.70764e-06 0.21878 0.922727 0.317348 0.21878 0.922727 0.317348 -0.9892 0.146574 -4.1069e-05 -0.989208 0.14652 -2.62904e-06 -0.989208 0.14652 -2.62904e-06 -0.9892 0.146569 -3.75447e-05 -0.989193 0.146618 -8.46339e-05 -0.989193 0.146618 -8.60649e-05 -0.988788 0.149312 -0.00187997 -0.988889 0.148648 -0.00144075 -0.988888 0.148658 -0.00146222 -0.988819 0.149113 -0.00176106 -0.989211 0.146499 -0.000144506 -0.989211 0.146498 -0.000142286 0.259769 0.853696 -0.451357 0.26217 0.853054 -0.451182 0.275881 0.818972 -0.503164 0.274889 0.823452 -0.496349 0.261139 0.734333 -0.626547 0.257645 0.764051 -0.591478 0.271432 0.445594 -0.853095 0.271258 0.445523 -0.853187 0.279996 0.576486 -0.767637 0.279841 0.569688 -0.772751 0.28187 0.737205 -0.614067 0.281894 0.738246 -0.612804 0.989209 -0.146509 -0.000159305 0.989209 -0.146508 -0.000157263 0.98954 -0.144251 0.00138443 0.989607 -0.143791 0.00167805 0.989619 -0.143702 0.00175102 0.989502 -0.144514 0.00123819 0.989188 -0.146654 -0.000100525 0.989188 -0.146655 -0.000102462 0.989197 -0.146589 -4.80209e-05 0.989198 -0.146584 -4.46063e-05 0.989208 -0.146517 -2.70748e-06 0.989208 -0.146517 -2.70748e-06 0.218773 0.922724 -0.317363 0.218773 0.922724 -0.317363 -0.9892 0.146574 4.1069e-05 -0.9892 0.146569 3.75449e-05 -0.989208 0.14652 2.62871e-06 -0.989208 0.14652 2.62871e-06 -0.989193 0.146618 8.46341e-05 -0.989193 0.146618 8.60651e-05 -0.988788 0.149312 0.00187997 -0.988889 0.148648 0.00144074 -0.988888 0.148658 0.00146221 -0.988819 0.149113 0.00176106 -0.989211 0.146499 0.000144506 -0.989211 0.146498 0.000142286 0.0565031 0.9568 0.285203 0.0565035 0.9568 -0.285203 0.0706149 0.970344 -0.231183 0.0706146 0.970344 0.231183 -0.0231085 0.858759 0.511859 -0.0286793 0.858865 0.511399 -0.0761211 0.82837 0.554986 -0.0705013 0.833911 0.547378 -0.149134 0.719672 0.678108 -0.122175 0.771944 0.62384 -0.240137 0.492138 0.836741 -0.240167 0.492029 0.836796 -0.1881 0.6325 0.751373 -0.19312 0.621049 0.759607 -0.129305 0.75368 0.644396 -0.126959 0.758104 0.639656 0.989227 -0.146387 0.00019188 0.989225 -0.146404 0.000128731 0.989225 -0.146404 -0.000128731 0.989227 -0.146387 -0.00019188 -0.989225 0.146402 0.000135106 -0.989225 0.146402 -0.000135106 -0.989228 0.146384 -0.000199683 -0.989228 0.146384 0.000199683 -0.989228 0.146381 0.000174564 -0.98923 0.146372 0.000213895 -0.989227 0.146386 5.16914e-05 -0.989227 0.146388 5.10546e-05 -0.98924 0.146303 9.90909e-05 -0.989241 0.146296 0.000103183 -0.989249 0.146238 0.000119544 -0.98925 0.146237 0.00012505 -0.98924 0.1463 5.51081e-05 -0.98924 0.146301 5.47511e-05 -0.989231 0.146365 3.18318e-06 -0.989231 0.146365 3.18319e-06 -0.015159 0.921996 0.386902 -0.015159 0.921996 0.386902 0.989238 -0.146314 -4.72479e-05 0.989238 -0.146314 -4.66643e-05 0.989231 -0.146361 -3.16564e-06 0.989231 -0.146361 -3.16564e-06 0.989244 -0.146272 -0.000101178 0.989244 -0.146272 -0.000105682 0.989236 -0.146327 -8.4179e-05 0.989237 -0.146325 -8.58357e-05 0.989225 -0.1464 -3.77202e-05 0.989225 -0.146402 -3.65648e-05 0.989227 -0.14639 -0.000156766 0.989228 -0.14638 -0.000198414 -0.0286777 0.858865 -0.511399 -0.0231071 0.858758 -0.511859 -0.0761195 0.82837 -0.554986 -0.0704996 0.833911 -0.547378 -0.149134 0.719674 -0.678106 -0.240168 0.492029 -0.836795 -0.240137 0.492138 -0.83674 -0.122176 0.771945 -0.623838 -0.188102 0.6325 -0.751373 -0.12696 0.758104 -0.639656 -0.129306 0.75368 -0.644396 -0.193122 0.621049 -0.759606 -0.989228 0.146381 -0.000174564 -0.98923 0.146372 -0.000213895 -0.989227 0.146386 -5.16914e-05 -0.989227 0.146388 -5.10546e-05 -0.98924 0.146303 -9.90907e-05 -0.989241 0.146296 -0.000103183 -0.989249 0.146238 -0.000119544 -0.98925 0.146237 -0.00012505 -0.98924 0.1463 -5.51082e-05 -0.98924 0.146301 -5.47515e-05 -0.989231 0.146365 -3.18344e-06 -0.989231 0.146365 -3.18344e-06 -0.0151597 0.921998 -0.386898 -0.0151597 0.921998 -0.386898 0.989238 -0.146314 4.72482e-05 0.989231 -0.146361 3.16589e-06 0.989231 -0.146361 3.16589e-06 0.989238 -0.146314 4.66646e-05 0.989244 -0.146272 0.000101179 0.989244 -0.146272 0.000105683 0.989236 -0.146327 8.4179e-05 0.989237 -0.146325 8.58357e-05 0.989225 -0.1464 3.77202e-05 0.989225 -0.146402 3.65648e-05 0.989227 -0.14639 0.000156766 0.989228 -0.14638 0.000198414 0.0617939 0.965341 0.253569 0.0617972 0.965342 -0.253568 0.0761581 0.97681 -0.200106 0.076156 0.97681 0.200104 -0.00130172 0.892343 0.451357 -0.0037863 0.892424 0.451181 -0.0267864 0.863776 0.503164 -0.0245381 0.867777 0.496348 -0.0372004 0.778502 0.626539 -0.0252449 0.805934 0.591467 -0.130709 0.505123 0.853092 -0.130563 0.505005 0.853184 -0.10098 0.632883 0.767634 -0.102802 0.626329 0.77275 -0.0562094 0.78725 0.614066 -0.0559295 0.788255 0.612802 0.989228 -0.146381 0.00015176 0.989226 -0.146396 0.000111212 0.989226 -0.146396 -0.000111212 0.989228 -0.146381 -0.000151759 -0.989226 0.146394 0.000117399 -0.989226 0.146394 -0.000117399 -0.989229 0.146378 -0.000159562 -0.989229 0.146378 0.000159562 -0.98923 0.146368 0.000159305 -0.98923 0.146369 0.000157264 -0.988893 0.148625 -0.00138444 -0.988823 0.149084 -0.00167806 -0.98881 0.149173 -0.00175102 -0.988932 0.148362 -0.0012382 -0.989252 0.146223 0.000100526 -0.989252 0.146222 0.000102463 -0.989242 0.146288 4.80214e-05 -0.989241 0.146293 4.46065e-05 -0.989231 0.14636 2.70764e-06 -0.989231 0.14636 2.70764e-06 0.0579351 0.946538 0.317348 0.0579351 0.946538 0.317348 0.98924 -0.146303 -4.1069e-05 0.989239 -0.146308 -3.75447e-05 0.989232 -0.146357 -2.62904e-06 0.989232 -0.146357 -2.62904e-06 0.989246 -0.146259 -8.46339e-05 0.989246 -0.146259 -8.60649e-05 0.989639 -0.143563 -0.00187997 0.989544 -0.144228 -0.00144075 0.989545 -0.144218 -0.00146222 0.989611 -0.143762 -0.00176106 0.989229 -0.146378 -0.000144506 0.989229 -0.146378 -0.000142286 -0.00377974 0.892424 -0.451182 -0.00129559 0.892343 -0.451357 -0.0267772 0.863776 -0.503165 -0.0245294 0.867776 -0.496349 -0.0371886 0.778495 -0.626548 -0.130548 0.505004 -0.853187 -0.130694 0.505122 -0.853095 -0.0252344 0.805927 -0.591478 -0.100968 0.632882 -0.767637 -0.0559192 0.788254 -0.612804 -0.0561988 0.78725 -0.614067 -0.102789 0.626331 -0.772751 -0.98923 0.146368 -0.000159305 -0.98923 0.146369 -0.000157263 -0.988893 0.148625 0.00138443 -0.988823 0.149084 0.00167805 -0.98881 0.149173 0.00175102 -0.988932 0.148362 0.00123819 -0.989252 0.146223 -0.000100525 -0.989252 0.146222 -0.000102462 -0.989242 0.146288 -4.80209e-05 -0.989241 0.146293 -4.46063e-05 -0.989231 0.14636 -2.70748e-06 -0.989231 0.14636 -2.70748e-06 0.0579408 0.946532 -0.317363 0.0579408 0.946532 -0.317363 0.98924 -0.146303 4.1069e-05 0.989232 -0.146357 2.62871e-06 0.989232 -0.146357 2.62871e-06 0.989239 -0.146308 3.75449e-05 0.989246 -0.146259 8.4634e-05 0.989246 -0.146259 8.60651e-05 0.989639 -0.143563 0.00187997 0.989543 -0.144227 0.00144074 0.989545 -0.144218 0.00146221 0.989611 -0.143762 0.00176106 0.989229 -0.146378 0.000144506 0.989229 -0.146378 0.000142286 -0.143512 -0.989649 -2.52048e-07 -0.143512 -0.989649 -2.52048e-07 -0.143512 -0.989649 -2.52048e-07 -0.143512 -0.989649 -2.52048e-07 -0.98922 0.146438 0 -0.98922 0.146438 0 -0.98922 0.146438 0 -0.98922 0.146438 0 0.143512 0.989649 4.30306e-07 0.143512 0.989649 4.30306e-07 0.143512 0.989649 4.30306e-07 0.143512 0.989649 4.30306e-07 0.98922 -0.146438 0 0.98922 -0.146438 0 0.98922 -0.146438 0 0.98922 -0.146438 0 0.139267 0.990253 -0.00170764 0.139268 0.990255 1.62764e-07 0.141102 0.989995 1.62956e-07 0.142468 0.989799 -0.000934219 0.143812 0.989605 -0.000675401 0.143947 0.989585 -0.000823916 0.144154 0.989555 -0.000537753 0.144099 0.989563 -0.000750473 0.972435 -0.143987 0.183407 0.972095 -0.143953 0.185228 0.947365 -0.141193 0.28734 0.947365 -0.141193 0.28734 -0.141103 -0.989995 -1.63536e-07 -0.139268 -0.990255 -1.62992e-07 -0.139267 -0.990253 0.00170764 -0.142468 -0.989799 0.000933674 -0.143947 -0.989585 0.000824064 -0.144099 -0.989563 0.000750711 -0.144154 -0.989555 0.000537987 -0.143812 -0.989605 0.000675271 0.143847 0.9896 1.62901e-07 0.144222 0.989545 1.62877e-07 0.989346 -0.145586 5.72382e-08 0.989346 -0.145586 -8.31269e-08 -0.144221 -0.989545 -1.63021e-07 -0.143847 -0.9896 -1.63086e-07 0.139267 0.990253 0.00170796 0.142468 0.989799 0.000934792 0.143947 0.989585 0.000825155 0.143812 0.989605 0.000676334 0.144098 0.989563 0.000751525 0.144154 0.989555 0.00053848 0.947365 -0.141193 -0.28734 0.972095 -0.143952 -0.185228 0.972435 -0.143987 -0.183407 0.947365 -0.141193 -0.28734 -0.139267 -0.990253 -0.00170796 -0.142468 -0.989799 -0.000934248 -0.143946 -0.989585 -0.000825305 -0.143812 -0.989605 -0.000676205 -0.144153 -0.989555 -0.000538716 -0.144098 -0.989563 -0.000751764 0.153601 0.988131 -0.00170764 0.150407 0.988624 -0.000934219 0.15177 0.988416 -1.07348e-06 0.153602 0.988133 -1.11796e-06 0.148929 0.988848 -0.000823594 0.149064 0.988827 -0.000675318 0.148777 0.98887 -0.00075005 0.148722 0.988879 -0.000537519 -0.94764 0.139333 0.28734 -0.972109 0.143856 0.185228 -0.972444 0.143922 0.183407 -0.94764 0.139333 0.28734 -0.153601 -0.988131 0.00170661 -0.153601 -0.988133 9.18541e-07 -0.15177 -0.988416 8.1698e-07 -0.150406 -0.988624 0.000932971 -0.148929 -0.988848 0.000823655 -0.149063 -0.988827 0.000674928 -0.148722 -0.988879 0.000537753 -0.148777 -0.98887 0.000750287 0.149028 0.988833 -8.09051e-07 0.148654 0.988889 -5.56321e-07 -0.989093 0.147291 -4.50619e-08 -0.989093 0.147291 2.39311e-08 -0.149028 -0.988833 6.25501e-07 -0.148655 -0.988889 5.54948e-07 0.153602 0.988131 0.0017054 0.150406 0.988624 0.000932834 0.149063 0.988827 0.000675659 0.148929 0.988848 0.000825732 0.148722 0.988879 0.000538186 0.148777 0.988871 0.000752158 -0.972444 0.143922 -0.183407 -0.972109 0.143856 -0.185228 -0.94764 0.139333 -0.28734 -0.94764 0.139333 -0.28734 -0.153601 -0.988131 -0.00170478 -0.150406 -0.988624 -0.000932259 -0.148929 -0.988848 -0.000826341 -0.148777 -0.98887 -0.000752763 -0.148722 -0.988879 -0.000538626 -0.149063 -0.988827 -0.000675836 0.143511 0.989649 5.17648e-07 0.143511 0.989649 5.17648e-07 0.143511 0.989649 5.17648e-07 0.143511 0.989649 5.17648e-07 0.98922 -0.146438 0 0.98922 -0.146438 0 0.98922 -0.146438 0 0.98922 -0.146438 0 -0.143511 -0.989649 -5.17651e-07 -0.143511 -0.989649 -5.17651e-07 -0.143511 -0.989649 -5.17651e-07 -0.143511 -0.989649 -5.17651e-07 -0.98922 0.146438 0 -0.98922 0.146438 0 -0.98922 0.146438 0 -0.98922 0.146438 0 0.138488 0.989559 0.03993 0.109093 0.961739 0.251309 0.243688 0.947491 0.207065 0.295205 0.95046 0.0973617 0.0712929 0.962813 0.260594 0.130015 0.990796 0.0376636 0.0329886 0.960142 0.277561 -0.0452506 0.943993 0.326848 0.309077 0.949888 0.0467424 0.13849 0.989559 0.0399286 0.129744 0.990803 0.0384208 0.0819277 0.952855 -0.292157 -0.217813 0.931683 0.29073 -0.0907294 0.947913 -0.305335 0.197765 0.963612 -0.179833 0.307561 0.947731 -0.0849271 0.135543 0.96328 -0.231777 0.166085 0.964852 -0.203658 -0.0197225 -0.990292 0.137599 -0.153406 -0.971191 0.18236 -0.13012 -0.990979 -0.0320926 0.0308026 -0.999169 0.0266827 -0.190322 -0.962737 0.192133 -0.226776 -0.951023 0.210066 -0.138853 -0.989721 -0.0342261 -0.298817 -0.917836 0.261313 -0.130121 -0.990979 -0.0320895 0.0444423 -0.998725 -0.023926 -0.139048 -0.989708 -0.0338267 -0.171815 -0.917736 -0.358106 -0.460428 -0.857413 0.229889 -0.338738 -0.866214 -0.367326 -0.0642964 -0.966478 -0.248568 0.0451354 -0.987018 -0.154139 -0.123453 -0.946084 -0.299474 -0.0948859 -0.957642 -0.27188 0.527021 0.481023 0.700618 0.818995 0.49473 0.29067 0.0392331 0.548418 0.835284 0.367835 -0.65556 0.659498 -0.116814 -0.601269 0.790462 -0.263703 0.522355 0.810929 -0.14916 0.553045 0.819691 -0.40067 -0.493724 0.771816 -0.298627 -0.554238 0.776944 -0.378124 0.443721 0.812486 -0.490108 -0.386897 0.781092 -0.563349 0.570976 -0.59718 -0.761578 0.557388 0.330634 0.0746939 0.535743 -0.841071 -0.032623 0.48041 -0.876437 0.185908 0.5606 -0.806949 0.359133 0.558456 -0.747764 0.866662 0.494632 0.0650882 0.754268 0.489955 -0.437063 -0.882613 -0.362395 0.299441 0.654419 -0.714242 0.248181 0.704095 -0.709738 0.0228599 -0.693035 -0.352689 -0.628739 0.0386264 -0.526956 -0.849014 0.206364 -0.57453 -0.792041 0.606257 -0.636182 -0.477206 -0.0619286 -0.47127 -0.879812 -0.150574 -0.387931 -0.909306 0.367835 -0.65556 0.659498 0.654419 -0.714242 0.248181 -0.116814 -0.601269 0.790462 -0.40067 -0.493724 0.771816 -0.298627 -0.554238 0.776944 -0.490108 -0.386897 0.781092 -0.693035 -0.352689 -0.628739 -0.882613 -0.362395 0.299441 -0.0619286 -0.47127 -0.879812 -0.150574 -0.387931 -0.909306 0.0386264 -0.526956 -0.849014 0.206364 -0.57453 -0.792041 0.704095 -0.709738 0.0228599 0.606257 -0.636182 -0.477206 -0.681371 -0.156853 0.714934 -0.790075 -0.412854 0.453137 -0.247722 -0.599269 0.761255 -0.226517 -0.230524 0.946334 -0.784136 -0.572625 0.239228 -0.235924 -0.830489 0.504606 -0.756615 -0.653776 -0.0105039 -0.191304 -0.967637 0.164567 -0.756615 -0.653776 -0.0105039 -0.700405 -0.649439 -0.296077 -0.108844 -0.964398 -0.241019 -0.191304 -0.967637 0.164567 -0.630997 -0.561504 -0.535309 -0.0172151 -0.8212 -0.570381 -0.554272 -0.397965 -0.731031 0.0716441 -0.585068 -0.807813 -0.353268 -0.139001 -0.925138 0.162312 -0.212568 -0.963571 -0.28748 0.295018 -0.911219 0.22242 0.231213 -0.947138 -0.414851 0.584945 -0.696949 0.23247 0.601455 -0.764336 -0.44804 0.748778 -0.488459 0.207401 0.834551 -0.510401 -0.497046 0.832995 -0.243032 0.154254 0.97292 -0.172141 -0.55734 0.829233 0.0417733 0.0717124 0.969688 0.233585 -0.61082 0.738979 0.284268 -0.0113606 0.825252 0.56465 -0.661633 0.571619 0.485277 -0.0868642 0.587255 0.804727 -0.62738 0.278794 0.727096 -0.166374 0.213258 0.962726 -0.220371 -0.186042 0.95751 -0.172331 0.168396 0.970538 -0.239878 -0.514587 0.8232 -0.229358 -0.774273 0.589827 -0.178572 -0.961654 0.20817 -0.0801665 -0.957881 -0.275749 -0.178572 -0.961654 0.20817 0.0220214 -0.763428 -0.645518 0.102747 -0.499393 -0.860262 0.172081 -0.168374 -0.970587 0.220121 0.186048 -0.957566 0.240205 0.514541 -0.823134 0.230537 0.774114 -0.589577 0.180495 0.961376 -0.207793 0.0820916 0.957608 0.276129 -0.0208411 0.763259 0.645757 -0.102424 0.499333 0.860335 -0.221709 -0.194229 0.955573 -0.171435 0.176703 0.969219 -0.239897 -0.532095 0.811988 -0.226475 -0.78811 0.572356 -0.174893 -0.964188 0.199383 -0.0801777 -0.960535 -0.266355 -0.174893 -0.964188 0.199383 0.0178852 -0.7776 -0.628505 0.0984063 -0.5171 -0.850249 0.170131 -0.176531 -0.96948 0.220406 0.19439 -0.955842 0.240632 0.531998 -0.811834 0.230157 0.787583 -0.571613 0.181078 0.963304 -0.198132 0.0863745 0.959652 0.267597 -0.0141996 0.77707 0.629254 -0.0976795 0.516971 0.850412 -0.497046 0.832995 -0.243032 -0.700405 -0.649439 -0.296077 -0.756615 -0.653776 -0.0105039 -0.55734 0.829233 0.0417733 0.795407 -0.181285 0.578328 0.970637 -0.138782 0.19648 0.80977 -0.0781173 0.581524 0.793544 -0.309274 0.524059 0.826082 -0.432782 0.360954 0.873289 -0.438417 0.212499 0.888583 -0.437548 0.137737 0.903693 -0.427868 -0.0163554 0.936889 -0.302377 -0.175519 0.95886 -0.174726 -0.223738 0.97274 -0.0714785 -0.220607 0.984869 0.0550999 -0.164305 0.984746 0.173921 0.00521517 0.971447 0.174761 0.160467 0.956212 0.173913 0.235398 0.908237 0.169074 0.382778 0.843158 0.0480941 0.53551 -0.784136 -0.572625 0.239228 -0.61082 0.738979 0.284268 -0.414851 0.584945 -0.696949 -0.28748 0.295018 -0.911219 -0.353268 -0.139001 -0.925138 -0.554272 -0.397965 -0.731031 -0.44804 0.748778 -0.488459 -0.630997 -0.561504 -0.535309 -0.790075 -0.412854 0.453137 -0.661633 0.571619 0.485277 -0.681371 -0.156853 0.714934 -0.62738 0.278794 0.727096 -0.0574929 -0.521034 0.851597 0.318616 -0.51265 0.797292 0.349455 -0.213885 0.912214 0.0163104 -0.202045 0.97924 0.318616 -0.51265 0.797292 0.349455 -0.213885 0.912214 0.384931 0.0472254 0.921736 0.384931 0.0472254 0.921736 0.0600915 0.119166 0.991054 -0.112382 -0.80271 0.585684 0.29719 -0.788801 0.538025 0.29719 -0.788801 0.538025 -0.0957216 -0.975426 0.19845 0.327295 -0.919632 0.217152 0.327295 -0.919632 0.217152 -0.0076607 -0.972007 -0.234828 0.390611 -0.916556 -0.0857158 0.327295 -0.919632 0.217152 -0.0957216 -0.975426 0.19845 0.390611 -0.916556 -0.0857158 0.128265 -0.79231 -0.596484 0.489491 -0.780141 -0.389588 0.489491 -0.780141 -0.389588 0.282253 -0.505622 -0.815279 0.607748 -0.499808 -0.617117 0.607748 -0.499808 -0.617117 0.398752 -0.18469 -0.898269 0.67899 -0.199252 -0.706592 0.67899 -0.199252 -0.706592 0.442095 0.136584 -0.886508 0.714297 0.0618951 -0.6971 0.714297 0.0618951 -0.6971 0.414134 0.470032 -0.779463 0.723747 0.363766 -0.5864 0.723747 0.363766 -0.5864 0.340127 0.770127 -0.539646 0.680566 0.648989 -0.340064 0.680566 0.648989 -0.340064 0.253805 0.952826 -0.166451 0.620258 0.783986 -0.0254215 0.620258 0.783986 -0.0254215 0.165646 0.949419 0.266768 0.560036 0.780486 0.277849 0.560036 0.780486 0.277849 0.0996214 0.759708 0.642588 0.494876 0.639441 0.588398 0.494876 0.639441 0.588398 0.0751937 0.454516 0.887559 0.437054 0.350622 0.82828 0.437054 0.350622 0.82828 -0.160538 -0.201848 0.96617 -0.194037 -0.539207 0.819516 -0.110526 0.166794 0.979777 -0.198313 -0.796697 0.570916 -0.158674 -0.967173 0.198492 -0.158674 -0.967173 0.198492 -0.0656058 -0.963565 -0.259305 0.04329 -0.786299 -0.616327 0.143698 -0.524112 -0.839439 0.230713 -0.183954 -0.955475 0.280648 0.184697 -0.941873 0.286033 0.526051 -0.800909 0.25687 0.788312 -0.559091 0.195909 0.961849 -0.190963 0.102782 0.958251 0.266815 0.0152686 0.777914 0.628185 -0.0516003 0.510919 0.858079 -0.325105 -0.945678 -1.60166e-07 -0.325105 -0.945678 -1.60166e-07 -0.535691 -0.844414 -1.4887e-07 -0.535691 -0.844414 -1.4887e-07 -0.146438 -0.98922 -1.62921e-07 -0.146438 -0.98922 -1.62921e-07 -0.146438 -0.98922 -1.62921e-07 -0.146438 -0.98922 -1.62921e-07 -0.146438 -0.98922 -1.62921e-07 -0.146438 -0.98922 -1.62921e-07 -0.146438 -0.98922 -1.62921e-07 -0.146438 -0.98922 -1.62921e-07 -0.146438 -0.98922 -1.62921e-07 -0.146438 -0.98922 -1.62921e-07 -0.146438 -0.98922 -1.62921e-07 -0.146438 -0.98922 -1.62921e-07 -0.146438 -0.98922 -1.62921e-07 -0.146438 -0.98922 -1.62921e-07 -0.146438 -0.98922 -1.62921e-07 -0.146438 -0.98922 -1.62921e-07 -0.146438 -0.98922 -1.62921e-07 -0.146438 -0.98922 -1.62921e-07 -0.146438 -0.98922 -1.62921e-07 -0.146438 -0.98922 -1.62921e-07 -0.146438 -0.98922 -1.62921e-07 -0.146438 -0.98922 -1.62921e-07 -0.146438 -0.98922 -1.62921e-07 -0.146438 -0.98922 -1.62921e-07 -0.146438 -0.98922 -1.62921e-07 -0.146438 -0.98922 -1.62921e-07 -0.146438 -0.98922 -1.62921e-07 -0.146438 -0.98922 -1.62921e-07 -0.146438 -0.98922 -1.62921e-07 -0.146438 -0.98922 -1.62921e-07 0.0371711 -0.999309 -1.60166e-07 0.0371711 -0.999309 -1.60166e-07 0.268063 -0.963401 -1.48871e-07 0.268063 -0.963401 -1.48871e-07 -0.592596 -0.805499 9.72907e-09 -0.592596 -0.8055 9.72904e-09 0.333812 -0.94264 9.72892e-09 0.333812 -0.94264 9.72894e-09 -0.63549 -0.772109 1.6691e-07 -0.63549 -0.772109 1.6691e-07 0.384539 -0.923109 1.60863e-07 0.384539 -0.923109 1.60863e-07 -0.660489 -0.750836 -5.78582e-07 -0.660489 -0.750836 -5.78582e-07 0.41463 -0.90999 -5.84667e-07 0.41463 -0.90999 -5.84667e-07 -0.712924 -0.701242 -1.25902e-06 -0.712924 -0.701242 -1.25902e-06 0.479185 -0.877714 -1.2663e-06 0.479185 -0.877714 -1.2663e-06 -0.775313 -0.631577 -6.53903e-07 -0.775313 -0.631577 -6.53903e-07 0.559226 -0.829015 -6.61317e-07 0.559226 -0.829015 -6.61317e-07 -0.825684 -0.564133 -1.10617e-07 -0.825684 -0.564133 -1.10617e-07 0.603062 -0.797694 1.17723e-07 0.603062 -0.797694 1.17723e-07 -0.859764 -0.510691 -1.02817e-07 -0.859764 -0.510691 -1.02817e-07 0.628065 -0.778161 3.56122e-07 0.628065 -0.778161 3.56122e-07 -0.000699357 -0.00123241 -0.999999 -0.00063223 -0.00121829 -0.999999 -0.00021123 -0.00136432 -0.999999 -0.000370813 -0.00129836 -0.999999 7.87045e-05 -0.000948774 -1 6.23455e-05 -0.000751696 -1 6.23455e-05 -0.000751696 -1 7.87045e-05 -0.000948774 -1 -3.29788e-08 -2.22778e-07 -1 -3.29788e-08 -2.22778e-07 -1 -3.29788e-08 -2.22778e-07 -1 -3.29788e-08 -2.22778e-07 -1 -3.29788e-08 -2.22778e-07 -1 -3.29788e-08 -2.22778e-07 -1 -3.29788e-08 -2.22778e-07 -1 -3.29788e-08 -2.22778e-07 -1 -3.29788e-08 -2.22778e-07 -1 -3.29788e-08 -2.22778e-07 -1 -3.29788e-08 -2.22778e-07 -1 -3.29788e-08 -2.22778e-07 -1 -3.29788e-08 -2.22778e-07 -1 -3.29788e-08 -2.22778e-07 -1 -3.29788e-08 -2.22778e-07 -1 -3.29788e-08 -2.22778e-07 -1 -3.29788e-08 -2.22778e-07 -1 -3.29788e-08 -2.22778e-07 -1 -3.29788e-08 -2.22778e-07 -1 -3.29788e-08 -2.22778e-07 -1 -3.29788e-08 -2.22778e-07 -1 -3.29788e-08 -2.22778e-07 -1 -3.29788e-08 -2.22778e-07 -1 -3.29788e-08 -2.22778e-07 -1 -0.000350176 -0.000885202 -1 -0.000277438 -0.000701357 -1 -0.000277438 -0.000701357 -1 -0.000350176 -0.000885202 -1 -0.000193104 -0.00136703 -0.999999 -2.12848e-05 -0.00135019 -0.999999 0.000252155 -0.00134936 -0.999999 0.00031233 -0.00138233 -0.999999 -0.000839074 -0.00123614 -0.999999 -0.00078224 -0.00124077 -0.999999 0.000389271 -0.00141437 -0.999999 0.000445015 -0.00142643 -0.999999 -0.000928433 -0.00116045 -0.999999 -0.000895025 -0.00120485 -0.999999 0.000507651 -0.00141271 -0.999999 0.000552498 -0.0013799 -0.999999 -0.000964195 -0.00109841 -0.999999 -0.000956615 -0.00111655 -0.999999 0.000592205 -0.00134604 -0.999999 0.000604716 -0.00133089 -0.999999 -0.000991968 -0.000958624 -0.999999 -0.000980902 -0.00102252 -0.999999 0.000642709 -0.00126307 -0.999999 0.000671816 -0.00120513 -0.999999 -0.00100389 -0.000767471 -0.999999 -0.0010033 -0.000818515 -0.999999 0.000723353 -0.00107424 -0.999999 0.000738753 -0.00102553 -0.999999 -0.000947533 -0.000548954 -0.999999 -0.000963956 -0.000589922 -0.999999 0.000743805 -0.000891912 -0.999999 0.00073524 -0.000862428 -0.999999 -0.00037077 -0.00129817 0.999999 -0.00021115 -0.0013644 0.999999 -0.000632083 -0.00121771 0.999999 -0.000698978 -0.00123184 0.999999 6.2458e-05 -0.000751812 1 7.88293e-05 -0.000949037 1 3.29788e-08 2.22778e-07 1 3.29788e-08 2.22778e-07 1 7.88293e-05 -0.000949037 1 6.2458e-05 -0.000751812 1 3.29788e-08 2.22778e-07 1 3.29788e-08 2.22778e-07 1 3.29788e-08 2.22778e-07 1 3.29788e-08 2.22778e-07 1 3.29788e-08 2.22778e-07 1 3.29788e-08 2.22778e-07 1 3.29788e-08 2.22778e-07 1 3.29788e-08 2.22778e-07 1 3.29788e-08 2.22778e-07 1 3.29788e-08 2.22778e-07 1 3.29788e-08 2.22778e-07 1 3.29788e-08 2.22778e-07 1 3.29788e-08 2.22778e-07 1 3.29788e-08 2.22778e-07 1 3.29788e-08 2.22778e-07 1 3.29788e-08 2.22778e-07 1 3.29788e-08 2.22778e-07 1 3.29788e-08 2.22778e-07 1 3.29788e-08 2.22778e-07 1 3.29788e-08 2.22778e-07 1 3.29788e-08 2.22778e-07 1 3.29788e-08 2.22778e-07 1 -0.000277579 -0.000701435 1 -0.000350371 -0.000885416 1 -2.12684e-05 -0.00134999 0.999999 -0.000193205 -0.00136709 0.999999 -0.000350371 -0.000885416 1 -0.000277579 -0.000701435 1 0.000312133 -0.00138168 0.999999 0.000252182 -0.00134877 0.999999 -0.000781694 -0.00124056 0.999999 -0.000838549 -0.00123658 0.999999 0.000444387 -0.00142669 0.999999 0.000388809 -0.00141401 0.999999 -0.000894596 -0.00120547 0.999999 -0.000928133 -0.00116075 0.999999 0.000552125 -0.0013801 0.999999 0.00050706 -0.00141318 0.999999 -0.000956437 -0.00111714 0.999999 -0.000964064 -0.00109966 0.999999 0.000604231 -0.00133204 0.999999 0.000591862 -0.00134656 0.999999 -0.000980889 -0.00102393 0.999999 -0.000992038 -0.000959682 0.999999 0.000671577 -0.00120616 0.999999 0.000642287 -0.00126443 0.999999 -0.00100339 -0.000818815 0.999999 -0.00100393 -0.000767502 0.999999 0.000738782 -0.00102557 0.999999 0.000723345 -0.00107455 0.999999 -0.000963865 -0.000589557 0.999999 -0.000947415 -0.000548591 0.999999 0.000735142 -0.000862084 0.999999 0.000743766 -0.000891564 0.999999 -0.00091207 -0.000460493 -1 -0.00091207 -0.000460493 -1 -0.000911893 -0.000460134 1 -0.000911893 -0.000460134 1 0.000719389 -0.000807868 -0.999999 0.000719389 -0.000807868 -0.999999 0.000719181 -0.000807535 0.999999 0.000719181 -0.000807535 0.999999 0.243996 0.969776 1.62115e-07 0.243996 0.969776 1.62115e-07 0.243996 0.969776 1.62115e-07 0.243996 0.969776 1.62115e-07 0.907861 0.419272 -2.97946e-07 0.948149 0.317827 -2.47303e-07 0.948149 0.317827 -2.47303e-07 0.907861 0.419272 -2.97946e-07 0.796815 0.604223 -1.03204e-07 0.796815 0.604223 -1.03204e-07 0.047468 0.998873 8.68126e-07 0.047468 0.998873 8.68126e-07 0.047468 0.998873 8.68126e-07 0.047468 0.998873 8.68126e-07 -0.707337 0.706876 6.41077e-08 -0.587585 0.809162 -1.03203e-07 -0.587585 0.809162 -1.03203e-07 -0.707337 0.706876 6.41084e-08 -0.740153 0.672439 4.78611e-07 -0.740153 0.672439 4.78611e-07 0.699951 0.714191 1.31801e-07 0.699951 0.714191 1.31801e-07 0.650104 0.759845 1.05414e-06 0.650104 0.759845 1.05414e-06 0.586521 0.809934 2.01915e-06 0.58652 0.809934 2.01915e-06 0.495578 0.868563 1.10537e-06 0.495578 0.868563 1.10537e-06 0.399613 0.916684 1.57271e-07 0.399613 0.916684 1.57271e-07 0.351458 0.936204 1.59268e-07 0.351458 0.936204 1.59268e-07 -0.116876 0.993147 1.57271e-07 -0.0651142 0.997878 1.59269e-07 -0.0651142 0.997878 1.59269e-07 -0.116876 0.993147 1.57271e-07 -0.222683 0.974891 1.10802e-06 -0.222683 0.974891 1.10802e-06 -0.326711 0.945124 2.01624e-06 -0.326711 0.945124 2.01624e-06 -0.40208 0.915605 1.04845e-06 -0.40208 0.915605 1.04845e-06 -0.463017 0.886349 1.31801e-07 -0.463017 0.886349 1.31801e-07 0.193866 0.964563 -0.178981 0.198492 0.956588 -0.213404 0.198495 0.956587 0.213404 0.193869 0.964562 0.178981 0.219398 0.88205 0.416956 0.219267 0.885025 0.410673 0.208593 0.850654 0.482573 0.20853 0.850525 0.482828 0.134394 0.81263 0.567072 0.0697137 0.421023 0.904367 0.0754636 0.438824 0.895399 0.129521 0.789035 0.60054 0.12596 0.6221 0.772739 0.171751 0.771161 0.613036 0.175418 0.779452 0.601401 0.127889 0.630342 0.765711 -0.989213 0.146482 -9.73667e-05 -0.989213 0.146482 9.73663e-05 -0.989212 0.146494 0.000124631 -0.989212 0.146494 -0.000124631 0.989211 -0.146497 -0.00013229 0.989213 -0.146484 -0.000103383 0.989213 -0.146484 0.000103384 0.989211 -0.146497 0.000132289 0.989209 -0.146511 0.00014359 0.98921 -0.146506 0.000126382 0.989212 -0.146493 3.78026e-05 0.989211 -0.146499 3.98206e-05 0.989199 -0.146578 7.22025e-05 0.989195 -0.146608 8.5035e-05 0.989187 -0.146657 9.4805e-05 0.989187 -0.146657 9.55854e-05 0.989198 -0.146588 4.57206e-05 0.989198 -0.146587 4.50839e-05 0.989208 -0.14652 7.68106e-06 0.989208 -0.14652 7.68106e-06 0.172324 0.976801 0.127141 0.172324 0.976801 0.127141 -0.9892 0.14657 -4.33887e-05 -0.989208 0.146521 -1.20185e-05 -0.989208 0.146521 -1.20185e-05 -0.9892 0.146574 -4.59355e-05 -0.989193 0.14662 -8.27505e-05 -0.989193 0.14662 -8.29536e-05 -0.989203 0.146552 -6.00479e-05 -0.9892 0.146574 -7.00104e-05 -0.989214 0.146477 -2.59494e-05 -0.989213 0.146484 -2.90904e-05 -0.98921 0.146502 -0.000130004 -0.989211 0.146495 -0.000111322 0.219262 0.885026 -0.410674 0.219393 0.882051 -0.416956 0.208591 0.850655 -0.482573 0.208527 0.850525 -0.482828 0.134384 0.812631 -0.567073 0.129511 0.789037 -0.60054 0.0754545 0.438825 -0.895399 0.069705 0.421025 -0.904367 0.125954 0.622098 -0.772742 0.127884 0.630341 -0.765712 0.175417 0.779454 -0.601398 0.17175 0.771162 -0.613034 0.989209 -0.146511 -0.00014359 0.98921 -0.146506 -0.000126382 0.989212 -0.146493 -3.78025e-05 0.989211 -0.146499 -3.98204e-05 0.989199 -0.146578 -7.22022e-05 0.989195 -0.146608 -8.5035e-05 0.989187 -0.146657 -9.48051e-05 0.989187 -0.146657 -9.55856e-05 0.989198 -0.146588 -4.57208e-05 0.989198 -0.146587 -4.50844e-05 0.989208 -0.14652 -7.68112e-06 0.989208 -0.14652 -7.68112e-06 0.172315 0.976801 -0.127147 0.172315 0.976801 -0.127147 -0.9892 0.146574 3.89412e-05 -0.9892 0.146572 3.77328e-05 -0.989207 0.146524 7.52379e-06 -0.989207 0.146524 7.52379e-06 -0.989193 0.14662 7.89253e-05 -0.989193 0.14662 7.92888e-05 -0.989203 0.146552 6.00483e-05 -0.9892 0.146574 7.00109e-05 -0.989214 0.146477 2.59493e-05 -0.989213 0.146484 2.90904e-05 -0.98921 0.146502 0.000130004 -0.989211 0.146495 0.000111321 -0.613667 0.025133 -0.789165 -0.770268 0.0107065 -0.63763 -0.729815 0.138353 -0.669498 -0.641773 0.193388 -0.742111 -0.779384 -0.0247124 -0.626059 -0.612445 0.016482 -0.790341 -0.792299 -0.0617248 -0.607002 -0.826834 -0.140587 -0.544593 -0.598604 0.204778 -0.774428 -0.613663 0.0251344 -0.789168 -0.61306 0.0162686 -0.789869 -0.307826 -0.049999 -0.950128 -0.793863 -0.329723 -0.510945 -0.282407 -0.220312 -0.933654 -0.417129 0.0701807 -0.906134 -0.481479 0.192141 -0.855137 -0.372179 0.00826134 -0.928124 -0.397252 0.0390835 -0.916877 0.466108 0.0992884 0.879139 0.421848 -0.0291731 0.906197 0.608012 -0.0161684 0.793763 0.559327 0.15378 0.814559 0.407797 -0.0644294 0.910796 0.385308 -0.100853 0.91726 0.609134 -0.0250875 0.792671 0.316235 -0.177653 0.931899 0.608013 -0.0161683 0.793763 0.602056 0.165394 0.781136 0.608796 -0.0252548 0.792924 0.838747 -0.0882046 0.537329 0.28446 -0.364965 0.8865 0.82749 -0.255348 0.500057 0.772366 0.0302936 0.634454 0.709308 0.15297 0.688101 0.803285 -0.0310008 0.594787 0.786851 -0.000699897 0.617143 -0.828992 0.559078 0.014272 -0.487106 0.839474 -0.240857 -0.995533 0.0267072 0.0905539 -0.201261 0.544375 0.81434 -0.340053 0.0080008 0.940372 -0.951117 -0.280409 0.129409 -0.98064 -0.167431 0.10155 -0.376463 -0.299222 0.876779 -0.353386 -0.188023 0.916387 -0.902146 -0.382736 0.199112 -0.434492 -0.398764 0.807591 0.156201 -0.725526 -0.670233 -0.526221 -0.842539 -0.114978 0.404309 -0.0456113 -0.913484 0.455772 -0.148386 -0.877641 0.368857 0.0680895 -0.926989 0.329871 0.254003 -0.909212 -0.280707 0.881056 -0.380714 0.128918 0.735733 -0.664889 -0.0566978 -0.860534 0.506229 0.135949 0.815769 0.562173 0.323316 0.856952 0.401372 0.673848 -0.738671 -0.0171727 0.99173 0.0479291 -0.119054 0.968873 0.235069 -0.0776356 0.692956 0.716686 0.0785686 0.984803 -0.0641349 -0.161398 0.960279 -0.164996 -0.225034 -0.201261 0.544375 0.81434 0.135949 0.815769 0.562173 -0.340053 0.0080008 0.940372 -0.376463 -0.299222 0.876779 -0.353386 -0.188023 0.916387 -0.434492 -0.398764 0.807591 0.673848 -0.738671 -0.0171727 -0.0566978 -0.860534 0.506229 0.984803 -0.0641349 -0.161398 0.960279 -0.164996 -0.225034 0.99173 0.0479291 -0.119054 0.968873 0.235069 -0.0776356 0.323316 0.856952 0.401372 0.692956 0.716686 0.0785686 -0.457882 -0.671442 0.582675 -0.11156 -0.79775 0.592579 -0.270685 -0.127424 0.954198 -0.631725 -0.136824 0.763022 0.124296 -0.808585 0.5751 0.0723329 -0.105742 0.991759 0.33875 -0.80345 0.489609 0.42869 -0.067816 0.900903 0.33875 -0.80345 0.489609 0.546384 -0.766349 0.337896 0.764576 -0.0105562 0.644447 0.42869 -0.067816 0.900903 0.688718 -0.7073 0.159355 0.946057 0.043139 0.321115 0.766498 -0.639897 -0.0548912 0.99588 0.0882668 -0.02078 0.825576 -0.419063 -0.377903 0.901269 0.123665 -0.415236 0.558995 -0.41894 -0.715552 0.634913 0.132804 -0.761084 0.229892 -0.625057 -0.745958 0.27516 0.112734 -0.954766 0.00257968 -0.685858 -0.727731 -0.0705095 0.0773346 -0.994509 -0.208018 -0.741129 -0.638323 -0.430636 0.0294578 -0.902045 -0.408852 -0.777268 -0.47822 -0.763839 -0.0276057 -0.644816 -0.546277 -0.784676 -0.293027 -0.943044 -0.0713113 -0.324935 -0.622403 -0.779597 -0.0695917 -0.994563 -0.102864 0.0162163 -0.697345 -0.664776 0.267924 -0.901131 -0.127699 0.414314 -0.665939 -0.135138 0.733664 -0.881998 -0.127819 0.453589 -0.367864 -0.125347 0.921393 -0.0279244 -0.100166 0.994579 0.390953 -0.0529107 0.918889 0.791181 0.015088 0.611395 0.390953 -0.0529107 0.918889 0.971213 0.0694658 0.227859 0.987468 0.104679 -0.118109 0.882041 0.127563 -0.453576 0.665784 0.134882 -0.733852 0.367548 0.125652 -0.921477 0.0277831 0.101349 -0.994463 -0.390605 0.0549349 -0.918918 -0.791095 -0.0130763 -0.611553 -0.971352 -0.0682946 -0.227622 -0.987464 -0.104381 0.118405 -0.659865 -0.135648 0.739038 -0.885696 -0.127991 0.446275 -0.34902 -0.124124 0.928859 -0.00554191 -0.0968594 0.995283 0.400326 -0.0494451 0.915038 0.784672 0.0158699 0.619709 0.400326 -0.0494451 0.915038 0.9659 0.0680889 0.249801 0.989844 0.103103 -0.0978726 0.885859 0.126653 -0.446333 0.659725 0.13431 -0.739408 0.348542 0.124802 -0.928947 0.00521692 0.100558 -0.994918 -0.400205 0.0558294 -0.914724 -0.784892 -0.00950004 -0.61956 -0.966283 -0.0644023 -0.249299 -0.98987 -0.102429 0.0983159 -0.208018 -0.741129 -0.638323 0.546384 -0.766349 0.337896 0.33875 -0.80345 0.489609 -0.408852 -0.777268 -0.47822 -0.360113 0.857164 0.368224 -0.0930901 0.990835 0.0978749 -0.425141 0.859226 0.284582 -0.23815 0.868483 0.434767 -0.0465855 0.904805 0.423269 0.0648088 0.935345 0.34775 0.121441 0.944313 0.30582 0.232364 0.949275 0.211857 0.298819 0.954002 0.0242345 0.266396 0.957336 -0.11199 0.20057 0.959789 -0.19641 0.0770003 0.9622 -0.261232 -0.120591 0.962095 -0.244605 -0.239275 0.957403 -0.161637 -0.29447 0.948342 -0.118044 -0.397445 0.917096 -0.0311712 -0.458979 0.875613 0.150466 0.124296 -0.808585 0.5751 -0.546277 -0.784676 -0.293027 0.229892 -0.625057 -0.745958 0.558995 -0.41894 -0.715552 0.825576 -0.419063 -0.377903 0.766498 -0.639897 -0.0548912 0.00257968 -0.685858 -0.727731 0.688718 -0.7073 0.159355 -0.11156 -0.79775 0.592579 -0.622403 -0.779597 -0.0695917 -0.457882 -0.671442 0.582675 -0.697345 -0.664776 0.267924 -0.389353 0.0601135 0.919125 -0.360676 0.436622 0.824181 -0.621002 0.433274 0.653169 -0.676704 0.102264 0.729119 -0.360676 0.436622 0.824181 -0.621002 0.433274 0.653169 -0.777552 0.438795 0.450413 -0.777552 0.438795 0.450413 -0.873896 0.108426 0.473866 -0.012081 0.0205706 0.999715 0.00770535 0.461952 0.886871 0.00770535 0.461952 0.886871 0.408407 0.0312975 0.912263 0.337721 0.511781 0.789952 0.337721 0.511781 0.789952 0.764099 0.0921941 0.638477 0.568357 0.554655 0.607724 0.337721 0.511781 0.789952 0.408407 0.0312975 0.912263 0.568357 0.554655 0.607724 0.946862 0.183703 0.264017 0.736571 0.598725 0.314628 0.736571 0.598725 0.314628 0.95044 0.290018 -0.112039 0.766042 0.64102 -0.0476699 0.766042 0.64102 -0.0476699 0.828281 0.362067 -0.427619 0.67107 0.659276 -0.339145 0.67107 0.659276 -0.339145 0.633839 0.368356 -0.680119 0.515927 0.664784 -0.54026 0.515927 0.664784 -0.54026 0.357216 0.309253 -0.881339 0.258735 0.658007 -0.707165 0.258735 0.658007 -0.707165 -0.0109489 0.215359 -0.976474 -0.100474 0.624231 -0.774752 -0.100474 0.624231 -0.774752 -0.421548 0.131711 -0.89719 -0.430096 0.583587 -0.688798 -0.430096 0.583587 -0.688798 -0.778101 0.0708244 -0.624134 -0.668515 0.539657 -0.511721 -0.668515 0.539657 -0.511721 -0.969127 0.0522699 -0.240959 -0.847444 0.485122 -0.215628 -0.847444 0.485122 -0.215628 -0.986179 0.079154 0.145553 -0.877767 0.45286 0.156343 -0.877767 0.45286 0.156343 -0.664539 -0.074108 0.743569 -0.351235 -0.0767819 0.933134 -0.889541 -0.066806 0.451945 0.00022546 -0.0673137 0.997732 0.403141 -0.032547 0.914559 0.403141 -0.032547 0.914559 0.779903 0.0309904 0.625132 0.960694 0.0953648 0.260715 0.984322 0.150467 -0.0920302 0.877744 0.189749 -0.439956 0.653463 0.197084 -0.730851 0.34278 0.171655 -0.9236 -0.00611032 0.127684 -0.991796 -0.406331 0.0708297 -0.910977 -0.783203 0.00732589 -0.621723 -0.966367 -0.034962 -0.254778 -0.993351 -0.0556276 0.100798 </float_array>
          <technique_common>
            <accessor count="1920" offset="0" source="#meshId2-normals-array" stride="3">
              <param name="X" type="float" />
              <param name="Y" type="float" />
              <param name="Z" type="float" />
            </accessor>
          </technique_common>
        </source>
        <source id="meshId2-tangents" name="meshId2-tangents">
          <float_array id="meshId2-tangents-array" count="5760"> -0.98922 0.146438 -7.09323e-07 -0.98922 0.146438 -1.08131e-06 -0.98922 0.146438 2.76223e-06 -0.98922 0.146439 8.03034e-07 -0.98922 0.146438 1.52298e-07 -0.98922 0.146438 -1.32232e-06 -0.98922 0.146438 5.35363e-07 -0.98922 0.146438 1.79176e-06 -0.98922 0.146438 -3.59028e-07 -0.98922 0.146438 -7.37783e-07 -0.98922 0.146438 -3.96681e-07 -0.98922 0.146438 -1.78668e-07 -0.98922 0.146438 3.32498e-07 -0.98922 0.146438 7.66478e-11 -0.98922 0.146438 -1.22291e-13 -0.98922 0.146438 -5.00403e-07 -0.98922 0.146438 -9.88696e-08 -0.98922 0.146438 -4.56569e-07 -0.98922 0.146438 1.01118e-06 -0.98922 0.146438 6.31183e-07 -0.98922 0.146438 4.12938e-07 -0.98922 0.146438 -5.98877e-07 -0.98922 0.146438 -2.27438e-07 -0.98922 0.146438 6.05901e-07 -0.98922 0.146438 -6.8246e-07 -0.98922 0.146438 -5.87598e-07 -0.98922 0.146438 1.34937e-06 -0.98922 0.146438 2.85825e-07 -0.98922 0.146438 -5.09385e-06 -0.98922 0.146438 -6.34322e-07 -0.98922 0.146438 6.1333e-06 -0.98922 0.146438 3.5483e-06 -0.98922 0.146439 -6.06341e-07 -0.98922 0.146438 -1.46321e-06 -0.98922 0.146438 1.50122e-06 -0.98922 0.146438 1.09489e-06 -0.98922 0.146438 -1.74501e-07 -0.98922 0.146438 -2.75633e-06 -0.98922 0.146438 6.57019e-07 -0.98922 0.146438 7.83108e-08 -0.98922 0.146438 -3.67171e-07 -0.98922 0.146438 6.52385e-07 -0.98922 0.146438 -2.0911e-06 -0.98922 0.146439 2.18476e-06 -0.98922 0.146438 -1.88501e-06 -0.98922 0.146438 -4.66309e-07 -0.98922 0.146438 2.91856e-06 -0.98922 0.146438 3.41183e-06 0.980563 -0.195597 -0.0154517 0.983804 -0.178039 -0.0207688 0.977881 -0.138702 -0.156561 0.973404 -0.133845 -0.185929 0.985618 -0.167754 -0.0203951 0.982093 -0.141693 -0.124167 0.986908 -0.16037 -0.0171671 0.985531 -0.143447 -0.0902891 0.987927 -0.154398 -0.0127383 0.987935 -0.1445 -0.0557079 0.988789 -0.14911 -0.00787258 0.989197 -0.145101 -0.0208736 0.989569 -0.144034 -0.0027578 0.989277 -0.145386 0.0139082 0.990321 -0.138772 0.00262239 0.988188 -0.145436 0.0483065 0.991097 -0.132873 0.00848461 0.985987 -0.145339 0.0818976 0.991955 -0.12566 0.0153362 0.98282 -0.145206 0.113932 0.99297 -0.115744 0.0247624 0.979017 -0.145231 0.142947 0.993708 -0.0955473 0.0584354 0.973606 -0.145522 0.175824 0.987661 -0.0440238 0.15029 0.952709 -0.156859 0.260269 0.959283 -0.147152 -0.241087 0.939065 -0.128948 -0.318638 0.921886 -0.123409 -0.367282 0.954628 -0.134945 -0.265471 0.967841 -0.138996 -0.209677 0.978164 -0.141824 -0.151927 0.985259 -0.143766 -0.0927204 0.988897 -0.144977 -0.0326306 0.988962 -0.145555 0.0277272 0.985451 -0.145582 0.0877027 0.978476 -0.145162 0.146674 0.968243 -0.144449 0.204059 0.955022 -0.143724 0.259376 0.939103 -0.143542 0.31222 0.908656 -0.164674 0.383701 0.945852 0.16635 0.278732 0.871558 0.23986 0.427614 0.912282 -0.129434 -0.388572 0.886341 -0.123659 -0.446215 0.935674 -0.134501 -0.326226 0.955768 -0.138546 -0.259447 0.971735 -0.141655 -0.18885 0.982863 -0.143864 -0.115251 0.988607 -0.145185 -0.0397114 0.988665 -0.145629 0.0365125 0.983027 -0.145233 0.112092 0.971977 -0.144078 0.185749 0.956057 -0.142272 0.256347 0.935991 -0.139964 0.323004 0.9126 -0.137332 0.3851 0.87814 -0.148022 0.454929 0.801185 0.292868 0.521853 0.682515 -0.51293 -0.52065 0.862964 -0.123521 -0.489934 0.601542 -0.540838 -0.587913 0.894134 -0.129063 -0.428797 0.922569 -0.134019 -0.361809 0.947314 -0.138265 -0.288928 0.967199 -0.141661 -0.210851 0.981167 -0.144098 -0.128635 0.988392 -0.145499 -0.0437244 0.988413 -0.145824 0.0421353 0.981221 -0.145096 0.127093 0.96727 -0.143377 0.20936 0.947401 -0.140774 0.287428 0.922702 -0.137422 0.36019 0.894369 -0.13347 0.426954 0.858852 -0.136968 0.493571 0.731677 0.343887 0.58855 0.851067 -0.123964 -0.510213 0.512608 -0.57252 -0.639887 0.884598 -0.129405 -0.448041 0.915617 -0.134284 -0.378963 0.942814 -0.138576 -0.303148 0.964783 -0.142062 -0.221387 0.980253 -0.144552 -0.134937 0.988252 -0.145913 -0.0454704 0.988246 -0.146086 0.0450397 0.980234 -0.14508 0.134513 0.96475 -0.142961 0.220953 0.942778 -0.139859 0.30267 0.915606 -0.135944 0.378399 0.884655 -0.131398 0.447347 0.849571 -0.129804 0.511253 0.655989 0.399778 0.6402 0.88278 -0.130571 -0.451278 0.848857 -0.124764 -0.513688 0.914183 -0.135691 -0.381912 0.941761 -0.140135 -0.305694 0.964101 -0.143624 -0.223341 0.979892 -0.145911 -0.136093 0.988105 -0.146844 -0.0456729 0.98817 -0.14636 0.0458185 0.980088 -0.144534 0.136152 0.964435 -0.141542 0.223229 0.942247 -0.137646 0.305325 0.914852 -0.133117 0.381217 0.883666 -0.128206 0.450219 0.850438 -0.12206 0.511719 0.553749 0.456046 0.696696 0.878828 -0.137446 -0.456913 0.845032 -0.129818 -0.518718 0.910427 -0.141811 -0.388602 0.938705 -0.14519 -0.312656 0.962078 -0.147377 -0.229534 0.97893 -0.148244 -0.140425 0.987886 -0.147797 -0.0472983 0.988136 -0.14613 0.0472605 0.979636 -0.143482 0.140447 0.963119 -0.140119 0.229712 0.939877 -0.136305 0.313133 0.911476 -0.132204 0.38953 0.879494 -0.127913 0.458397 0.847879 -0.116188 0.517301 0.513458 0.472513 0.716304 0.967565 -0.129527 -0.216888 0.9798 -0.186821 -0.0713473 0.974445 -0.204569 -0.0927859 0.949999 -0.168234 -0.263056 0.972348 -0.135254 -0.190383 0.98332 -0.173318 -0.0551658 0.977412 -0.139486 -0.158776 0.985447 -0.16383 -0.0453277 0.981913 -0.142031 -0.125194 0.986829 -0.157668 -0.0361773 0.98547 -0.143589 -0.0907207 0.987816 -0.153268 -0.0269777 0.987923 -0.144545 -0.0558169 0.988567 -0.149731 -0.0177956 0.989201 -0.145083 -0.0207724 0.989157 -0.146609 -0.00857836 0.989287 -0.145294 0.0141744 0.989624 -0.143678 0.000956076 0.988195 -0.145229 0.0487814 0.989968 -0.14084 0.0113059 0.985974 -0.144924 0.082773 0.990145 -0.138109 0.0232292 0.98272 -0.144415 0.115785 0.990029 -0.135682 0.0378476 0.978585 -0.143774 0.147307 0.989336 -0.13416 0.0567095 0.97379 -0.143193 0.176716 0.987509 -0.134936 0.0813532 0.968432 -0.143186 0.20405 0.983937 -0.140087 0.110649 0.937878 -0.164506 0.305488 0.977875 -0.156875 0.138389 0.923736 -0.130437 -0.360137 0.906363 -0.151884 -0.394256 0.940476 -0.135029 -0.311883 0.955561 -0.138642 -0.260155 0.968343 -0.141319 -0.205769 0.978367 -0.143249 -0.149256 0.985291 -0.144536 -0.0911598 0.988878 -0.145219 -0.0321028 0.989011 -0.145315 0.0272332 0.985699 -0.144838 0.0861419 0.979083 -0.143811 0.143924 0.969433 -0.14226 0.199902 0.957131 -0.140209 0.25346 0.942635 -0.137681 0.304109 0.926321 -0.134807 0.351789 0.892693 -0.150945 0.424635 0.887708 -0.128126 -0.44222 0.86971 -0.139375 -0.473476 0.913217 -0.13286 -0.385206 0.936306 -0.136932 -0.323388 0.956125 -0.14024 -0.257212 0.971884 -0.142768 -0.18724 0.982885 -0.144492 -0.114276 0.988592 -0.145379 -0.0393846 0.988709 -0.145412 0.03618 0.983235 -0.1446 0.111087 0.972461 -0.142987 0.184049 0.956941 -0.140641 0.253938 0.937415 -0.137634 0.31986 0.914716 -0.134031 0.381222 0.889624 -0.129949 0.437815 0.85977 -0.139739 0.491191 0.863719 -0.125629 -0.488064 0.845083 -0.130246 -0.518528 0.894542 -0.130707 -0.427447 0.922839 -0.135303 -0.36064 0.947458 -0.139219 -0.287995 0.96725 -0.142313 -0.210176 0.981165 -0.144467 -0.128233 0.988382 -0.145599 -0.0436041 0.988443 -0.145664 0.0419728 0.981342 -0.144675 0.126638 0.967532 -0.142694 0.208617 0.947847 -0.139826 0.286417 0.923374 -0.136192 0.358931 0.895293 -0.131932 0.425493 0.864741 -0.127212 0.48584 0.839784 -0.131584 0.526734 0.851271 -0.124412 -0.509763 0.832731 -0.1246 -0.539476 0.884719 -0.129635 -0.447736 0.915694 -0.134485 -0.378706 0.942844 -0.138741 -0.302979 0.964784 -0.142187 -0.221302 0.980246 -0.144638 -0.134901 0.988247 -0.145953 -0.0454508 0.988249 -0.146064 0.0450494 0.980254 -0.144973 0.134477 0.96481 -0.142755 0.220824 0.942908 -0.139549 0.302407 0.915834 -0.135526 0.377997 0.88498 -0.130885 0.446855 0.851702 -0.125825 0.508695 0.831259 -0.125534 0.541526 0.848947 -0.124615 -0.513576 0.831445 -0.121356 -0.542191 0.882854 -0.129873 -0.451333 0.914291 -0.134777 -0.381977 0.941893 -0.139088 -0.305766 0.964238 -0.142575 -0.22342 0.980012 -0.145028 -0.136175 0.988181 -0.146307 -0.0457519 0.988175 -0.146341 0.0457698 0.979994 -0.145141 0.13618 0.964211 -0.142802 0.223394 0.941862 -0.13948 0.305683 0.914276 -0.135373 0.381803 0.882888 -0.130687 0.451031 0.849076 -0.12562 0.513118 0.832115 -0.122017 0.541015 0.844953 -0.125486 -0.519911 0.832213 -0.121655 -0.540945 0.879019 -0.130347 -0.458624 0.911024 -0.134954 -0.389645 0.939496 -0.139102 -0.313047 0.962824 -0.142538 -0.229464 0.979451 -0.144992 -0.140189 0.98812 -0.14627 -0.0471661 0.98812 -0.146265 0.0471662 0.979449 -0.145006 0.140189 0.962806 -0.142644 0.22947 0.93944 -0.13939 0.313086 0.910893 -0.135462 0.389776 0.878756 -0.131038 0.458929 0.844492 -0.126264 0.520471 0.833282 -0.120862 0.539475 0.85363 -0.129578 -0.504505 0.886181 -0.135177 -0.443182 0.885779 -0.135149 -0.443994 0.853201 -0.12953 -0.505242 0.916411 -0.139431 -0.375166 0.916089 -0.139403 -0.375963 0.943043 -0.142886 -0.300424 0.942816 -0.142865 -0.301144 0.964701 -0.145361 -0.219595 0.964571 -0.145351 -0.220175 0.980077 -0.146717 -0.133878 0.980025 -0.146715 -0.134263 0.988132 -0.146871 -0.0449834 0.988125 -0.146872 -0.0451378 0.988288 -0.145815 0.0449991 0.988284 -0.145813 0.0450825 0.980538 -0.143628 0.133851 0.980499 -0.143617 0.134151 0.965446 -0.140474 0.2195 0.965342 -0.140452 0.219971 0.94403 -0.136577 0.300257 0.943849 -0.13654 0.300843 0.917571 -0.13218 0.374956 0.917316 -0.132127 0.375597 0.887428 -0.127503 0.442961 0.887117 -0.127432 0.443605 0.854528 -0.123172 0.504589 0.854199 -0.123109 0.505162 0.836917 -0.120419 0.533918 0.80809 -0.242512 0.536822 0.807296 -0.242274 0.538124 0.971354 -0.237517 -0.00756279 0.858762 -0.43868 -0.264741 0.766056 -0.485647 -0.421076 0.834039 -0.551706 7.67659e-05 0.398119 -0.596946 -0.696533 0.354578 -0.60097 -0.716317 0.843455 0.00113528 -0.537199 0.843462 0.00113534 -0.537187 0.836329 -0.126737 -0.533377 0.980563 -0.195597 0.0154516 0.973404 -0.133845 0.185929 0.977881 -0.138702 0.156561 0.983804 -0.178039 0.0207689 0.982093 -0.141693 0.124166 0.985618 -0.167754 0.020395 0.985531 -0.143446 0.0902888 0.986908 -0.16037 0.0171671 0.987936 -0.144499 0.055708 0.987927 -0.154398 0.0127384 0.989197 -0.1451 0.0208736 0.988789 -0.14911 0.00787256 0.989277 -0.145385 -0.0139082 0.989569 -0.144034 0.00275786 0.988187 -0.145437 -0.0483066 0.990321 -0.138772 -0.00262244 0.985986 -0.14534 -0.0818977 0.991097 -0.132873 -0.00848468 0.98282 -0.145206 -0.113931 0.991955 -0.12566 -0.0153363 0.979017 -0.145231 -0.142947 0.99297 -0.115744 -0.0247624 0.973606 -0.145521 -0.175824 0.993708 -0.0955473 -0.0584354 0.952709 -0.156859 -0.260269 0.987661 -0.0440238 -0.15029 0.959283 -0.147152 0.241087 0.923107 -0.12866 0.362381 0.939065 -0.128949 0.318637 0.954628 -0.134945 0.26547 0.967841 -0.138996 0.209675 0.978164 -0.141824 0.151926 0.985259 -0.143765 0.0927202 0.988897 -0.144976 0.0326305 0.988962 -0.145555 -0.0277271 0.985451 -0.145582 -0.0877026 0.978476 -0.145163 -0.146673 0.968243 -0.144449 -0.204057 0.955023 -0.143723 -0.259375 0.939103 -0.143542 -0.31222 0.908656 -0.164674 -0.383702 0.871558 0.23986 -0.427614 0.945852 0.16635 -0.278732 0.889768 -0.136319 0.43558 0.912282 -0.129434 0.388572 0.935674 -0.134501 0.326226 0.955768 -0.138546 0.259447 0.971735 -0.141654 0.188851 0.982863 -0.143864 0.115251 0.988607 -0.145185 0.0397126 0.988665 -0.145628 -0.0365128 0.983027 -0.145233 -0.112093 0.971977 -0.144078 -0.185749 0.956057 -0.142273 -0.256348 0.935991 -0.139964 -0.323004 0.912599 -0.137332 -0.3851 0.87814 -0.148022 -0.454929 0.801185 0.292868 -0.521853 0.678668 -0.510038 0.528461 0.601542 -0.540839 0.587912 0.862964 -0.123521 0.489934 0.894134 -0.129064 0.428797 0.922569 -0.134019 0.361809 0.947313 -0.138264 0.288931 0.967199 -0.14166 0.210853 0.981167 -0.144098 0.128637 0.988392 -0.145499 0.0437263 0.988413 -0.145824 -0.0421374 0.981221 -0.145096 -0.127094 0.96727 -0.143377 -0.209361 0.9474 -0.140774 -0.28743 0.922701 -0.137422 -0.360191 0.894369 -0.13347 -0.426954 0.858852 -0.136968 -0.493571 0.731677 0.343887 -0.588549 0.512608 -0.572519 0.639887 0.851067 -0.123964 0.510213 0.884598 -0.129405 0.448041 0.915617 -0.134284 0.378964 0.942812 -0.138576 0.303153 0.964782 -0.142062 0.22139 0.980253 -0.144552 0.134937 0.988252 -0.145914 0.0454706 0.988246 -0.146086 -0.0450404 0.980234 -0.14508 -0.134513 0.964749 -0.14296 -0.220956 0.942777 -0.139859 -0.302674 0.915605 -0.135944 -0.3784 0.884655 -0.131397 -0.447347 0.849571 -0.129804 -0.511253 0.655989 0.399777 -0.6402 0.848857 -0.124764 0.513688 0.882779 -0.130572 0.451278 0.914183 -0.135692 0.381912 0.94176 -0.140134 0.305698 0.9641 -0.143623 0.223345 0.979892 -0.145912 0.136092 0.988105 -0.146844 0.0456729 0.98817 -0.14636 -0.0458184 0.980088 -0.144534 -0.136152 0.964434 -0.141542 -0.223232 0.942246 -0.137646 -0.305329 0.914851 -0.133116 -0.381218 0.883666 -0.128205 -0.450219 0.850438 -0.12206 -0.511719 0.55375 0.456045 -0.696695 0.845032 -0.129817 0.518718 0.878828 -0.137447 0.456914 0.910427 -0.141812 0.388602 0.938704 -0.14519 0.312658 0.962077 -0.147376 0.229537 0.97893 -0.148246 0.140425 0.987886 -0.147796 0.0472985 0.988136 -0.146131 -0.0472605 0.979637 -0.143481 -0.140447 0.963119 -0.14012 -0.229715 0.939876 -0.136305 -0.313135 0.911476 -0.132204 -0.38953 0.879494 -0.127912 -0.458398 0.84788 -0.116188 -0.517301 0.513459 0.472515 -0.716303 0.967565 -0.129526 0.216888 0.949999 -0.168233 0.263056 0.974445 -0.204569 0.0927859 0.9798 -0.186821 0.0713476 0.972348 -0.135255 0.190383 0.98332 -0.173318 0.055166 0.977412 -0.139487 0.158776 0.985447 -0.16383 0.0453276 0.981913 -0.142031 0.125194 0.986829 -0.157668 0.0361772 0.985471 -0.143588 0.0907208 0.987817 -0.153267 0.0269776 0.987923 -0.144544 0.0558172 0.988567 -0.149731 0.0177955 0.989202 -0.145082 0.0207727 0.989157 -0.146609 0.00857846 0.989287 -0.145294 -0.0141747 0.989624 -0.143678 -0.000955931 0.988195 -0.14523 -0.0487817 0.989968 -0.140841 -0.011306 0.985974 -0.144924 -0.0827732 0.990145 -0.138109 -0.0232291 0.98272 -0.144416 -0.115785 0.990029 -0.135683 -0.0378476 0.978585 -0.143774 -0.147308 0.989336 -0.13416 -0.0567096 0.97379 -0.143192 -0.176716 0.987509 -0.134935 -0.0813534 0.968433 -0.143185 -0.20405 0.983937 -0.140086 -0.110649 0.937878 -0.164507 -0.305488 0.977875 -0.156875 -0.138389 0.923736 -0.130437 0.360137 0.906363 -0.151883 0.394257 0.940476 -0.13503 0.311883 0.955562 -0.138642 0.260155 0.968343 -0.141319 0.205769 0.978367 -0.143249 0.149256 0.985291 -0.144536 0.0911599 0.988878 -0.145219 0.0321027 0.989011 -0.145315 -0.0272332 0.985698 -0.144838 -0.0861419 0.979083 -0.143811 -0.143924 0.969433 -0.14226 -0.199902 0.957131 -0.140209 -0.25346 0.942636 -0.13768 -0.304108 0.926321 -0.134807 -0.35179 0.892693 -0.150946 -0.424635 0.887708 -0.128126 0.44222 0.86971 -0.139375 0.473476 0.913217 -0.13286 0.385205 0.936307 -0.136932 0.323388 0.956125 -0.140241 0.257212 0.971884 -0.142769 0.18724 0.982885 -0.144492 0.114276 0.988592 -0.145379 0.0393846 0.988709 -0.145412 -0.0361798 0.983235 -0.1446 -0.111087 0.972461 -0.142987 -0.184049 0.956941 -0.140641 -0.253938 0.937415 -0.137634 -0.319859 0.914716 -0.134031 -0.381222 0.889624 -0.129949 -0.437816 0.85977 -0.139739 -0.491191 0.863719 -0.125629 0.488064 0.845083 -0.130246 0.518528 0.894541 -0.130707 0.427447 0.922839 -0.135303 0.360641 0.947458 -0.13922 0.287996 0.96725 -0.142313 0.210177 0.981165 -0.144467 0.128233 0.988382 -0.145598 0.0436042 0.988443 -0.145665 -0.0419727 0.981342 -0.144675 -0.126637 0.967531 -0.142693 -0.208618 0.947847 -0.139825 -0.286418 0.923374 -0.136192 -0.358932 0.895293 -0.131932 -0.425493 0.864741 -0.127212 -0.48584 0.839784 -0.131584 -0.526734 0.851271 -0.124412 0.509763 0.832731 -0.124601 0.539476 0.884719 -0.129635 0.447736 0.915693 -0.134486 0.378708 0.942843 -0.138741 0.302983 0.964784 -0.142187 0.221304 0.980246 -0.144638 0.134901 0.988247 -0.145953 0.0454508 0.988249 -0.146064 -0.0450491 0.980254 -0.144973 -0.134477 0.96481 -0.142755 -0.220825 0.942907 -0.139548 -0.302411 0.915832 -0.135526 -0.378 0.88498 -0.130885 -0.446855 0.851702 -0.125825 -0.508695 0.831259 -0.125534 -0.541526 0.848947 -0.124615 0.513576 0.831445 -0.121356 0.542191 0.882854 -0.129874 0.451333 0.91429 -0.134777 0.38198 0.941892 -0.139088 0.30577 0.964238 -0.142575 0.223421 0.980012 -0.145028 0.136175 0.988181 -0.146307 0.0457519 0.988175 -0.146341 -0.0457698 0.979994 -0.145141 -0.13618 0.964211 -0.142802 -0.223395 0.941861 -0.13948 -0.305686 0.914275 -0.135373 -0.381805 0.882888 -0.130686 -0.451031 0.849076 -0.12562 -0.513118 0.832114 -0.122018 -0.541015 0.844953 -0.125486 0.519911 0.832213 -0.121655 0.540945 0.879019 -0.130347 0.458624 0.911023 -0.134955 0.389646 0.939495 -0.139101 0.313049 0.962823 -0.142538 0.229465 0.979451 -0.144992 0.140189 0.98812 -0.14627 0.0471662 0.98812 -0.146265 -0.0471664 0.979449 -0.145005 -0.140189 0.962806 -0.142644 -0.229471 0.939439 -0.13939 -0.313089 0.910892 -0.13546 -0.389777 0.878756 -0.131038 -0.45893 0.844493 -0.126264 -0.520471 0.833282 -0.120863 -0.539475 0.853862 -0.1295 0.504132 0.853437 -0.129451 0.504864 0.885779 -0.13515 0.443994 0.886181 -0.135177 0.443182 0.916088 -0.139404 0.375963 0.916411 -0.139432 0.375166 0.942816 -0.142865 0.301143 0.943043 -0.142886 0.300422 0.96457 -0.14535 0.220176 0.964701 -0.145361 0.219596 0.980025 -0.146715 0.134263 0.980077 -0.146717 0.133878 0.988125 -0.146873 0.0451379 0.988132 -0.146871 0.0449836 0.988284 -0.145813 -0.0450829 0.988288 -0.145815 -0.0449994 0.980499 -0.143617 -0.134151 0.980538 -0.143627 -0.133851 0.965342 -0.140452 -0.219972 0.965446 -0.140474 -0.2195 0.943848 -0.13654 -0.300844 0.94403 -0.136577 -0.300258 0.917317 -0.132126 -0.375596 0.917572 -0.132179 -0.374955 0.887117 -0.127431 -0.443605 0.887428 -0.127501 -0.442961 0.854213 -0.123119 -0.505135 0.854545 -0.123185 -0.504557 0.836918 -0.120419 -0.533918 0.806988 -0.242183 -0.538626 0.807187 -0.242243 -0.5383 0.971354 -0.237517 0.00756275 0.858762 -0.43868 0.264741 0.741718 -0.470218 0.478278 0.834039 -0.551705 7.67657e-05 0.39812 -0.596945 0.696532 0.354578 -0.60097 0.716316 0.843453 0.00113357 0.537201 0.835956 -0.12687 0.533931 0.842778 0.00113261 0.53826 -0.0331357 -0.229468 -0.972752 -0.0409819 -0.28335 -0.958141 0.0409819 0.28335 -0.958141 0.0331356 0.229468 -0.972752 0.0761101 0.511914 -0.855658 0.0761619 0.511924 -0.855648 0.0833822 0.559773 -0.82444 0.0822547 0.551542 -0.830082 0.0972824 0.69517 -0.712232 0.127788 0.870892 -0.474571 0.126946 0.871087 -0.474439 0.0843721 0.637965 -0.765429 0.115013 0.773787 -0.622917 0.096137 0.651344 -0.752668 0.0962888 0.656652 -0.748022 0.115847 0.783232 -0.610841 0.0324227 0.218111 -0.975385 -0.0324228 -0.218112 -0.975385 -0.0451602 -0.303709 -0.951694 0.0451602 0.303709 -0.951694 -0.0425541 -0.286048 -0.95727 -0.03096 -0.208186 -0.977599 0.0309601 0.208186 -0.977599 0.0425541 0.286048 -0.95727 0.0764522 0.515223 -0.853639 0.0763135 0.514028 -0.854372 0.081541 0.550332 -0.830955 0.083017 0.560311 -0.824111 0.0967577 0.65249 -0.751595 0.100945 0.680714 -0.725561 0.118963 0.802016 -0.585337 0.120153 0.810025 -0.573954 0.135673 0.915475 -0.378811 0.139 0.937953 -0.317685 0.132913 0.897389 -0.420747 0.139659 0.942937 -0.302267 0.0520505 0.388649 -0.919915 0.059343 0.386512 -0.920373 0.131702 0.888757 -0.43905 0.142639 0.963031 -0.228528 0.144328 0.974436 -0.172175 0.133931 0.903818 -0.406418 0.116768 0.787452 -0.605214 0.117974 0.795581 -0.594251 0.0969816 0.654192 -0.750085 0.0995474 0.671499 -0.734288 0.0833667 0.562795 -0.822382 0.0846775 0.571663 -0.816107 0.0751741 0.506725 -0.858824 0.0750426 0.505557 -0.859523 -0.0761617 -0.511924 -0.855648 -0.0761099 -0.511914 -0.855658 -0.0833824 -0.559773 -0.82444 -0.0822549 -0.551542 -0.830082 -0.0972824 -0.695167 -0.712235 -0.0843718 -0.637963 -0.765431 -0.126946 -0.871086 -0.47444 -0.127788 -0.870892 -0.474572 -0.115012 -0.773787 -0.622917 -0.115847 -0.783233 -0.610841 -0.0962891 -0.656652 -0.748022 -0.0961373 -0.651344 -0.752668 -0.0764522 -0.515223 -0.853639 -0.0763136 -0.514028 -0.854372 -0.0815407 -0.55033 -0.830956 -0.0830168 -0.560309 -0.824113 -0.0967577 -0.65249 -0.751595 -0.100945 -0.680715 -0.72556 -0.118963 -0.802015 -0.585337 -0.120153 -0.810025 -0.573954 -0.135673 -0.915475 -0.378811 -0.139 -0.937953 -0.317685 -0.132913 -0.897388 -0.420748 -0.139659 -0.942937 -0.302268 -0.0593433 -0.386508 -0.920375 -0.0520496 -0.388645 -0.919916 -0.131702 -0.888757 -0.439051 -0.133931 -0.903818 -0.406418 -0.144328 -0.974435 -0.172177 -0.142639 -0.963031 -0.228529 -0.116768 -0.787452 -0.605215 -0.117974 -0.79558 -0.594251 -0.0969817 -0.654192 -0.750085 -0.0995475 -0.6715 -0.734288 -0.0833666 -0.562795 -0.822382 -0.0846774 -0.571662 -0.816108 -0.0751741 -0.506725 -0.858824 -0.0750426 -0.505557 -0.859524 0.0289108 0.198503 0.979674 0.0366886 0.251775 0.96709 -0.0366887 -0.251776 0.96709 -0.0289105 -0.198502 0.979674 -0.0670265 -0.45031 0.890353 -0.0670855 -0.45032 0.890344 -0.0715725 -0.504524 0.860426 -0.0719983 -0.497158 0.864668 -0.0903495 -0.627619 0.77326 -0.126874 -0.862136 0.490534 -0.126587 -0.862143 0.490597 -0.0824941 -0.592505 0.801332 -0.114771 -0.773783 0.622967 -0.0938182 -0.614435 0.78337 -0.0923663 -0.616196 0.782158 -0.114854 -0.779265 0.61608 -0.0296692 -0.199618 0.979424 0.029669 0.199617 0.979425 0.0383377 0.257874 0.965418 -0.0383376 -0.257873 0.965418 0.035538 0.238908 0.970392 0.0278107 0.187021 0.981962 -0.0278104 -0.18702 0.981962 -0.0355377 -0.238907 0.970392 -0.0674925 -0.454736 0.888065 -0.0676454 -0.455783 0.887517 -0.0706907 -0.493249 0.867011 -0.0740329 -0.519448 0.851289 -0.0873137 -0.610884 0.786891 -0.096222 -0.665185 0.740453 -0.117839 -0.794421 0.595827 -0.121929 -0.822022 0.556249 -0.136288 -0.919565 0.368546 -0.140497 -0.948036 0.28546 -0.128462 -0.867302 0.480922 -0.139336 -0.940719 0.309246 -0.0440506 -0.315556 0.947884 -0.0472559 -0.314826 0.947972 -0.130963 -0.883716 0.449327 -0.141319 -0.954084 0.264106 -0.144407 -0.974939 0.169234 -0.133674 -0.902063 0.410382 -0.115812 -0.780998 0.613701 -0.119473 -0.805715 0.580129 -0.0936728 -0.610426 0.786515 -0.0980831 -0.645157 0.757728 -0.0761882 -0.498317 0.863641 -0.0800802 -0.521001 0.849791 -0.0648818 -0.437218 0.897012 -0.0652066 -0.439429 0.895908 0.0670851 0.45032 0.890344 0.067026 0.45031 0.890353 0.0715714 0.504524 0.860426 0.0719972 0.497158 0.864668 0.0903505 0.627626 0.773254 0.0824953 0.592514 0.801325 0.126587 0.862143 0.490597 0.126875 0.862136 0.490534 0.114771 0.773784 0.622965 0.114853 0.779264 0.616082 0.0923666 0.616196 0.782158 0.0938184 0.614435 0.783369 0.0674927 0.454737 0.888065 0.0676456 0.455784 0.887516 0.0706905 0.493248 0.867012 0.0740326 0.519446 0.85129 0.0873138 0.610885 0.78689 0.0962223 0.665187 0.740451 0.117839 0.79442 0.595828 0.121929 0.822022 0.556248 0.136288 0.919566 0.368543 0.140497 0.948037 0.285457 0.128462 0.867302 0.480921 0.139336 0.940721 0.30924 0.0472564 0.314841 0.947967 0.044051 0.315571 0.947879 0.130963 0.883717 0.449324 0.133674 0.902065 0.410378 0.144408 0.974941 0.169224 0.141319 0.954087 0.264098 0.115812 0.780997 0.613703 0.119473 0.805714 0.580131 0.0936729 0.610426 0.786515 0.0980832 0.645158 0.757727 0.0761881 0.498317 0.863641 0.0800801 0.521001 0.849791 0.0648816 0.437217 0.897013 0.0652064 0.439428 0.895908 0.0428699 0.283071 -0.958141 -0.0428692 -0.283071 -0.95814 -0.034768 -0.229226 -0.972752 0.0347686 0.229226 -0.972752 0.0754215 0.512034 -0.855647 0.0754677 0.512009 -0.855658 0.0823714 0.559923 -0.82444 0.0810654 0.551718 -0.830082 0.108299 0.69354 -0.712231 0.104068 0.635047 -0.765431 0.130867 0.870506 -0.47444 0.130005 0.870564 -0.474571 0.114102 0.773922 -0.622917 0.11604 0.783204 -0.610841 0.0980846 0.656386 -0.748022 0.0966915 0.651262 -0.752668 -0.044767 -0.303767 -0.951694 -0.032159 -0.21815 -0.975385 0.032159 0.218151 -0.975385 0.0447671 0.303767 -0.951694 0.0306834 0.208227 -0.977599 -0.0306833 -0.208227 -0.977599 -0.0421447 -0.286109 -0.95727 0.0421447 0.286109 -0.95727 0.076097 0.515276 -0.85364 0.0758832 0.514091 -0.854372 0.0813981 0.550353 -0.830955 0.0828765 0.560332 -0.824112 0.0964313 0.652538 -0.751595 0.100601 0.680766 -0.72556 0.118499 0.802084 -0.585337 0.11968 0.810095 -0.573954 0.135377 0.915519 -0.37881 0.138705 0.937997 -0.317684 0.132778 0.897409 -0.420747 0.139518 0.942958 -0.302267 0.0551836 0.387128 -0.920373 0.0627569 0.387061 -0.919916 0.131437 0.888797 -0.43905 0.133667 0.903857 -0.406418 0.144175 0.974458 -0.172176 0.142487 0.963054 -0.228528 0.116381 0.78751 -0.605214 0.117581 0.795639 -0.594251 0.0967099 0.654232 -0.750085 0.0992685 0.67154 -0.734289 0.0832616 0.562811 -0.822382 0.0845761 0.571678 -0.816107 0.0748582 0.506772 -0.858824 0.0746456 0.505616 -0.859524 -0.0754677 -0.512009 -0.855658 -0.0754213 -0.512034 -0.855647 -0.0823714 -0.559923 -0.82444 -0.0810654 -0.551718 -0.830082 -0.108297 -0.693537 -0.712234 -0.130004 -0.870563 -0.474572 -0.130867 -0.870506 -0.47444 -0.104067 -0.635046 -0.765433 -0.114104 -0.773922 -0.622917 -0.0966916 -0.651262 -0.752668 -0.0980844 -0.656386 -0.748022 -0.116041 -0.783204 -0.61084 -0.076097 -0.515276 -0.853639 -0.0758833 -0.514091 -0.854372 -0.0813978 -0.550351 -0.830956 -0.0828763 -0.56033 -0.824113 -0.0964313 -0.652538 -0.751595 -0.100601 -0.680766 -0.72556 -0.118499 -0.802084 -0.585337 -0.11968 -0.810095 -0.573954 -0.135377 -0.91552 -0.37881 -0.138705 -0.937996 -0.317685 -0.132778 -0.897408 -0.420748 -0.139518 -0.942958 -0.302268 -0.0627567 -0.387057 -0.919918 -0.0551836 -0.387124 -0.920375 -0.131437 -0.888796 -0.439051 -0.142487 -0.963053 -0.22853 -0.144175 -0.974458 -0.172177 -0.133667 -0.903857 -0.406419 -0.116381 -0.787509 -0.605215 -0.117581 -0.795638 -0.594251 -0.09671 -0.654232 -0.750085 -0.0992686 -0.671541 -0.734288 -0.0832615 -0.56281 -0.822382 -0.084576 -0.571677 -0.816108 -0.0748582 -0.506772 -0.858824 -0.0746457 -0.505616 -0.859524 -0.037827 -0.251607 0.96709 0.0378272 0.251606 0.96709 0.0298375 0.198366 0.979674 -0.0298373 -0.198365 0.979674 -0.066258 -0.450442 0.890344 -0.0663122 -0.450416 0.890353 -0.0776671 -0.503622 0.860426 -0.075126 -0.496694 0.864668 -0.095353 -0.626878 0.773261 -0.0926952 -0.590994 0.801333 -0.128623 -0.861841 0.490597 -0.128345 -0.861919 0.490534 -0.114332 -0.773848 0.622967 -0.115842 -0.779119 0.61608 -0.0901198 -0.616528 0.782158 -0.0882206 -0.615264 0.78337 0.0380177 0.257922 0.965418 0.0294364 0.199652 0.979425 -0.0294366 -0.199653 0.979424 -0.0380177 -0.257921 0.965418 -0.0275656 -0.187056 0.981963 0.0275658 0.187058 0.981962 0.0352026 0.238958 0.970392 -0.0352023 -0.238956 0.970392 -0.067148 -0.454786 0.888066 -0.0673051 -0.455833 0.887517 -0.0752451 -0.492575 0.867011 -0.0796364 -0.518618 0.851289 -0.0934162 -0.609981 0.786891 -0.100622 -0.664533 0.740453 -0.117374 -0.794489 0.595827 -0.121456 -0.822092 0.55625 -0.135973 -0.919612 0.368545 -0.140193 -0.948081 0.28546 -0.128322 -0.867322 0.480922 -0.139185 -0.940741 0.309246 -0.0459678 -0.315016 0.947973 -0.049243 -0.314786 0.947885 -0.130684 -0.883757 0.449327 -0.133405 -0.902103 0.410382 -0.144245 -0.974963 0.169234 -0.141159 -0.954108 0.264105 -0.115426 -0.781055 0.613701 -0.119082 -0.805773 0.580129 -0.0871969 -0.611384 0.786515 -0.0930383 -0.645904 0.757728 -0.0714517 -0.499018 0.863641 -0.0742987 -0.521857 0.849791 -0.0645716 -0.437264 0.897012 -0.0649011 -0.439474 0.895908 0.0663139 0.450415 0.890353 0.0662601 0.450442 0.890343 0.077667 0.503621 0.860426 0.075126 0.496695 0.864668 0.095353 0.626885 0.773255 0.128345 0.861919 0.490534 0.128623 0.861842 0.490596 0.0926953 0.591003 0.801326 0.114332 0.773849 0.622965 0.0882206 0.615264 0.783369 0.0901196 0.616528 0.782158 0.115842 0.779118 0.616082 0.0671481 0.454787 0.888065 0.0673052 0.455835 0.887516 0.0752449 0.492574 0.867012 0.0796362 0.518616 0.85129 0.0934163 0.609982 0.78689 0.100622 0.664536 0.740451 0.117374 0.794489 0.595828 0.121457 0.822092 0.556249 0.135973 0.919613 0.368542 0.140194 0.948082 0.285457 0.128322 0.867322 0.480921 0.139185 0.940743 0.30924 0.0492432 0.314801 0.94788 0.0459682 0.31503 0.947968 0.130684 0.883759 0.449324 0.14116 0.95411 0.264097 0.144245 0.974965 0.169224 0.133405 0.902105 0.410378 0.115425 0.781054 0.613703 0.119082 0.805772 0.580131 0.087197 0.611385 0.786515 0.0930384 0.645905 0.757728 0.0714517 0.499018 0.863641 0.0742986 0.521857 0.849791 0.0645715 0.437263 0.897012 0.0649009 0.439473 0.895908 -9.03166e-09 2.55995e-07 -1 -6.49702e-09 2.55627e-07 -1 1.47575e-08 2.52545e-07 -1 1.27404e-08 2.52837e-07 -1 9.22109e-08 6.22902e-07 -1 9.14887e-08 6.18023e-07 -1 4.61055e-08 3.11451e-07 -1 4.68277e-08 3.1633e-07 -1 -2.86534e-08 4.38962e-07 -1 -2.13025e-08 4.37896e-07 -1 4.03396e-08 4.28957e-07 -1 3.44897e-08 4.29805e-07 -1 2.18988e-08 1.4793e-07 -1 2.18988e-08 1.4793e-07 -1 2.18988e-08 1.4793e-07 -1 2.18988e-08 1.4793e-07 -1 -0.990255 0.139268 -2.7114e-05 -0.990255 0.139268 -1.05385e-05 -0.989995 0.141102 -3.076e-06 -0.9898 0.142468 -4.01966e-06 -0.989605 0.143812 -3.98559e-06 -0.989585 0.143947 1.96601e-07 -0.989555 0.144154 -5.14219e-06 -0.989563 0.144099 -4.29519e-06 0.18143 -0.0268566 -0.983037 0.183232 -0.0271232 -0.982696 0.284242 -0.0420771 -0.957829 0.284242 -0.0420772 -0.957829 0.989995 -0.141103 1.1752e-06 0.990255 -0.139268 -1.92169e-05 0.990255 -0.139268 -3.83884e-06 0.989799 -0.142468 1.91741e-06 0.989585 -0.143947 5.15475e-06 0.989563 -0.144099 3.04804e-06 0.989555 -0.144154 1.25012e-06 0.989605 -0.143812 2.19748e-06 -0.9896 0.143847 -8.72721e-07 -0.989545 0.144222 -1.1929e-11 5.97824e-08 -8.93788e-09 -1 -8.22083e-08 1.1957e-08 -1 0.989546 -0.144221 1.18508e-11 0.9896 -0.143847 -8.39109e-07 -0.990255 0.139268 -5.83197e-06 -0.9898 0.142468 -1.50058e-06 -0.989586 0.143947 -5.19712e-06 -0.989605 0.143812 -7.1936e-07 -0.989563 0.144098 -2.06938e-06 -0.989555 0.144154 7.07309e-08 -0.284242 0.0420801 -0.957829 -0.183231 0.0271236 -0.982696 -0.18143 0.026857 -0.983037 -0.284242 0.0420801 -0.957829 0.990255 -0.139267 -7.29577e-05 0.989799 -0.142468 5.24801e-06 0.989585 -0.143947 2.50778e-06 0.989605 -0.143812 9.70293e-08 0.989555 -0.144153 -6.25765e-06 0.989563 -0.144098 -5.49883e-06 0.988133 -0.153602 -2.76704e-05 0.988624 -0.150407 -4.01087e-06 0.988416 -0.15177 -3.07446e-06 0.988133 -0.153602 -1.04142e-05 0.988848 -0.148929 1.95949e-07 0.988828 -0.149064 -4.01255e-06 0.988871 -0.148777 -4.33601e-06 0.988879 -0.148722 -5.18584e-06 -0.284242 0.0420791 -0.957829 -0.183231 0.0271265 -0.982696 -0.18143 0.0268597 -0.983037 -0.284242 0.042079 -0.957829 -0.988133 0.153602 -2.77893e-06 -0.988133 0.153601 -1.89828e-05 -0.988416 0.15177 1.17825e-06 -0.988624 0.150406 1.93701e-06 -0.988848 0.148929 5.15547e-06 -0.988828 0.149063 2.19524e-06 -0.988879 0.148723 1.22002e-06 -0.988871 0.148777 3.00895e-06 0.988833 -0.149028 -8.79114e-07 0.988889 -0.148654 4.0587e-11 -2.61548e-08 -4.87605e-07 -1 -8.96932e-08 -4.78375e-07 -1 -0.988833 0.149028 -8.2905e-07 -0.988889 0.148655 -4.06357e-11 0.988133 -0.153602 -4.77438e-06 0.988624 -0.150406 -1.49712e-06 0.988828 -0.149063 -7.07538e-07 0.988848 -0.148929 -5.19738e-06 0.988879 -0.148722 9.46399e-08 0.988871 -0.148777 -2.04105e-06 0.18143 -0.0268591 -0.983037 0.183231 -0.0271257 -0.982696 0.284243 -0.0420744 -0.957829 0.284243 -0.0420744 -0.957829 -0.988133 0.153601 -7.3076e-05 -0.988624 0.150406 5.25503e-06 -0.988848 0.148929 2.42567e-06 -0.988871 0.148777 -5.51039e-06 -0.988879 0.148722 -6.22572e-06 -0.988828 0.149063 1.12808e-07 -1.53759e-08 5.25292e-07 -1 1.5321e-07 5.00845e-07 -1 1.669e-07 4.98859e-07 -1 1.82746e-09 5.22797e-07 -1 5.13082e-08 3.46597e-07 -1 5.18711e-08 3.504e-07 -1 9.40642e-08 6.35422e-07 -1 9.35013e-08 6.31619e-07 -1 1.2203e-07 5.0537e-07 -1 1.13041e-07 5.06674e-07 -1 2.67965e-08 5.1918e-07 -1 3.39494e-08 5.18143e-07 -1 9.14539e-08 6.17789e-07 -1 9.01739e-08 6.09142e-07 -1 -1.24885e-09 -8.43625e-09 -1 3.1162e-11 2.10495e-10 -1 0.967306 -0.143804 0.208902 0.959836 -0.16766 0.224955 0.933764 -0.286911 0.213931 0.93492 -0.308366 0.175599 0.966685 -0.131086 0.219857 0.970715 -0.134935 0.198761 0.972433 -0.0949758 0.212966 0.978544 -0.023949 0.204644 0.926645 -0.311846 0.209956 0.970806 -0.143617 0.192121 0.971192 -0.134796 0.19651 0.975088 -0.0160044 0.22124 0.967368 0.166581 0.190916 0.970797 0.152558 0.185148 0.970124 -0.166099 0.176835 0.942664 -0.291325 0.16283 0.978101 -0.0928041 0.186294 0.975355 -0.130311 0.178048 0.981854 0.00677848 0.189516 0.973453 -0.116803 0.196842 0.970918 -0.133913 0.198459 0.979853 0.0354559 0.196548 0.967573 -0.150844 0.202606 0.961269 -0.183869 0.205315 0.970241 -0.14288 0.195492 0.946099 -0.24908 0.207018 0.971056 -0.13391 0.197786 0.977523 0.0385331 0.20728 0.969722 -0.143006 0.19796 0.954057 -0.24559 0.171641 0.877745 -0.401066 0.262125 0.900925 -0.411176 0.138811 0.972573 -0.116482 0.201332 0.976712 0.0112035 0.214263 0.965032 -0.18478 0.18593 0.969702 -0.150673 0.192291 0.767672 -0.623128 -0.149639 0.529781 -0.846548 -0.0518618 0.949668 -0.280464 0.139537 0.908434 0.404811 -0.104285 0.991181 -0.0204397 0.130929 0.952102 0.00603773 0.305721 0.963229 -0.106081 0.246852 0.91274 -0.288462 0.289301 0.954281 -0.184551 0.235137 0.925742 0.176628 0.33437 0.852645 -0.398952 0.337392 0.774146 0.617317 -0.140061 0.647263 0.628671 0.431073 0.995443 0.0100799 0.094824 0.981351 0.181602 0.0630153 0.982567 -0.105201 0.153282 0.929763 -0.283638 0.234712 0.46743 -0.850661 0.240593 0.65147 -0.641278 0.405401 0.463751 -0.775547 0.428325 0.725741 0.685438 0.058949 0.685808 0.688 0.237326 0.596334 -0.770532 -0.225089 0.96995 -0.184482 0.15863 0.963038 -0.0239609 0.268298 0.788782 0.404541 0.462784 0.954081 -0.286797 0.0864659 0.915195 -0.402507 0.0201698 0.460946 -0.48741 -0.741593 -0.570274 -0.681746 -0.458269 0.966245 -0.252823 -0.0495197 0.88701 0.00199592 0.461746 0.950804 -0.10247 0.292354 0.788073 0.186232 0.586735 0.278652 0.673311 -0.68484 0.0241639 0.601157 0.798766 0.99719 0.00800575 -0.074479 0.950291 0.196769 -0.241307 0.988992 -0.10129 0.107863 0.866969 -0.267912 0.420224 -0.695136 -0.68232 0.226328 0.162926 -0.48797 0.85752 0.727589 -0.251473 0.63826 0.612841 -0.514587 0.599689 0.968825 -0.150343 0.196916 0.96969 -0.144745 0.196849 0.613506 -0.657203 0.437829 0.967931 -0.154708 0.197926 0.631895 -0.735232 0.24524 0.967323 -0.157443 0.198739 0.632563 -0.735944 0.241351 0.677176 -0.735726 0.0118579 0.968949 -0.157081 0.190955 0.968797 -0.15923 0.189944 0.7337 -0.656115 -0.176629 0.969415 -0.153393 0.191588 0.794108 -0.51596 -0.321214 0.970414 -0.146335 0.19205 0.915092 -0.25688 -0.310836 0.971174 -0.138353 0.194114 0.954634 0.0111361 -0.297572 0.971698 -0.131865 0.195997 0.909134 0.29769 -0.291301 0.972368 -0.126433 0.196252 0.886315 0.443571 -0.133007 0.973061 -0.122296 0.195437 0.850072 0.523652 0.0562682 0.972935 -0.119235 0.197939 0.802116 0.524755 0.285029 0.972315 -0.120181 0.200401 0.758735 0.443684 0.476933 0.971939 -0.123572 0.200159 0.719112 0.300386 0.626615 0.971082 -0.130405 0.199985 0.760322 0.0175809 0.649309 0.970341 -0.138242 0.198312 0.970778 -0.137446 0.19672 0.970833 -0.137697 0.196275 0.970734 -0.137296 0.197044 0.97069 -0.137248 0.197291 0.970618 -0.137488 0.197478 0.970585 -0.138019 0.197271 0.9707 -0.137609 0.196989 0.970485 -0.138775 0.197232 0.970512 -0.13926 0.196757 0.970558 -0.139595 0.196292 0.970597 -0.139802 0.195953 0.970614 -0.139946 0.195762 0.970622 -0.140044 0.195656 0.970665 -0.139987 0.195482 0.970807 -0.139489 0.195129 0.970912 -0.138648 0.195212 0.970885 -0.138094 0.195734 0.969737 -0.146675 0.195182 0.969607 -0.144053 0.197767 0.970637 -0.146692 0.190643 0.971839 -0.143566 0.186862 0.972976 -0.138242 0.184949 0.967487 -0.139297 0.211106 0.96855 -0.132079 0.210871 0.968286 -0.143206 0.204731 0.969273 -0.143756 0.199611 0.970357 -0.141358 0.196025 0.970912 -0.137703 0.195877 0.970609 -0.135257 0.199059 0.969603 -0.135458 0.203768 0.969864 -0.141518 0.198334 0.97175 -0.14037 0.189733 0.970969 -0.13957 0.194267 0.970176 -0.141017 0.197161 0.296648 -0.10008 -0.949728 0.321059 0.0838121 -0.943344 0.0725461 -0.0679708 -0.995046 0.09815 0.11576 -0.988416 0.580073 -0.0487951 -0.813102 0.199568 0.00856493 -0.979846 0.579479 -0.0490366 -0.81351 0.538257 -0.0449674 -0.841581 0.386042 -0.0320482 -0.921924 0.23613 -0.000639452 -0.971721 0.163394 0.0213348 -0.98633 0.0067137 0.052352 -0.998606 -0.164089 0.0630086 -0.984431 -0.215587 0.0645642 -0.974348 -0.216167 0.06492 -0.974196 -0.167337 0.0558456 -0.984317 0.00125903 0.0228494 -0.999738 0.161223 0.00995605 -0.986868 0.237205 0.0106219 -0.971401 0.388715 -0.00219752 -0.921355 0.537268 -0.0370817 -0.842596 -0.164108 -0.180434 -0.9698 -0.101019 0.283359 -0.953679 0.634515 -0.36301 -0.682359 0.857634 -0.344259 -0.382033 0.920522 0.124732 -0.370246 0.713995 0.22406 -0.663331 0.466027 -0.270653 -0.842357 0.529118 0.193127 -0.826278 -0.398631 -0.215543 -0.891423 -0.31855 0.371601 -0.872032 -0.705119 -0.121322 -0.698633 -0.639717 0.347883 -0.685375 0.987443 -0.155402 -0.0284157 0.928734 0.000616097 -0.370747 0.911554 -0.147546 -0.383796 0.982522 -0.178389 -0.0531718 0.840376 -0.236309 -0.487777 0.912672 -0.142508 -0.383043 0.92127 -0.0798049 -0.380648 0.893101 -0.270973 -0.359089 0.976488 -0.212938 -0.0336041 0.989593 -0.143718 -0.00708758 0.94511 0.162873 -0.283265 0.61461 -0.273188 -0.740016 0.994755 -0.100961 -0.0164294 0.940793 0.295683 -0.165769 0.338437 -0.100475 -0.935609 0.941025 -0.0864428 0.327107 0.852827 0.325245 0.408537 0.889057 0.377549 0.258909 0.951868 -0.0313786 0.304897 0.0594821 0.118048 -0.991225 0.930623 -0.111718 0.348511 0.804406 0.231492 0.547123 -0.290901 0.275088 -0.916353 0.911567 -0.123483 0.39217 0.743971 0.0865442 0.662584 -0.590243 0.235585 -0.772084 0.891786 -0.150277 0.426772 0.711396 -0.0591794 0.700295 -0.691247 0.15068 -0.706735 0.890047 -0.189337 0.414689 0.694358 -0.187142 0.694871 -0.699627 0.0878789 -0.709084 0.910216 -0.213223 0.355026 0.68913 -0.336765 0.641631 -0.620916 -0.0274823 -0.783396 0.933917 -0.209473 0.28969 0.714882 -0.486474 0.502282 -0.334952 -0.137209 -0.932191 0.946148 -0.208809 0.247391 0.748339 -0.58172 0.318733 0.0302304 -0.0562768 -0.997957 0.960403 -0.21675 0.175056 0.79518 -0.600515 0.0840898 0.356943 0.0753376 -0.931083 0.966867 -0.226456 0.117835 0.833784 -0.540137 -0.114266 0.680433 0.135999 -0.72008 0.97205 -0.231931 0.0364195 0.866484 -0.411111 -0.283185 0.879644 0.0254947 -0.47495 0.97681 -0.172987 0.126167 0.978086 -0.170612 0.119326 0.975061 -0.172703 0.139395 0.980137 -0.162353 0.113901 0.984426 -0.139566 0.106899 0.966871 -0.111499 0.229626 0.959336 -0.132403 0.249285 0.954524 -0.149591 0.25789 0.953686 -0.153168 0.258887 0.953295 -0.153996 0.259834 0.954707 -0.154778 0.254121 0.958204 -0.152235 0.242218 0.961278 -0.148659 0.232044 0.962816 -0.151727 0.223527 0.968509 -0.15756 0.192781 0.971631 -0.159836 0.174317 0.973115 -0.167399 0.158191 0.945674 -0.325104 0.00288876 0.945674 -0.325104 0.00289112 0.84441 -0.535688 0.00313901 0.84441 -0.535688 0.00313 0.989217 -0.146438 0.00257234 0.989217 -0.146438 0.00257068 0.989217 -0.146438 0.00236015 0.989217 -0.146438 0.00235564 0.989218 -0.146438 0.00215873 0.989217 -0.146438 0.00215129 0.989218 -0.146438 0.00196483 0.989218 -0.146438 0.00195738 0.989218 -0.146438 0.00177513 0.989218 -0.146438 0.00176924 0.989218 -0.146438 0.00160098 0.989219 -0.146438 0.00159648 0.989219 -0.146438 0.00152093 0.989219 -0.146438 0.00151743 0.989219 -0.146438 0.00130226 0.989219 -0.146438 0.00130078 0.989219 -0.146438 0.00134776 0.989219 -0.146438 0.00135199 0.989219 -0.146438 0.00118503 0.989219 -0.146438 0.00118678 0.989219 -0.146438 0.00109536 0.989219 -0.146438 0.0010995 0.989219 -0.146438 0.00103169 0.989219 -0.146438 0.00103907 0.989219 -0.146438 0.00098918 0.989219 -0.146438 0.000996368 0.989219 -0.146438 0.00098683 0.989219 -0.146438 0.000997152 0.989219 -0.146438 0.00100038 0.989219 -0.146438 0.00101439 0.999308 0.0371711 0.00107581 0.999308 0.0371711 0.00108991 0.963401 0.268063 0.00112377 0.963401 0.268063 0.00113897 0.805495 -0.592593 0.00339727 0.805495 -0.592593 0.00337734 0.942639 0.333812 0.00117394 0.942639 0.333812 0.00118954 0.772104 -0.635486 0.00365827 0.772104 -0.635486 0.00363167 0.923108 0.384539 0.00121425 0.923108 0.384539 0.00123071 0.75083 -0.660484 0.00386261 0.75083 -0.660484 0.00383598 0.909989 0.41463 0.00124114 0.909989 0.414629 0.00125331 0.701236 -0.712918 0.00409704 0.701236 -0.712918 0.00406789 0.877713 0.479184 0.00128831 0.877713 0.479184 0.00130157 0.631571 -0.775306 0.0042809 0.631571 -0.775306 0.00425334 0.829014 0.559226 0.001316 0.829014 0.559226 0.00133263 0.564127 -0.825676 0.00443573 0.564127 -0.825676 0.00442276 0.797694 0.603061 0.0013495 0.797693 0.603061 0.00135719 0.510686 -0.859756 0.00449965 0.510686 -0.859756 0.00449793 0.77816 0.628065 0.00137799 0.77816 0.628065 0.00138005 -0.767333 0.641249 -0.000253642 -0.767332 0.641249 -0.000296097 -0.767332 0.64125 -0.000712787 -0.767333 0.641249 -0.000548038 -0.767319 0.641266 -0.000668808 -0.767331 0.641251 -0.000529866 0.98922 -0.146438 0.000171751 0.98922 -0.146438 0.000216793 0.98922 -0.146439 4.6577e-14 0.98922 -0.146439 5.15144e-14 0.98922 -0.146438 -1.56327e-15 0.98922 -0.146438 -5.7208e-15 0.98922 -0.146439 5.15144e-14 0.98922 -0.146439 4.24193e-14 0.98922 -0.146438 -1.42717e-15 0.98922 -0.146438 5.32904e-15 0.989183 -0.146687 5.66925e-11 0.989168 -0.146791 8.02057e-11 0.989235 -0.146335 -2.34501e-11 0.989204 -0.146542 2.36899e-11 0.989272 -0.146083 -8.09272e-11 0.989257 -0.146187 -5.72947e-11 0.98922 -0.146438 3.55271e-15 0.98922 -0.146438 3.55271e-15 0.98922 -0.146438 -2.58232e-14 0.98922 -0.146438 -2.84217e-14 0.98922 -0.146438 -2.59862e-15 0.98922 -0.146438 -2.5985e-15 0.98922 -0.146438 -9.70398e-15 0.98922 -0.146438 -4.50687e-15 0.98922 -0.146438 -3.05899e-14 0.98922 -0.146438 -3.29286e-14 0.98922 -0.146439 -0.000216773 0.98922 -0.146439 -0.000171741 -0.930422 -0.36649 0.000515175 -0.93042 -0.366494 0.000650232 -0.930418 -0.366498 0.000680683 -0.930419 -0.366496 0.000514643 -0.930418 -0.366499 0.000259929 -0.930419 -0.366498 0.000216024 -0.767334 0.641247 -0.000148821 -0.767334 0.641248 -0.000195401 -0.930421 -0.366491 0.000156169 -0.930422 -0.36649 0.000108719 -0.767336 0.641245 -3.1713e-05 -0.767335 0.641247 -8.58241e-05 -0.930421 -0.366493 4.54176e-05 -0.930422 -0.366489 -8.33954e-06 -0.767334 0.641247 3.55049e-05 -0.767335 0.641247 1.80625e-05 -0.930422 -0.366489 -5.76903e-05 -0.930422 -0.36649 -7.48838e-05 -0.767334 0.641248 0.000146455 -0.767334 0.641248 9.69926e-05 -0.930424 -0.366486 -0.000135093 -0.930425 -0.366483 -0.000183415 -0.767336 0.641246 0.000278187 -0.767336 0.641245 0.000245004 -0.930424 -0.366484 -0.000279335 -0.930425 -0.366482 -0.000311516 -0.767336 0.641246 0.000375061 -0.767336 0.641245 0.000361393 -0.930426 -0.36648 -0.000365188 -0.930426 -0.366481 -0.000368023 0.804335 -0.594177 -0.000473118 0.804333 -0.594178 -0.000640864 0.804332 -0.59418 -0.000215136 0.804335 -0.594176 -0.000169718 0.804338 -0.594171 -0.000496942 0.804336 -0.594174 -0.000627299 0.98922 -0.146438 1.91481e-14 0.989765 -0.142708 -8.49059e-10 0.995453 -0.0952581 -0.000168874 0.994706 -0.102762 -0.000139385 0.98922 -0.146439 7.26175e-14 0.98922 -0.146439 7.67752e-14 0.98922 -0.146438 -1.42108e-14 0.98922 -0.146438 -5.11596e-15 0.98922 -0.146438 -3.41001e-14 0.98922 -0.146438 -4.08561e-14 0.989476 -0.1447 -3.957e-10 0.989584 -0.143958 -5.64581e-10 0.989105 -0.147213 1.76456e-10 0.989329 -0.145696 -1.69053e-10 0.988815 -0.14915 6.17455e-10 0.988931 -0.148374 4.40819e-10 0.98922 -0.146438 5.32907e-15 0.98922 -0.146438 5.32907e-15 0.98922 -0.146438 -1.5033e-14 0.98922 -0.146438 -1.24345e-14 0.98922 -0.146438 -3.47049e-14 0.98922 -0.146438 -3.4705e-14 0.98922 -0.146438 -2.99037e-15 0.98922 -0.146438 -7.92764e-15 0.98922 -0.146438 1.25664e-14 0.98922 -0.146438 1.54249e-14 0.98922 -0.146438 0.000171869 0.98922 -0.146439 0.000216935 0.913973 0.405775 0.000567231 0.913972 0.405776 0.000731316 0.913968 0.405786 0.000679517 0.913973 0.405776 0.000538325 0.913975 0.405771 0.000275364 0.913973 0.405775 0.000316809 0.804336 -0.594175 -0.000108363 0.804335 -0.594177 -6.02701e-05 0.913975 0.405771 0.000172752 0.913975 0.405769 0.0002184 0.804337 -0.594174 3.29606e-06 0.804335 -0.594176 5.68428e-05 0.913975 0.405769 5.53716e-05 0.913974 0.405772 0.000109988 0.804335 -0.594176 0.000105516 0.804335 -0.594176 0.000122041 0.913976 0.405769 -1.17533e-05 0.913975 0.405771 5.45033e-06 0.804334 -0.594177 0.000180564 0.804334 -0.594177 0.000227709 0.913976 0.405768 -0.000124383 0.913976 0.405769 -7.39699e-05 0.804335 -0.594176 0.000320539 0.804333 -0.594179 0.000351464 0.913977 0.405766 -0.000259089 0.913977 0.405767 -0.000225105 0.804334 -0.594178 0.000424967 0.804333 -0.594179 0.000436076 0.913978 0.405765 -0.0003221 0.913976 0.405769 -0.000318016 -0.767335 0.641246 0.000404574 -0.767334 0.641247 0.000404573 0.804333 -0.594178 0.000460065 0.804333 -0.594178 0.000460065 -0.930425 -0.366482 -0.000373269 -0.930425 -0.366481 -0.000373269 0.913977 0.405765 -0.000329646 0.913976 0.405769 -0.000329642 0.969776 -0.243996 -0.000719217 0.969776 -0.243996 -0.000719603 0.969776 -0.243996 -0.000719687 0.969776 -0.243996 -0.000719301 0.419272 -0.907861 6.93735e-06 0.317827 -0.948149 3.60443e-06 0.317827 -0.948149 5.64424e-08 0.419272 -0.907861 7.23589e-06 0.604223 -0.796815 1.19006e-07 0.604223 -0.796815 2.28705e-06 0.998873 -0.047468 0.000717795 0.998873 -0.047468 0.000718244 0.998873 -0.047468 0.000718341 0.998873 -0.047468 0.000717892 0.706876 0.707337 1.86554e-05 0.809162 0.587585 1.46787e-05 0.809162 0.587585 1.08784e-05 0.706876 0.707337 1.92231e-05 0.672439 0.740153 1.48797e-05 0.672439 0.740153 1.87652e-05 0.714191 -0.699951 1.75704e-07 0.714191 -0.699951 -5.36611e-07 0.759845 -0.650104 3.73505e-06 0.759845 -0.650104 4.87869e-06 0.809934 -0.586521 -1.74246e-06 0.809934 -0.58652 -4.19332e-07 0.868563 -0.495578 8.44843e-07 0.868563 -0.495578 9.9672e-07 0.916684 -0.399613 -4.59528e-06 0.916684 -0.399613 -5.06126e-06 0.936204 -0.351458 5.83242e-07 0.936204 -0.351458 -1.8672e-06 0.993146 0.116876 -1.28625e-05 0.997878 0.0651142 -1.74929e-05 0.997878 0.0651142 -1.81553e-05 0.993147 0.116876 -1.25048e-05 0.974891 0.222683 -7.40718e-06 0.974891 0.222683 -6.10679e-06 0.945124 0.326711 -5.46513e-06 0.945124 0.326711 -4.82864e-06 0.915605 0.40208 -4.37554e-07 0.915605 0.40208 7.63872e-07 0.886349 0.463017 3.93032e-06 0.886349 0.463017 2.71743e-06 0.0261174 0.177303 0.98381 0.0311496 0.211469 0.976888 -0.0311494 -0.211469 0.976888 -0.0261173 -0.177303 0.98381 -0.0615764 -0.413997 0.908193 -0.0607009 -0.407727 0.911084 -0.0707643 -0.479007 0.874954 -0.0709059 -0.479234 0.874818 -0.0821482 -0.561157 0.823623 -0.132556 -0.894624 0.426705 -0.131191 -0.885784 0.445169 -0.0870943 -0.594248 0.799552 -0.113454 -0.764799 0.634201 -0.0899892 -0.6074 0.789283 -0.0880938 -0.595995 0.798141 -0.112374 -0.75787 0.642655 -0.0263389 -0.177216 0.983819 0.0263387 0.177215 0.98382 0.0320629 0.215677 0.975938 -0.0320629 -0.215677 0.975938 0.0299498 0.201351 0.979061 0.0247592 0.166504 0.98573 -0.0247591 -0.166504 0.98573 -0.0299496 -0.201349 0.979062 -0.0612462 -0.412629 0.908838 -0.0630611 -0.425012 0.902989 -0.0695365 -0.469327 0.880282 -0.0734538 -0.495748 0.865354 -0.0880483 -0.593808 0.799774 -0.0981881 -0.662066 0.742985 -0.115482 -0.778517 0.616908 -0.120813 -0.8145 0.567445 -0.139123 -0.938719 0.315359 -0.143147 -0.965918 0.215667 -0.138626 -0.935895 0.323857 -0.144865 -0.978029 0.14991 -0.018237 -0.125886 0.991877 -0.0187063 -0.125804 0.991879 -0.133543 -0.901157 0.412411 -0.145773 -0.984149 0.100996 -0.146455 -0.988766 -0.0298641 -0.137353 -0.926861 0.349375 -0.113209 -0.763424 0.635899 -0.117684 -0.793632 0.596908 -0.0868785 -0.586085 0.805578 -0.093962 -0.633763 0.767799 -0.070242 -0.474215 0.877603 -0.0738799 -0.498743 0.863595 -0.0582149 -0.392264 0.918009 -0.060186 -0.405715 0.912016 0.0607015 0.407727 0.911084 0.0615771 0.413998 0.908193 0.0707633 0.479006 0.874955 0.0709052 0.479234 0.874818 0.0821494 0.561158 0.823622 0.087094 0.594248 0.799553 0.131192 0.885784 0.445168 0.132556 0.894623 0.426706 0.113454 0.764801 0.634198 0.112374 0.757871 0.642654 0.0880936 0.595993 0.798143 0.0899892 0.607398 0.789284 0.0612461 0.412628 0.908838 0.0630612 0.425012 0.902988 0.0695365 0.469327 0.880282 0.0734539 0.495749 0.865354 0.088048 0.593806 0.799776 0.0981879 0.662065 0.742986 0.115482 0.778516 0.616909 0.120813 0.814498 0.567448 0.139123 0.938723 0.315347 0.143147 0.965919 0.215661 0.138625 0.93589 0.323871 0.144865 0.978029 0.149911 0.0187067 0.12581 0.991878 0.0182346 0.125893 0.991876 0.133825 0.903049 0.408159 0.138078 0.93179 0.33571 0.146451 0.988712 -0.0316412 0.145736 0.983879 0.103649 0.113207 0.763426 0.635897 0.117855 0.794805 0.595311 0.0868785 0.586085 0.805578 0.093962 0.633763 0.767799 0.0702418 0.474214 0.877603 0.0738798 0.498742 0.863596 0.0582149 0.392264 0.918009 0.060186 0.405716 0.912016 -0.100397 0.988896 0.109564 -0.100564 0.98531 0.138028 -0.024499 0.973386 0.227858 0.0267437 0.972738 0.23036 -0.116469 0.98752 0.106013 -0.097393 0.990593 0.0961292 -0.132274 0.988586 0.072125 -0.171679 0.985133 0.00634089 0.0011544 0.966992 0.254804 -0.0869545 0.991262 0.0991875 -0.095652 0.990905 0.0946499 -0.186853 0.982348 0.00884288 -0.285774 0.94396 -0.165144 -0.257189 0.955028 -0.147562 -0.0626586 0.992421 0.105708 0.0247305 0.978264 0.205882 -0.112177 0.99223 0.0538152 -0.0838541 0.993367 0.0786752 -0.171008 0.985055 -0.0205839 -0.105975 0.991045 0.0812375 -0.0977746 0.990657 0.095073 -0.198937 0.978827 -0.0481895 -0.0914349 0.989612 0.110943 -0.0742235 0.987402 0.139743 -0.0901233 0.990835 0.100615 -0.0358463 0.979371 0.198867 -0.0972333 0.99075 0.0946603 -0.210308 0.976613 -0.0446898 -0.0920445 0.990495 0.102218 -0.0074859 0.984832 0.173349 0.0161272 0.926392 0.376214 0.115206 0.948872 0.293887 -0.108138 0.990551 0.0843477 -0.197206 0.980253 -0.0146341 -0.0576523 0.989908 0.129457 -0.0820828 0.990996 0.105779 0.534701 0.78485 0.313218 0.592382 0.520233 0.615175 0.0428269 0.982541 0.181049 -0.133043 0.808456 -0.573322 -0.102675 0.99367 -0.0455832 -0.27632 0.95982 0.0489165 -0.157118 0.98227 0.102275 -0.0883545 0.953687 0.287532 -0.101161 0.981529 0.162378 -0.402087 0.913186 -0.0664548 -0.0644468 0.908117 0.413727 -0.248361 0.627911 -0.737594 -0.773009 0.530309 -0.34818 -0.0952264 0.991228 -0.0916405 -0.167776 0.95401 -0.248427 -0.0774934 0.996094 0.0423302 -0.0428697 0.966159 0.254359 0.339387 0.462153 0.819287 0.0244378 0.667923 0.743829 0.0804205 0.50146 0.861435 -0.469394 0.552747 -0.688578 -0.666702 0.50729 -0.546045 0.678326 0.60925 0.410716 -0.0346785 0.993218 0.110977 -0.231412 0.971396 0.0532828 -0.704542 0.696261 -0.137265 0.0888097 0.984591 0.150643 0.212969 0.954446 0.208991 0.892967 0.443677 -0.0758977 0.785351 -0.434649 0.440799 0.177193 0.982598 0.0557159 -0.391332 0.909188 0.142256 -0.192776 0.973205 0.125341 -0.595916 0.79961 0.0742143 0.119444 0.131839 -0.984049 -0.996143 0.0147523 -0.0864913 0.0338731 0.9824 -0.183694 0.0554957 0.90327 -0.425469 -0.0467017 0.998823 0.0130795 -0.194108 0.915999 0.351095 0.289886 -0.493454 0.820042 -0.368748 0.258661 0.892816 -0.426214 0.740979 0.518932 -0.234681 0.600584 0.764345 -0.0868685 0.99039 0.107615 -0.0901289 0.990589 0.10301 0.020006 0.581519 0.813287 -0.0851301 0.990081 0.111772 0.27763 0.582562 0.7639 -0.0841926 0.989841 0.114574 0.282202 0.58318 0.76175 0.521674 0.627022 0.578532 -0.0784267 0.990913 0.109277 -0.0760073 0.990936 0.110761 0.631903 0.693341 0.346376 -0.0813914 0.990958 0.106666 0.641599 0.759084 0.110192 -0.0857327 0.99115 0.10135 0.411036 0.905426 -0.106083 -0.0917216 0.991137 0.0960963 0.244261 0.907878 -0.340725 -0.097048 0.991022 0.0919674 0.0841692 0.776385 -0.624614 -0.100519 0.991032 0.0880471 -0.157848 0.71833 -0.677558 -0.102118 0.991193 0.0843167 -0.410538 0.658488 -0.630755 -0.105887 0.990916 0.0829105 -0.648488 0.616145 -0.447021 -0.107502 0.99057 0.0849366 -0.763893 0.610224 -0.209984 -0.105122 0.990585 0.0876925 -0.782599 0.621266 0.0395834 -0.100928 0.990523 0.0931507 -0.600471 0.745973 0.288028 -0.0950749 0.990582 0.098527 -0.0942943 0.990816 0.096914 -0.0937891 0.99087 0.0968507 -0.0946477 0.990774 0.0969975 -0.0948731 0.990741 0.0971155 -0.094882 0.990711 0.097415 -0.0944073 0.990726 0.0977196 -0.0944135 0.990775 0.0972194 -0.0939272 0.990712 0.0983187 -0.0932557 0.990765 0.0984273 -0.0926843 0.99082 0.0984182 -0.0922948 0.990859 0.0983859 -0.0920587 0.99088 0.0983961 -0.0919118 0.990892 0.0984168 -0.091799 0.990918 0.0982602 -0.0918349 0.990979 0.0976069 -0.0924008 0.990988 0.0969787 -0.0931346 0.990932 0.0968499 -0.0876528 0.990751 0.103586 -0.091248 0.99049 0.102976 -0.0839927 0.991343 0.100914 -0.0827406 0.99193 0.0960724 -0.0842699 0.992326 0.0904892 -0.104724 0.988698 0.107282 -0.108887 0.988902 0.101074 -0.0973103 0.989534 0.106547 -0.0928764 0.990246 0.103855 -0.0914234 0.990808 0.0997036 -0.0934569 0.990925 0.0966111 -0.0974559 0.990549 0.0965123 -0.101151 0.989881 0.099519 -0.0932214 0.990485 0.101239 -0.0870052 0.991666 0.0950172 -0.0911209 0.991089 0.0971531 -0.0925664 0.99066 0.10012 0.805673 0.240222 -0.541465 0.733647 0.243318 -0.634475 0.830594 0.0109069 -0.556772 0.749039 0.0135359 -0.662387 0.686028 0.510794 -0.518126 0.786243 0.133466 -0.603331 0.687569 0.511051 -0.515826 0.706243 0.462147 -0.536321 0.760673 0.30678 -0.57207 0.784063 0.167838 -0.597558 0.784895 0.0972432 -0.61195 0.782157 -0.0529006 -0.620832 0.766614 -0.224845 -0.601455 0.756742 -0.279696 -0.590856 0.756326 -0.279127 -0.591658 0.768743 -0.224143 -0.598994 0.795014 -0.0539611 -0.604187 0.79137 0.095845 -0.603778 0.779271 0.166778 -0.604088 0.751885 0.305998 -0.583982 0.707307 0.462609 -0.534518 0.86218 -0.198862 -0.46594 0.663577 -0.191951 -0.723063 0.740379 0.609806 -0.2828 0.511452 0.853458 -0.100131 0.239963 0.866846 -0.43703 0.47331 0.620582 -0.625185 0.80461 0.433551 -0.405753 0.606181 0.441162 -0.661755 0.828878 -0.403639 -0.387347 0.574435 -0.394591 -0.717163 0.654796 -0.698032 -0.289816 0.429291 -0.686739 -0.586599 0.0990351 0.994816 -0.0231114 0.292511 0.89203 -0.344558 0.385707 0.894371 -0.226561 0.131715 0.991146 -0.0167688 0.518755 0.828278 -0.211776 0.381055 0.895108 -0.231473 0.344014 0.896423 -0.279427 0.438535 0.891746 -0.111699 0.135514 0.990502 0.0232746 0.0743467 0.99704 -0.0196171 0.126353 0.879339 -0.459127 0.741713 0.592196 -0.314907 0.0568428 0.9966 -0.0596387 -0.0720376 0.850855 -0.520439 0.801843 0.283099 -0.526215 -0.229602 0.963791 0.135608 -0.58434 0.792096 -0.176439 -0.477673 0.816346 -0.324665 -0.244113 0.966755 0.0761189 0.740107 -0.0219506 -0.67213 -0.233061 0.957564 0.169571 -0.635187 0.772157 0.0176428 0.606157 -0.377976 -0.699791 -0.263032 0.942193 0.207574 -0.617177 0.754218 0.224159 0.512758 -0.654116 -0.556068 -0.274904 0.927607 0.25293 -0.551595 0.749629 0.365786 0.503605 -0.74106 -0.444086 -0.241556 0.929606 0.27836 -0.471601 0.746923 0.46872 0.539227 -0.742081 -0.398183 -0.178515 0.948807 0.260573 -0.345072 0.74675 0.568587 0.659477 -0.655254 -0.368418 -0.126939 0.968332 0.214987 -0.136735 0.76264 0.632205 0.830703 -0.375929 -0.410622 -0.0930163 0.977896 0.187263 0.0970547 0.78844 0.607407 0.836261 -0.0299106 -0.547516 -0.0299333 0.988313 0.149468 0.315413 0.828865 0.462057 0.716452 0.282788 -0.637752 0.0228787 0.992119 0.123197 0.428629 0.864883 0.261258 0.505337 0.612645 -0.607701 0.0913702 0.992659 0.0792461 0.464411 0.88445 0.0454913 0.359798 0.838597 -0.409024 -0.0169074 0.996307 0.0841867 -0.0122075 0.996923 0.0774358 -0.0281342 0.995384 0.0917612 -0.0127192 0.997651 0.0673111 -0.0203761 0.9988 0.0445268 -0.136285 0.986088 0.0951673 -0.139403 0.982286 0.125221 -0.136479 0.98006 0.144414 -0.135909 0.979606 0.14799 -0.136619 0.979236 0.149772 -0.131133 0.980387 0.147127 -0.122447 0.98294 0.13724 -0.116221 0.985003 0.127525 -0.107681 0.986332 0.124718 -0.0790457 0.990644 0.111249 -0.0627626 0.992821 0.101817 -0.0457008 0.994112 0.0982478 </float_array>
          <technique_common>
            <accessor count="1920" offset="0" source="#meshId2-tangents-array" stride="3">
              <param name="X" type="float" />
              <param name="Y" type="float" />
              <param name="Z" type="float" />
            </accessor>
          </technique_common>
        </source>
        <source id="meshId2-bitangents" name="meshId2-bitangents">
          <float_array id="meshId2-bitangents-array" count="5760"> -8.31769e-07 -7.7493e-07 1 -1.0224e-06 4.77548e-07 1 2.77764e-06 -9.92181e-08 1 6.66945e-07 -9.78423e-07 1 1.68345e-08 -9.26295e-07 1 -1.2728e-06 4.31859e-07 1 3.93381e-07 -9.98527e-07 1 1.79134e-06 -1.34759e-07 1 -4.88478e-07 -8.48031e-07 1 -7.27883e-07 1.21192e-07 1 -5.21155e-07 -8.11646e-07 1 -1.93035e-07 -8.38997e-08 1 2.02736e-07 -9.01043e-07 1 -2.3782e-08 -1.61176e-07 1 -1.23267e-07 -8.32689e-07 1 -5.18867e-07 -8.78861e-08 1 -1.21662e-07 -1.46686e-07 1 -5.74902e-07 -7.65746e-07 1 9.76419e-07 -3.0924e-07 1 4.98243e-07 -9.44497e-07 1 3.92184e-07 -1.70596e-07 1 -7.20878e-07 -7.80052e-07 1 -2.23479e-07 4.34876e-08 1 4.6844e-07 -9.73181e-07 1 -6.58521e-07 2.11955e-07 1 -7.11247e-07 -7.92012e-07 1 1.36593e-06 1.25248e-08 1 1.56287e-07 -8.96092e-07 1 -4.99332e-06 1.05406e-06 1 -7.55968e-07 -7.75045e-07 1 6.11458e-06 -5.77955e-07 1 3.3793e-06 -1.40281e-06 1 -8.99861e-07 -1.93814e-06 1 -1.75573e-06 -1.86837e-06 1 1.18179e-06 -2.26834e-06 1 7.91376e-07 -2.13092e-06 1 -4.40248e-07 -1.78233e-06 1 -2.96778e-06 -1.22545e-06 1 4.21605e-07 -1.63864e-06 1 -1.45191e-07 -1.51556e-06 1 -5.85847e-07 -1.45017e-06 1 4.17102e-07 -1.63741e-06 1 -2.30915e-06 -1.31905e-06 1 1.89826e-06 -2.09614e-06 1 -2.14216e-06 -1.59834e-06 1 -7.45384e-07 -1.85087e-06 1 2.58536e-06 -2.46569e-06 1 3.06616e-06 -2.58623e-06 1 -0.0151532 0.00302267 -0.999881 -0.0204368 0.00369852 -0.999784 -0.0729043 0.475549 -0.876663 -0.0762014 0.576214 -0.813739 -0.0201059 0.00342242 -0.999792 -0.0548939 0.415256 -0.908047 -0.0169448 0.00275373 -0.999853 -0.0299198 0.377095 -0.925691 -0.0125856 0.00196688 -0.999919 -0.00113203 0.352969 -0.935634 -0.0077846 0.00117368 -0.999969 0.0299242 0.339259 -0.940217 -0.00272911 0.000396725 -0.999996 0.0623882 0.334568 -0.940304 0.00259696 -0.000364314 -0.999997 0.0956473 0.339031 -0.935901 0.00840939 -0.00112732 -0.999964 0.129164 0.354381 -0.926138 0.0152147 -0.0019269 -0.999882 0.162195 0.384904 -0.908593 0.024596 -0.00286646 -0.999693 0.193347 0.440439 -0.876716 0.0581671 -0.00559269 -0.998291 0.226887 0.533533 -0.814779 0.150141 -0.00669225 -0.988642 0.30044 0.614763 -0.729248 -0.084395 0.665237 -0.741847 -0.173045 0.623602 -0.762349 -0.170947 0.721126 -0.671383 -0.150561 0.550416 -0.821202 -0.114708 0.497963 -0.859578 -0.0707236 0.460234 -0.884976 -0.0214635 0.433829 -0.900739 0.0311522 0.416949 -0.908396 0.0856528 0.408886 -0.908557 0.140753 0.409833 -0.901236 0.195232 0.420897 -0.88585 0.247732 0.44436 -0.860914 0.296444 0.484269 -0.823168 0.338164 0.547527 -0.765414 0.395072 0.636493 -0.662416 0.274519 0.0482804 -0.960369 0.412285 0.113465 -0.903962 -0.201457 0.684224 -0.700894 -0.210419 0.750857 -0.62605 -0.173591 0.629445 -0.757407 -0.132202 0.585616 -0.799735 -0.0810025 0.551329 -0.830346 -0.022785 0.525615 -0.850417 0.0400377 0.507977 -0.86044 0.105187 0.498345 -0.860574 0.17045 0.497048 -0.850817 0.233639 0.50482 -0.831005 0.292491 0.522851 -0.800672 0.344501 0.552884 -0.758709 0.386445 0.597289 -0.702785 0.431519 0.655633 -0.619626 0.490133 0.179165 -0.853035 -0.416215 0.312797 -0.85377 -0.205622 0.799875 -0.563843 -0.437191 0.393073 -0.808924 -0.186866 0.762665 -0.619211 -0.155861 0.728369 -0.667223 -0.113686 0.69817 -0.706848 -0.0622697 0.672509 -0.737465 -0.0037086 0.651772 -0.758406 0.0596541 0.636359 -0.769083 0.125244 0.62668 -0.769146 0.1904 0.623129 -0.758589 0.252485 0.626064 -0.737764 0.309053 0.63579 -0.707288 0.357908 0.65255 -0.667892 0.397057 0.676467 -0.620272 0.434172 0.705939 -0.559593 0.532652 0.250346 -0.808461 -0.162937 0.861402 -0.48108 -0.426837 0.476724 -0.768469 -0.131191 0.852883 -0.505351 -0.0949214 0.843727 -0.528312 -0.0537465 0.834377 -0.548568 -0.00816428 0.825047 -0.565005 0.040957 0.815995 -0.576607 0.0924182 0.80749 -0.582596 0.144779 0.799797 -0.582549 0.196495 0.793138 -0.576473 0.246078 0.787671 -0.564818 0.292283 0.783477 -0.548393 0.334203 0.780556 -0.528244 0.371305 0.77884 -0.50551 0.407175 0.77754 -0.479208 0.54668 0.333162 -0.768208 -0.0341798 0.940202 -0.338897 -0.0874224 0.925236 -0.369184 0.013252 0.951796 -0.306445 0.0536361 0.959994 -0.274837 0.0864664 0.965061 -0.247349 0.112519 0.967372 -0.227007 0.133742 0.967164 -0.216119 0.152848 0.964365 -0.215956 0.172832 0.958534 -0.226585 0.196405 0.948941 -0.246852 0.225506 0.934768 -0.274511 0.26093 0.915396 -0.306539 0.302248 0.890684 -0.339602 0.347094 0.861139 -0.371436 0.537793 0.442904 -0.717367 0.0192106 0.967027 -0.253947 -0.0508141 0.946196 -0.319581 0.0756801 0.980648 -0.180559 0.116828 0.987293 -0.107717 0.141121 0.989035 -0.043531 0.150329 0.988627 0.00429202 0.149295 0.988341 0.0298692 0.14482 0.989001 0.0300617 0.144231 0.989532 0.00488839 0.153753 0.987196 -0.0424759 0.177257 0.978425 -0.106138 0.2155 0.960066 -0.178416 0.266288 0.930576 -0.251236 0.318679 0.891455 -0.322105 0.527083 0.485052 -0.697788 0.0521363 -0.737681 0.673133 -0.0735124 -0.668259 0.740288 -0.123169 -0.832032 0.540881 0.0354251 -0.778942 0.626095 0.0771771 -0.583314 0.808572 -0.0452995 -0.527108 0.84859 0.0715766 -0.488399 0.86968 -0.0319992 -0.44068 0.897094 0.052999 -0.428609 0.901934 -0.0279653 -0.386551 0.921844 0.0279352 -0.389833 0.920462 -0.0291419 -0.352462 0.935372 -0.000818618 -0.365095 0.93097 -0.0333162 -0.332001 0.94269 -0.0318295 -0.351009 0.935831 -0.0395047 -0.321884 0.945955 -0.064257 -0.346209 0.935954 -0.0474734 -0.320692 0.945993 -0.0975281 -0.350781 0.931365 -0.0574866 -0.328392 0.942791 -0.131175 -0.366285 0.92121 -0.0702558 -0.346344 0.935473 -0.164667 -0.396399 0.90319 -0.0870194 -0.377829 0.921777 -0.197133 -0.448648 0.871696 -0.109612 -0.429382 0.896446 -0.22647 -0.538428 0.811669 -0.139929 -0.513702 0.846481 -0.245252 -0.693786 0.677136 -0.175869 -0.654367 0.735441 -0.324844 -0.725676 0.606524 -0.206971 -0.821677 0.531046 0.160535 -0.721825 0.673199 0.145172 -0.764379 0.628211 0.164605 -0.621892 0.765608 0.144269 -0.549662 0.822835 0.110218 -0.497559 0.860399 0.0676995 -0.460053 0.885307 0.0197003 -0.433831 0.900779 -0.0317679 -0.417117 0.908297 -0.085141 -0.409216 0.908457 -0.139058 -0.41033 0.901273 -0.192192 -0.421581 0.88619 -0.243045 -0.445266 0.861781 -0.289562 -0.485446 0.824922 -0.328184 -0.548954 0.768729 -0.351355 -0.646072 0.677599 -0.404735 -0.682947 0.60809 0.204898 -0.750197 0.628666 0.194153 -0.785353 0.587813 0.196881 -0.683806 0.702601 0.169863 -0.629384 0.758303 0.129314 -0.585787 0.800082 0.0789231 -0.551684 0.830311 0.0214975 -0.526124 0.850136 -0.0405322 -0.508615 0.86004 -0.104879 -0.499089 0.86018 -0.169318 -0.497877 0.850559 -0.231638 -0.505711 0.831024 -0.28957 -0.523778 0.801128 -0.340569 -0.553823 0.759798 -0.381377 -0.598206 0.70477 -0.407249 -0.659584 0.631742 -0.439798 -0.691478 0.573093 0.202497 -0.80031 0.564357 0.198042 -0.824615 0.529895 0.184597 -0.762902 0.6196 0.153792 -0.728983 0.667032 0.11191 -0.699166 0.706147 0.0608602 -0.673852 0.736356 0.00273218 -0.653391 0.757016 -0.0601436 -0.638149 0.76756 -0.12522 -0.628515 0.767651 -0.189848 -0.624883 0.757284 -0.251431 -0.627623 0.736799 -0.307555 -0.637071 0.706789 -0.356034 -0.653512 0.667953 -0.394889 -0.67712 0.620944 -0.422279 -0.707825 0.566273 -0.441615 -0.729908 0.521738 0.161678 -0.862031 0.480378 0.166108 -0.873246 0.458093 0.130228 -0.853556 0.504463 0.0937541 -0.844856 0.526716 0.0524791 -0.83604 0.546153 0.00694997 -0.827241 0.561804 -0.0419599 -0.818618 0.572804 -0.0930752 -0.810358 0.578496 -0.145008 -0.80267 0.578527 -0.196283 -0.795773 0.572904 -0.245498 -0.78987 0.561992 -0.29146 -0.785126 0.54647 -0.333272 -0.781641 0.527225 -0.370392 -0.779448 0.505244 -0.402601 -0.778499 0.481509 -0.415714 -0.787114 0.455668 0.087627 -0.925157 0.36933 0.105667 -0.923506 0.368743 0.0352894 -0.939943 0.339503 -0.0116507 -0.95138 0.307798 -0.0517297 -0.959451 0.277088 -0.0845573 -0.964416 0.250504 -0.110958 -0.966623 0.230928 -0.132854 -0.966286 0.220549 -0.152876 -0.963322 0.220545 -0.173871 -0.95731 0.230925 -0.198381 -0.947566 0.250528 -0.228176 -0.93333 0.277182 -0.263964 -0.914029 0.308015 -0.305312 -0.889522 0.339904 -0.350854 -0.860247 0.369967 -0.366046 -0.853676 0.370469 0.0549861 -0.946554 0.317823 0.0816892 -0.938082 0.336643 -0.0115959 -0.967464 0.252741 -0.0672266 -0.980895 0.182554 -0.108281 -0.987578 0.113861 -0.133614 -0.989558 0.0540541 -0.14504 -0.989376 0.00992689 -0.147049 -0.989038 -0.0134598 -0.145786 -0.989225 -0.0134585 -0.147835 -0.988962 0.00992704 -0.158929 -0.985811 0.0540287 -0.182806 -0.976546 0.113754 -0.220494 -0.958206 0.182273 -0.27026 -0.929173 0.252185 -0.328353 -0.889806 0.316908 -0.346342 -0.874716 0.338998 -0.52046 -0.173295 -0.836116 -0.458985 -0.125283 -0.879567 -0.459819 -0.125804 -0.879056 -0.521181 -0.173736 -0.835575 -0.387704 -0.0765052 -0.918604 -0.388542 -0.076928 -0.918214 -0.308286 -0.035972 -0.950613 -0.309047 -0.0362601 -0.950355 -0.22285 -0.00629911 -0.974832 -0.223457 -0.00644735 -0.974693 -0.133802 0.0104343 -0.990953 -0.134197 0.0103953 -0.9909 -0.0435652 0.01286 -0.998968 -0.0437199 0.012869 -0.998961 0.0455486 0.000430417 -0.998962 0.0456302 0.00041214 -0.998958 0.131387 -0.026546 -0.990975 0.131674 -0.0266596 -0.990934 0.211934 -0.0669112 -0.974991 0.212373 -0.0671622 -0.974878 0.285315 -0.118716 -0.951053 0.285842 -0.119111 -0.950845 0.349891 -0.179355 -0.919461 0.350441 -0.179866 -0.919151 0.404405 -0.24579 -0.880933 0.404923 -0.246369 -0.880534 0.449847 -0.31014 -0.837527 0.450282 -0.310644 -0.837106 0.470377 -0.340525 -0.814118 0.514167 -0.154306 -0.843696 0.515414 -0.15468 -0.842866 -0.00734637 0.0017963 -0.999972 -0.235762 0.120434 -0.96432 -0.355632 0.225456 -0.907025 6.40815e-05 -4.22679e-05 -1 -0.386472 0.57948 -0.717525 -0.364 0.616939 -0.697775 -0.537199 -0.000721164 -0.843455 -0.537187 -0.00072108 -0.843463 -0.548226 -0.195657 -0.813122 -0.0151531 0.00302264 0.99988 -0.0762015 0.576213 0.813739 -0.0729044 0.475549 0.876663 -0.0204369 0.0036984 0.999784 -0.054893 0.415256 0.908047 -0.020106 0.00342173 0.999792 -0.0299194 0.377096 0.925691 -0.0169449 0.00275326 0.999853 -0.00113209 0.35297 0.935634 -0.0125856 0.00196698 0.999919 0.0299243 0.33926 0.940217 -0.00778451 0.00117414 0.999969 0.0623883 0.334569 0.940304 -0.00272903 0.00039772 0.999996 0.0956477 0.339032 0.9359 0.00259712 -0.000363525 0.999997 0.129164 0.354382 0.926137 0.00840943 -0.00112752 0.999964 0.162194 0.384905 0.908593 0.0152146 -0.00192786 0.999882 0.193346 0.440439 0.876716 0.0245958 -0.00286752 0.999693 0.226886 0.533533 0.814779 0.0581671 -0.00559311 0.998291 0.30044 0.614763 0.729248 0.150141 -0.00669245 0.988642 -0.0843951 0.665237 0.741847 -0.164226 0.720208 0.674041 -0.173045 0.623602 0.762349 -0.15056 0.550416 0.821203 -0.114706 0.497963 0.859579 -0.0707233 0.460234 0.884976 -0.0214638 0.433828 0.90074 0.031152 0.416948 0.908396 0.0856524 0.408885 0.908558 0.140753 0.409832 0.901236 0.195231 0.420896 0.885851 0.24773 0.44436 0.860915 0.296443 0.484269 0.823168 0.338164 0.547527 0.765414 0.395072 0.636493 0.662416 0.412285 0.113464 0.903962 0.274519 0.0482804 0.960369 -0.195423 0.748662 0.633495 -0.201457 0.684224 0.700894 -0.173591 0.629445 0.757407 -0.132202 0.585614 0.799736 -0.0810046 0.551325 0.830349 -0.0227862 0.525609 0.850421 0.0400352 0.507969 0.860444 0.105186 0.498337 0.860579 0.170451 0.497042 0.850821 0.233639 0.504816 0.831008 0.292491 0.522849 0.800673 0.344501 0.552884 0.758709 0.386445 0.597289 0.702785 0.431518 0.655633 0.619626 0.490133 0.179165 0.853035 -0.422458 0.31749 0.848957 -0.43719 0.393072 0.808925 -0.205622 0.799875 0.563844 -0.186867 0.762664 0.619212 -0.155861 0.728367 0.667224 -0.11369 0.698166 0.706851 -0.062274 0.672502 0.73747 -0.0037121 0.651765 0.758412 0.0596515 0.636353 0.769088 0.125245 0.626673 0.769152 0.190401 0.623122 0.758595 0.252486 0.626056 0.73777 0.309056 0.635785 0.707292 0.35791 0.652548 0.667893 0.397057 0.676467 0.620272 0.434172 0.705939 0.559594 0.532651 0.250346 0.808461 -0.426836 0.476724 0.768469 -0.162937 0.861402 0.48108 -0.131191 0.852883 0.505352 -0.0949224 0.843728 0.528312 -0.0537494 0.834376 0.54857 -0.00816806 0.825044 0.565009 0.0409552 0.815991 0.576611 0.0924186 0.807489 0.582598 0.144779 0.799796 0.582551 0.196495 0.793135 0.576478 0.24608 0.787668 0.564822 0.292286 0.783475 0.548394 0.334204 0.780556 0.528243 0.371304 0.778841 0.50551 0.407174 0.777541 0.479207 0.54668 0.333162 0.768208 -0.0874223 0.925235 0.369184 -0.0341789 0.940203 0.338896 0.0132534 0.951796 0.306444 0.0536378 0.959996 0.274828 0.0864696 0.965065 0.24733 0.112523 0.967376 0.226983 0.133744 0.967169 0.216096 0.152847 0.964371 0.215933 0.17283 0.95854 0.226563 0.196402 0.948947 0.246832 0.225505 0.934771 0.274501 0.26093 0.915396 0.306537 0.302247 0.890684 0.339601 0.347094 0.861139 0.371437 0.537792 0.442904 0.717368 -0.0508154 0.946195 0.319582 0.01921 0.967027 0.253949 0.0756815 0.980648 0.180559 0.11683 0.987294 0.107709 0.141128 0.989035 0.043498 0.150337 0.988625 -0.00434255 0.149297 0.98834 -0.0299196 0.144819 0.989 -0.0301104 0.144222 0.989533 -0.00493698 0.153746 0.987199 0.0424433 0.177254 0.978426 0.10613 0.2155 0.960066 0.178416 0.266288 0.930575 0.251238 0.31868 0.891454 0.322106 0.527082 0.485051 0.697789 0.0521364 -0.737682 -0.673133 0.035426 -0.778941 -0.626095 -0.123169 -0.832033 -0.540879 -0.0735124 -0.668259 -0.740288 0.0771766 -0.583313 -0.808572 -0.0452995 -0.527107 -0.84859 0.0715765 -0.488398 -0.86968 -0.0319991 -0.440679 -0.897094 0.0529993 -0.428609 -0.901934 -0.0279651 -0.38655 -0.921844 0.0279355 -0.389833 -0.920462 -0.0291419 -0.352462 -0.935372 -0.000817969 -0.365094 -0.93097 -0.0333163 -0.332002 -0.94269 -0.0318291 -0.351009 -0.935831 -0.0395047 -0.321886 -0.945954 -0.0642574 -0.346209 -0.935954 -0.0474736 -0.320694 -0.945992 -0.0975286 -0.35078 -0.931365 -0.057487 -0.328393 -0.94279 -0.131175 -0.366285 -0.92121 -0.0702559 -0.346345 -0.935473 -0.164667 -0.396399 -0.90319 -0.0870195 -0.377828 -0.921777 -0.197133 -0.448647 -0.871696 -0.109612 -0.429381 -0.896447 -0.226469 -0.538428 -0.811669 -0.139928 -0.513702 -0.846481 -0.245252 -0.693787 -0.677135 -0.175869 -0.654368 -0.735441 -0.324845 -0.725675 -0.606524 -0.206971 -0.821678 -0.531044 0.160536 -0.721824 -0.6732 0.145174 -0.76438 -0.628211 0.164604 -0.621891 -0.765609 0.144269 -0.549662 -0.822835 0.110218 -0.497559 -0.860399 0.0676996 -0.460052 -0.885307 0.0197006 -0.43383 -0.900779 -0.0317677 -0.417116 -0.908298 -0.0851409 -0.409215 -0.908457 -0.139058 -0.41033 -0.901273 -0.192192 -0.421581 -0.886189 -0.243045 -0.445267 -0.861781 -0.289562 -0.485446 -0.824922 -0.328183 -0.548953 -0.76873 -0.351355 -0.646071 -0.6776 -0.404735 -0.682946 -0.60809 0.204898 -0.750197 -0.628666 0.194153 -0.785353 -0.587813 0.196881 -0.683805 -0.702601 0.169862 -0.629383 -0.758303 0.129314 -0.585787 -0.800082 0.0789232 -0.551684 -0.830311 0.0214975 -0.526124 -0.850136 -0.0405321 -0.508615 -0.86004 -0.104879 -0.499089 -0.86018 -0.169318 -0.497877 -0.850559 -0.231638 -0.505711 -0.831024 -0.28957 -0.523778 -0.801128 -0.340568 -0.553824 -0.759798 -0.381377 -0.598206 -0.70477 -0.407249 -0.659583 -0.631742 -0.439797 -0.691478 -0.573093 0.202496 -0.80031 -0.564357 0.198043 -0.824615 -0.529895 0.184596 -0.762903 -0.6196 0.153792 -0.728983 -0.667033 0.111912 -0.699161 -0.706151 0.0608635 -0.673844 -0.736362 0.00273449 -0.653382 -0.757023 -0.0601418 -0.63814 -0.767568 -0.125219 -0.628507 -0.767658 -0.189847 -0.624874 -0.757292 -0.251431 -0.627614 -0.736806 -0.307556 -0.637066 -0.706793 -0.356035 -0.653512 -0.667953 -0.394889 -0.677121 -0.620943 -0.422278 -0.707825 -0.566273 -0.441615 -0.729908 -0.521738 0.161678 -0.862031 -0.480378 0.166107 -0.873247 -0.458093 0.130228 -0.853556 -0.504463 0.0937566 -0.844853 -0.526719 0.0524849 -0.836035 -0.546161 0.00695419 -0.827234 -0.561814 -0.0419577 -0.818611 -0.572814 -0.0930735 -0.81035 -0.578507 -0.145007 -0.802663 -0.578538 -0.196284 -0.795766 -0.572913 -0.2455 -0.789863 -0.562002 -0.291463 -0.785119 -0.546478 -0.333275 -0.781638 -0.527228 -0.370391 -0.779448 -0.505244 -0.402601 -0.778499 -0.481509 -0.415714 -0.787114 -0.455668 0.0876273 -0.925157 -0.369331 0.105668 -0.923505 -0.368744 0.035289 -0.939943 -0.339503 -0.0116521 -0.951382 -0.307794 -0.0517327 -0.959454 -0.277077 -0.084562 -0.96442 -0.250486 -0.110962 -0.966628 -0.230908 -0.132855 -0.96629 -0.220529 -0.152876 -0.963327 -0.220524 -0.173869 -0.957315 -0.230905 -0.198377 -0.947571 -0.250509 -0.228175 -0.933335 -0.277169 -0.263963 -0.914031 -0.308012 -0.305311 -0.889522 -0.339904 -0.350853 -0.860248 -0.369967 -0.366047 -0.853676 -0.370469 0.0549868 -0.946554 -0.317825 0.0816906 -0.938082 -0.336644 -0.0115958 -0.967464 -0.252742 -0.0672305 -0.980896 -0.182546 -0.108291 -0.987581 -0.113831 -0.133624 -0.989559 -0.0540113 -0.145046 -0.989376 -0.00988404 -0.14705 -0.989037 0.0135055 -0.145784 -0.989224 0.0135047 -0.147828 -0.988964 -0.00988284 -0.158919 -0.985815 -0.0539838 -0.182797 -0.976551 -0.113723 -0.22049 -0.958208 -0.182266 -0.27026 -0.929173 -0.252185 -0.328353 -0.889806 -0.316908 -0.346343 -0.874716 -0.338997 -0.520079 -0.173357 0.836341 -0.520794 -0.173799 0.835803 -0.459819 -0.125808 0.879056 -0.458985 -0.125286 0.879566 -0.388542 -0.0769307 0.918214 -0.387704 -0.0765078 0.918603 -0.309046 -0.0362622 0.950355 -0.308285 -0.035974 0.950614 -0.223458 -0.00644663 0.974692 -0.222851 -0.00629839 0.974832 -0.134196 0.010398 0.9909 -0.133801 0.010437 0.990953 -0.0437194 0.0128738 0.998961 -0.0435648 0.0128649 0.998968 0.0456314 0.000417376 0.998958 0.0455497 0.000435681 0.998962 0.131674 -0.0266563 0.990934 0.131388 -0.0265427 0.990976 0.212373 -0.0671623 0.974878 0.211934 -0.0669112 0.974991 0.285843 -0.119112 0.950845 0.285316 -0.118717 0.951053 0.35044 -0.179865 0.919152 0.34989 -0.179354 0.919461 0.404923 -0.246367 0.880534 0.404406 -0.245788 0.880934 0.450256 -0.310638 0.837122 0.449814 -0.310133 0.837547 0.470378 -0.340522 0.814119 0.515895 -0.154822 0.842545 0.515583 -0.154729 0.842753 -0.0073463 0.00179638 0.999971 -0.235762 0.120434 0.96432 -0.403944 0.256084 0.878208 -6.40813e-05 4.22678e-05 1 -0.386471 0.579481 0.717525 -0.364 0.616938 0.697776 -0.537201 -0.000723873 0.843454 -0.548795 -0.195575 0.812757 -0.538259 -0.000725364 0.842779 -0.976372 0.215383 -0.0175489 -0.973928 0.225472 -0.0250214 -0.973928 0.225472 0.0250216 -0.976372 0.215384 0.017549 -0.958059 0.275323 0.0794989 -0.959585 0.270793 0.0765991 -0.946135 0.304203 0.110856 -0.947473 0.301584 0.106498 -0.931217 0.316133 0.181367 -0.919226 0.283671 0.273048 -0.919341 0.282911 0.273446 -0.936422 0.313326 0.157929 -0.924554 0.312711 0.217744 -0.935079 0.318268 0.155987 -0.934711 0.317958 0.1588 -0.923864 0.310813 0.223318 -0.14284 -0.964869 -0.220508 -0.14284 -0.964869 0.220508 -0.139356 -0.941436 0.307048 -0.139356 -0.941436 -0.307048 0.140176 0.946951 -0.289196 0.143166 0.967059 -0.210475 0.143166 0.967059 0.210476 0.140176 0.946951 0.289196 0.124965 0.844443 0.520865 0.125059 0.84517 0.519662 0.121699 0.821995 0.55634 0.120695 0.815225 0.566428 0.1101 0.743487 0.659625 0.106283 0.717734 0.688158 0.0857372 0.579023 0.81079 0.0840634 0.567764 0.818888 0.0554743 0.374727 0.925474 0.0465136 0.314261 0.948196 0.0616414 0.416207 0.907178 0.0442826 0.299005 0.953223 -0.958111 0.279213 0.0637514 -0.957686 0.282164 0.0567463 -0.0643067 -0.434315 -0.898463 -0.0334799 -0.226062 -0.973537 -0.0252233 -0.170318 -0.985066 -0.0595236 -0.402036 -0.913687 -0.0886479 -0.598687 -0.796063 -0.0870362 -0.587842 -0.80428 -0.109869 -0.741995 -0.661341 -0.107554 -0.726369 -0.678838 -0.120439 -0.813515 -0.568936 -0.119519 -0.807308 -0.5779 -0.125727 -0.849571 -0.512271 -0.125817 -0.850265 -0.511096 -0.959586 0.270792 -0.0765986 -0.958059 0.275322 -0.0794983 -0.946136 0.304202 -0.110855 -0.947473 0.301583 -0.106497 -0.931217 0.316135 -0.181366 -0.936421 0.313327 -0.157929 -0.919341 0.282912 -0.273447 -0.919225 0.283672 -0.273048 -0.924553 0.312712 -0.217745 -0.923863 0.310814 -0.22332 -0.934711 0.317959 -0.1588 -0.935079 0.318269 -0.155987 0.124965 0.844443 -0.520865 0.125059 0.84517 -0.519662 0.121699 0.821996 -0.556338 0.120695 0.815227 -0.566426 0.1101 0.743487 -0.659625 0.106283 0.717733 -0.688159 0.0857372 0.579024 -0.81079 0.0840635 0.567764 -0.818888 0.0554743 0.374727 -0.925474 0.0465137 0.314261 -0.948196 0.0616416 0.416208 -0.907177 0.0442828 0.299007 -0.953223 -0.957686 0.282165 -0.0567453 -0.95811 0.279214 -0.0637515 -0.0643067 -0.434316 0.898462 -0.0595236 -0.402036 0.913687 -0.0252236 -0.170319 0.985066 -0.0334801 -0.226064 0.973537 -0.0886481 -0.598687 0.796062 -0.0870363 -0.587843 0.804279 -0.109869 -0.741995 0.661342 -0.107554 -0.726368 0.678838 -0.120439 -0.813515 0.568936 -0.119519 -0.807309 0.577899 -0.125727 -0.849571 0.512271 -0.125817 -0.850265 0.511096 0.97725 -0.211624 0.0140403 0.97469 -0.222577 0.0209693 0.974689 -0.22258 -0.0209703 0.97725 -0.211626 -0.0140407 0.962689 -0.263671 -0.0608836 0.963336 -0.261568 -0.0597112 0.958521 -0.273396 -0.0805776 0.958774 -0.273431 -0.0773804 0.96106 -0.258546 -0.0975572 0.954104 -0.241316 -0.17735 0.954092 -0.241161 -0.177621 0.962709 -0.255261 -0.089633 0.953112 -0.262538 -0.150502 0.954845 -0.278327 -0.103951 0.954993 -0.277194 -0.105601 0.953148 -0.261165 -0.152649 0.143445 0.968863 0.201811 0.143445 0.968863 -0.20181 0.141391 0.955008 -0.260708 0.141391 0.955008 0.260707 -0.142123 -0.959927 0.241537 -0.143819 -0.971373 0.189078 -0.143819 -0.971373 -0.189076 -0.142123 -0.959928 -0.241535 -0.130037 -0.878493 -0.459717 -0.129957 -0.877951 -0.460776 -0.12575 -0.857844 -0.498287 -0.123279 -0.842317 -0.524694 -0.114147 -0.778569 -0.61709 -0.10783 -0.73256 -0.672107 -0.0873005 -0.589397 -0.803113 -0.0814924 -0.550248 -0.831015 -0.0539807 -0.364571 -0.929609 -0.0418015 -0.282383 -0.958391 -0.0704609 -0.475732 -0.876764 -0.0453073 -0.305909 -0.950982 0.974779 -0.221358 -0.0283906 0.974629 -0.222394 -0.0252734 0.0658234 0.444479 0.893368 0.0386943 0.261256 0.964494 0.0247936 0.167408 0.985576 0.0601155 0.405955 0.911914 0.0899135 0.607079 0.789538 0.084988 0.57387 0.814525 0.116289 0.777873 0.617568 0.111706 0.74945 0.652569 0.127658 0.854155 0.504106 0.125798 0.84043 0.527117 0.131348 0.887343 0.442006 0.131187 0.886251 0.44424 0.963338 -0.261563 0.0597089 0.962691 -0.263665 0.0608811 0.958523 -0.273388 0.0805738 0.958776 -0.273424 0.0773771 0.961064 -0.258536 0.0975503 0.962712 -0.255251 0.0896277 0.954096 -0.241155 0.177607 0.954108 -0.24131 0.177336 0.953116 -0.26253 0.150492 0.953152 -0.261158 0.152639 0.954996 -0.277187 0.105594 0.954848 -0.278319 0.103944 -0.130037 -0.878493 0.459718 -0.129957 -0.87795 0.460777 -0.12575 -0.857845 0.498286 -0.12328 -0.842318 0.524692 -0.114147 -0.778569 0.617091 -0.107829 -0.732558 0.67211 -0.0873006 -0.589398 0.803112 -0.0814922 -0.550247 0.831016 -0.0539802 -0.364568 0.929611 -0.0418011 -0.28238 0.958392 -0.0704608 -0.475731 0.876764 -0.0453064 -0.305903 0.950984 0.974631 -0.222387 0.0252742 0.974781 -0.221351 0.0283916 0.065823 0.444477 -0.893369 0.0601149 0.405951 -0.911916 0.0247923 0.167398 -0.985577 0.0386931 0.261248 -0.964496 0.0899138 0.607081 -0.789537 0.0849883 0.573871 -0.814524 0.116289 0.777873 -0.617569 0.111705 0.74945 -0.65257 0.127658 0.854155 -0.504105 0.125798 0.84043 -0.527117 0.131348 0.887344 -0.442005 0.131187 0.886252 -0.444239 0.997482 -0.0663645 0.0250236 0.997482 -0.0663647 -0.0250228 0.996898 -0.0767286 -0.0175502 0.996898 -0.0767284 0.0175508 0.996884 -0.0188325 0.0766012 0.996736 -0.0140544 0.0795007 0.99369 0.0170423 0.110856 0.994212 0.0141484 0.106498 0.982868 0.0327794 0.181371 0.987038 0.0285947 0.157922 0.961877 0.00442913 0.273445 0.961987 0.00518907 0.273047 0.975499 0.0314376 0.217744 0.974289 0.0298205 0.223319 0.986742 0.033518 0.158799 0.987184 0.0337088 0.155986 -0.139373 -0.941433 0.307048 -0.142828 -0.964871 0.220508 -0.142828 -0.964871 -0.220508 -0.139373 -0.941433 -0.307048 0.14315 0.967061 0.210476 0.14315 0.967062 -0.210475 0.140187 0.94695 -0.289196 0.140187 0.94695 0.289196 0.125046 0.844431 0.520864 0.125166 0.845154 0.519661 0.121669 0.821999 0.55634 0.120669 0.815229 0.566427 0.110025 0.743498 0.659625 0.106217 0.717744 0.688159 0.0856944 0.57903 0.81079 0.0840344 0.567769 0.818888 0.0554705 0.374727 0.925474 0.0465288 0.314259 0.948196 0.0615856 0.416215 0.907178 0.0442443 0.299011 0.953223 0.998361 -0.00739873 0.0567475 0.997914 -0.0103358 0.0637291 -0.064281 -0.434319 -0.898462 -0.0595069 -0.402038 -0.913687 -0.0252029 -0.170321 -0.985066 -0.0334507 -0.226067 -0.973537 -0.0886053 -0.598693 -0.796063 -0.0870061 -0.587847 -0.80428 -0.109813 -0.742003 -0.661341 -0.107502 -0.726377 -0.678838 -0.120418 -0.813518 -0.568936 -0.1195 -0.807311 -0.5779 -0.125803 -0.84956 -0.512271 -0.125918 -0.85025 -0.511096 0.996736 -0.0140558 -0.0794998 0.996884 -0.0188336 -0.0766003 0.993691 0.017041 -0.110855 0.994212 0.014147 -0.106497 0.982869 0.0327817 -0.181369 0.961987 0.00519013 -0.273047 0.961877 0.00442963 -0.273445 0.987038 0.0285962 -0.157921 0.975499 0.0314375 -0.217747 0.987184 0.033709 -0.155986 0.986742 0.0335185 -0.158799 0.974289 0.0298207 -0.223321 0.125046 0.844431 -0.520864 0.125166 0.845154 -0.519661 0.121669 0.822 -0.556338 0.120669 0.81523 -0.566426 0.110025 0.743498 -0.659625 0.106217 0.717743 -0.688159 0.0856944 0.57903 -0.81079 0.0840344 0.567769 -0.818888 0.0554705 0.374727 -0.925474 0.0465289 0.314259 -0.948196 0.0615858 0.416217 -0.907177 0.0442446 0.299012 -0.953223 0.997914 -0.0103348 -0.0637292 0.998361 -0.00739782 -0.0567479 -0.0642811 -0.43432 0.898462 -0.0334509 -0.226068 0.973537 -0.0252032 -0.170323 0.985066 -0.059507 -0.402038 0.913687 -0.0886054 -0.598693 0.796062 -0.0870062 -0.587847 0.80428 -0.109813 -0.742003 0.661342 -0.107502 -0.726376 0.678838 -0.120418 -0.813518 0.568936 -0.119501 -0.807312 0.577899 -0.125803 -0.84956 0.512271 -0.125918 -0.85025 0.511096 -0.997372 0.069352 -0.0209682 -0.997372 0.0693553 0.0209676 -0.996649 0.0805807 0.0140384 -0.996649 0.0805787 -0.0140387 -0.997802 0.028747 -0.0597112 -0.997792 0.0265477 -0.060884 -0.996619 0.0160316 -0.0805771 -0.996872 0.0160713 -0.0773805 -0.994748 0.0309768 -0.0975525 -0.995374 0.0345965 -0.0896258 -0.983042 0.0456019 -0.177621 -0.983098 0.0454558 -0.17735 -0.988297 0.0248578 -0.150502 -0.987933 0.0261825 -0.15265 -0.994343 0.0113749 -0.105602 -0.99453 0.0102482 -0.103952 0.141358 0.955013 -0.260708 0.143406 0.968869 -0.20181 0.143406 0.968869 0.201811 0.141358 0.955013 0.260708 -0.143776 -0.97138 -0.189076 -0.143775 -0.97138 0.189078 -0.142082 -0.959934 0.241537 -0.142082 -0.959934 -0.241535 -0.130057 -0.878491 -0.459717 -0.129976 -0.877948 -0.460775 -0.128178 -0.857485 -0.498287 -0.126044 -0.841908 -0.524694 -0.116315 -0.778248 -0.61709 -0.109032 -0.732382 -0.672107 -0.0872035 -0.589411 -0.803113 -0.0814203 -0.550259 -0.831015 -0.0539578 -0.364574 -0.92961 -0.0418032 -0.282383 -0.958391 -0.07039 -0.475743 -0.876763 -0.0452638 -0.305916 -0.950982 -0.997262 0.0695087 -0.0252598 -0.997105 0.070543 -0.0283733 0.065774 0.444486 0.893368 0.0600759 0.405961 0.911914 0.024771 0.167411 0.985576 0.0386561 0.261261 0.964494 0.0898254 0.607092 0.789538 0.0849183 0.57388 0.814525 0.114064 0.778202 0.617568 0.110216 0.749671 0.652569 0.125282 0.854507 0.504106 0.123087 0.840832 0.527117 0.131366 0.887341 0.442006 0.131204 0.886248 0.44424 -0.997792 0.0265543 0.0608825 -0.997802 0.0287534 0.0597103 -0.99662 0.0160395 0.0805724 -0.996872 0.016079 0.0773762 -0.994749 0.0309869 0.0975449 -0.9831 0.045464 0.177336 -0.983044 0.0456099 0.177608 -0.995375 0.0346062 0.0896192 -0.988298 0.024866 0.150493 -0.99453 0.0102566 0.103945 -0.994344 0.0113831 0.105595 -0.987935 0.0261905 0.15264 -0.130057 -0.87849 0.459718 -0.129976 -0.877947 0.460777 -0.128178 -0.857486 0.498286 -0.126044 -0.841909 0.524693 -0.116315 -0.778248 0.617091 -0.109032 -0.73238 0.672109 -0.0872037 -0.589412 0.803112 -0.0814201 -0.550258 0.831016 -0.0539574 -0.364571 0.929611 -0.0418027 -0.28238 0.958392 -0.0703899 -0.475742 0.876764 -0.0452629 -0.30591 0.950984 -0.997105 0.0705488 0.0283705 -0.997261 0.0695146 0.0252573 0.0657737 0.444484 -0.893369 0.0386549 0.261253 -0.964496 0.0247696 0.167402 -0.985578 0.0600753 0.405957 -0.911916 0.0898257 0.607094 -0.789537 0.0849186 0.573882 -0.814523 0.114064 0.778202 -0.617569 0.110216 0.74967 -0.652569 0.125282 0.854507 -0.504105 0.123087 0.840832 -0.527116 0.131366 0.887341 -0.442005 0.131204 0.886249 -0.444239 0.989649 -0.143512 -4.56764e-08 0.989649 -0.143512 -4.31152e-08 0.989649 -0.143512 -2.16384e-08 0.989649 -0.143512 -2.36766e-08 -0.146438 -0.98922 -6.2969e-07 -0.146438 -0.98922 -6.24758e-07 -0.146438 -0.98922 -3.14845e-07 -0.146438 -0.98922 -3.19777e-07 -0.989649 0.143512 9.13532e-08 -0.989648 0.143512 8.39254e-08 -0.989648 0.143512 2.16385e-08 -0.989649 0.143512 2.75496e-08 0.146438 0.98922 1.49542e-07 0.146438 0.98922 1.49542e-07 0.146438 0.98922 1.49542e-07 0.146438 0.98922 1.49542e-07 0.000210968 0.00169477 0.999999 -1.04585e-05 1.3065e-06 1 -3.06822e-06 2.72706e-07 1 0.000129117 0.000925262 1 9.31867e-05 0.000668954 1 0.000118795 0.000815307 1 7.24307e-05 0.000532877 1 0.000103892 0.000743259 1 0.14647 0.989215 7.28294e-06 0.146486 0.989213 1.03507e-05 0.147329 0.989088 0.000270639 0.147329 0.989088 0.000270542 -1.18651e-06 3.92342e-09 1 1.90069e-05 -2.8377e-06 1 0.00024162 0.00169046 0.999999 0.000131121 0.000924423 1 0.000113521 0.000816224 1 0.00010516 0.000743315 1 7.63158e-05 0.000532549 1 9.49375e-05 0.000668568 1 -8.87077e-07 -3.56687e-08 1 -2.35023e-08 -1.61173e-07 1 0.145586 0.989346 -1.39172e-10 0.145586 0.989346 -1.38758e-10 -2.35228e-08 -1.61315e-07 1 8.06923e-07 -2.82093e-07 1 -0.000243639 -0.00169051 0.999999 -0.000134663 -0.000925043 1 -0.000123921 -0.000815814 1 -9.79768e-05 -0.0006692 1 -0.000110341 -0.000743383 1 -7.75539e-05 -0.000532866 1 0.14733 0.989087 -0.000267565 0.146485 0.989213 -9.88506e-06 0.14647 0.989215 -6.91041e-06 0.14733 0.989087 -0.000267614 -0.000165617 -0.00170148 0.999999 -0.000138295 -0.000923971 1 -0.000121281 -0.000816349 1 -9.73424e-05 -0.000669162 1 -7.14654e-05 -0.000533991 1 -0.000102887 -0.000744711 1 0.000289638 0.00168312 0.999999 0.000144478 0.000922988 1 3.20176e-06 5.94438e-07 1 1.04624e-05 -4.94953e-07 1 0.000122463 0.000814438 1 0.000104633 0.000667175 1 0.000115878 0.000741058 1 8.50692e-05 0.00053077 1 0.145548 0.989351 0.000271626 0.146391 0.989227 1.09822e-05 0.146407 0.989224 7.89762e-06 0.145548 0.989351 0.000271522 0.000259392 0.00168679 0.999999 -1.86164e-05 3.82342e-06 1 1.2886e-06 6.28693e-07 1 0.000142239 0.000922066 1 0.000127764 0.000813701 1 0.000102778 0.00066706 1 8.11825e-05 0.000531591 1 0.000114601 0.000741489 1 9.89868e-07 6.69003e-07 1 8.26592e-08 5.50146e-07 1 0.147291 0.989093 -4.86139e-07 0.147291 0.989093 -4.86368e-07 -7.26575e-07 7.42068e-07 1 8.24553e-08 5.48788e-07 1 -0.000257235 -0.0016859 0.999999 -0.000138824 -0.000922448 1 -0.000100016 -0.000668216 1 -0.000117836 -0.000817297 1 -8.01337e-05 -0.000532187 1 -0.000109886 -0.000744091 1 0.146407 0.989224 -7.19167e-06 0.146391 0.989227 -1.01477e-05 0.145547 0.989351 -0.000266947 0.145547 0.989351 -0.000266992 -0.000334065 -0.00167332 0.999999 -0.000135022 -0.000922444 1 -0.000120667 -0.000817487 1 -0.000117443 -0.000743565 1 -8.62623e-05 -0.00053171 1 -0.000100631 -0.000668303 1 -0.989649 0.143511 9.06018e-08 -0.989649 0.143511 -7.97469e-08 -0.989649 0.143511 -9.35808e-08 -0.989649 0.143511 7.32185e-08 0.146438 0.98922 3.50374e-07 0.146438 0.98922 3.54218e-07 0.146438 0.98922 6.42347e-07 0.146438 0.98922 6.38502e-07 0.989649 -0.143511 4.82404e-08 0.989649 -0.143511 3.91582e-08 0.989649 -0.143511 -4.79888e-08 0.989649 -0.143511 -4.07611e-08 -0.146438 -0.98922 -6.24521e-07 -0.146438 -0.98922 -6.1578e-07 -0.146438 -0.98922 8.52819e-09 -0.146438 -0.98922 -2.12789e-10 0.212463 0.00969404 -0.977121 0.258483 0.216674 -0.941402 0.262107 0.141217 -0.954651 0.196923 0.0391878 -0.979635 0.245841 0.236238 -0.940082 0.202014 0.0107188 -0.979324 0.230839 0.262884 -0.936806 0.20101 0.329095 -0.922655 0.214011 -0.0215792 -0.976593 0.195849 0.0121562 -0.980559 0.199881 0.011818 -0.979749 0.206134 -0.303004 -0.930428 0.129443 0.322827 -0.937564 0.222085 -0.27962 -0.934072 0.140531 -0.209432 -0.967672 0.129578 -0.130138 -0.982992 0.157943 -0.251952 -0.954764 0.145251 -0.22821 -0.962716 -0.188609 0.13884 0.972188 -0.169871 0.207715 0.963327 -0.200966 -0.00533577 0.979584 -0.197331 0.0200909 0.980131 -0.166074 0.224463 0.960227 -0.156635 0.248491 0.955886 -0.198373 -0.00606292 0.980108 -0.12492 0.309088 0.942793 -0.200299 -0.00542456 0.97972 -0.206094 -0.0326002 0.977989 -0.20076 -0.00527669 0.979626 -0.245469 -0.312163 0.917769 -0.132549 0.322473 0.937252 -0.271276 -0.283913 0.919675 -0.223537 -0.228805 0.947459 -0.209754 -0.16022 0.964537 -0.231243 -0.266049 0.935813 -0.225111 -0.245397 0.942924 0.364595 0.616707 -0.697669 0.220409 0.196466 -0.955417 0.310791 0.787768 -0.531818 -0.198607 0.63747 0.744437 -0.0625668 0.798785 0.598354 0.154799 0.852707 -0.498928 0.223474 0.82637 -0.516886 0.0798048 0.820382 0.566219 0.0130641 0.811641 0.584011 0.00485913 0.878586 -0.477559 0.181082 0.831353 0.525416 0.288678 -0.541208 -0.789784 0.0324148 0.542302 -0.839558 0.0592792 -0.844321 -0.532548 0.189436 -0.858036 -0.477376 0.00103807 -0.821377 -0.570385 -0.081018 -0.779536 -0.621095 0.174373 -0.178089 -0.968441 -0.081651 -0.590514 -0.802886 0.0770079 0.516911 0.852568 -0.212217 0.141538 0.966918 -0.184167 -0.151422 0.971161 -0.405077 -0.530933 0.744327 -0.240219 -0.829629 0.503995 -0.173123 -0.818133 0.54835 -0.101365 -0.656977 0.747065 -0.293076 -0.834058 0.467391 -0.373827 -0.829155 0.415639 0.807605 0.576777 0.122891 0.496511 0.158369 -0.853461 0.229621 0.757995 0.610506 -0.229516 0.869617 0.437138 -0.0824202 0.826027 0.557572 -0.372471 0.903121 0.21363 0.664872 -0.649818 -0.368351 -0.46948 0.712237 -0.521831 0.0421433 -0.881953 0.46945 0.272533 -0.90044 0.339019 -0.142836 -0.843835 0.517243 -0.453629 -0.773394 0.442812 -0.145036 -0.175248 -0.973783 -0.7784 -0.597627 -0.192185 0.0796741 0.95507 0.285471 -0.0144055 0.7515 0.659576 -0.00355589 0.786303 0.61783 0.0915988 0.962241 0.256324 -0.0934905 0.490086 0.866646 -0.0863087 0.53512 0.840356 -0.168055 0.178915 0.969405 -0.166398 0.197209 0.966137 -0.16552 0.175966 0.970381 -0.225532 -0.192191 0.955091 -0.222016 -0.212751 0.951549 -0.157593 0.195769 0.967904 -0.252046 -0.504208 0.825982 -0.244824 -0.549638 0.798724 -0.249351 -0.758557 0.602009 -0.230574 -0.797672 0.557274 -0.194443 -0.956395 0.217946 -0.174575 -0.967302 0.183985 -0.0776418 -0.955427 -0.284836 -0.0795771 -0.963925 -0.253999 0.0370799 -0.754467 -0.65529 0.0213996 -0.788839 -0.614228 0.117074 -0.492521 -0.86239 0.100682 -0.537185 -0.837434 0.174135 -0.178627 -0.968385 0.172054 -0.198015 -0.964981 0.214435 0.192365 -0.957608 0.222399 0.212747 -0.951461 0.226318 0.507005 -0.831701 0.234957 0.551079 -0.800691 0.212414 0.763557 -0.609803 0.222383 0.798828 -0.558945 0.16824 0.96019 -0.223003 0.17538 0.967166 -0.183933 0.0950076 0.972881 0.210894 0.166692 0.976054 -0.139755 0.0116261 0.846375 0.532462 -0.071805 0.61779 0.783058 -0.161284 0.237317 0.95795 -0.227021 -0.251823 0.940769 -0.160789 0.237247 0.95805 -0.240154 -0.630808 0.737839 -0.218059 -0.85511 0.470358 -0.168539 -0.975789 0.139395 -0.0974128 -0.972544 -0.211351 -0.0144666 -0.845968 -0.533037 0.0688934 -0.617362 -0.783657 0.158843 -0.236981 -0.958441 0.225375 0.25205 -0.941104 0.23853 0.631041 -0.738167 0.216543 0.855334 -0.470651 0.102248 0.969929 0.22087 0.174565 0.973666 -0.146637 0.017672 0.83388 0.551662 -0.0650975 0.598558 0.79843 -0.150763 0.226341 0.96231 -0.239877 -0.240768 0.940473 -0.176985 0.229992 0.956964 -0.249205 -0.612234 0.750378 -0.225448 -0.843766 0.487064 -0.171649 -0.974092 0.147249 -0.0935461 -0.971211 -0.219086 -0.00390667 -0.835873 -0.548909 0.0830545 -0.601136 -0.794819 0.163016 -0.228075 -0.9599 0.21964 0.243649 -0.944666 0.238784 0.613744 -0.752529 0.221849 0.844308 -0.487778 0.815442 0.544153 0.197362 -0.637459 0.755781 -0.149806 -0.649823 0.753629 -0.0988567 0.824463 0.546783 0.145907 0.175623 0.982219 0.0663465 0.134302 0.990286 0.0360099 0.0920652 0.995737 0.00555899 0.283844 0.949909 0.130785 0.41056 0.900929 0.140598 0.426155 0.898771 0.102965 0.428628 0.898942 0.0904502 0.428128 0.902324 0.0501828 0.308729 0.951103 0.00941519 0.184689 0.982498 0.0242394 0.0839559 0.995327 0.047699 -0.04506 0.996918 0.0642209 -0.173994 0.984495 0.0222819 -0.174064 0.98456 -0.0185038 -0.17144 0.984704 -0.0310962 -0.154936 0.985601 -0.0677174 -0.0206663 0.998154 -0.0571051 -0.598497 0.799715 -0.0475124 0.785299 0.611243 0.098431 0.652142 0.725302 0.220561 0.426402 0.891319 0.15405 -0.166859 0.982406 -0.0838894 -0.427778 0.889618 -0.159955 0.762941 0.605045 0.227688 -0.567341 0.804621 -0.17524 -0.465698 0.884925 -0.00571896 0.678799 0.731549 0.0637741 -0.19632 0.980142 0.0279343 0.444023 0.895126 0.0399061 0.147145 0.83927 0.523426 0.189572 0.858598 0.476311 0.216682 0.965652 0.143407 0.185429 0.962993 0.195605 0.438466 0.825438 0.355527 0.211925 0.966408 0.145407 0.0555829 0.995691 -0.0742268 0.232808 0.961428 -0.146483 0.207029 0.969771 -0.12916 0.0898626 0.578793 0.810508 0.13581 0.592677 0.793908 0.730707 0.550601 0.403616 0.0360613 0.195836 0.979973 0.088238 0.25855 0.961959 0.882235 0.379712 0.278353 -0.33825 -0.218473 0.915345 -0.346568 -0.23268 0.908708 -0.320087 0.108321 0.941175 -0.291178 0.218083 0.93148 0.918632 0.382085 0.10063 -0.342767 -0.599803 0.723012 -0.336646 -0.581199 0.740863 0.822056 0.561878 -0.0922909 -0.298963 -0.853873 0.426055 -0.277757 -0.861802 0.42444 0.531277 0.833482 -0.151832 -0.213809 -0.97124 0.104781 -0.181351 -0.97816 0.101565 0.247287 0.968295 -0.0354221 -0.111209 -0.972366 -0.205271 -0.0874478 -0.980381 -0.176652 0.0173716 0.994206 0.106075 0.000674531 -0.856508 -0.516133 0.0359245 -0.868484 -0.494414 -0.301088 0.931085 0.205978 0.110057 -0.602516 -0.790482 0.160543 -0.584941 -0.795028 -0.651642 0.748323 0.124001 0.200964 -0.220276 -0.954511 0.235094 -0.216721 -0.947503 -0.783815 0.618223 -0.0586063 0.224023 0.227208 -0.947729 0.232484 0.173847 -0.956937 -0.74763 0.620617 -0.236397 0.235038 0.609559 -0.757097 0.244749 0.547144 -0.800457 -0.540471 0.756716 -0.367794 0.222406 0.860013 -0.459252 0.241224 0.841458 -0.483486 -0.187644 0.93617 -0.29728 0.141668 0.964019 0.224938 0.0754775 0.824711 0.560495 0.19246 0.970749 -0.143546 0.0019451 0.582164 0.813069 -0.0756872 0.212363 0.974255 -0.199956 0.228352 0.952824 -0.274535 -0.232406 0.933069 -0.294976 -0.599463 0.744065 -0.264261 -0.837763 0.477828 -0.194937 -0.970797 0.139834 -0.0988457 -0.970531 -0.219769 0.00549269 -0.836717 -0.547609 0.0998088 -0.597047 -0.795973 0.186025 -0.227653 -0.955808 0.226772 0.238598 -0.94427 0.23601 0.607703 -0.758285 0.224464 0.843172 -0.488545 -0.00273189 0.000938998 0.999996 -0.00273412 0.000939765 0.999996 -0.0026507 0.00168141 0.999995 -0.0026431 0.00167659 0.999995 -0.00254463 0.000376528 0.999997 -0.002543 0.000376286 0.999997 -0.00233473 0.000345455 0.999997 -0.00233027 0.000344796 0.999997 -0.00213549 0.00031596 0.999998 -0.00212812 0.00031487 0.999998 -0.00194367 0.000287565 0.999998 -0.0019363 0.000286474 0.999998 -0.00175602 0.000259786 0.999998 -0.00175019 0.000258924 0.999999 -0.00158375 0.000234285 0.999999 -0.00157929 0.000233624 0.999999 -0.00150456 0.000222561 0.999999 -0.0015011 0.000222049 0.999999 -0.00128824 0.000190539 0.999999 -0.00128678 0.000190323 0.999999 -0.00133325 0.000197202 0.999999 -0.00133744 0.000197822 0.999999 -0.00117228 0.000173373 0.999999 -0.00117401 0.00017363 0.999999 -0.00108357 0.000160241 0.999999 -0.00108767 0.000160848 0.999999 -0.0010206 0.000150919 0.999999 -0.00102789 0.000151998 0.999999 -0.000978541 0.000144693 1 -0.00098565 0.000145745 1 -0.000976216 0.000144349 1 -0.000986426 0.00014586 1 -0.000989623 0.000146333 0.999999 -0.00100348 0.000148385 0.999999 -0.00107506 -4.01492e-05 0.999999 -0.00108915 -4.06734e-05 0.999999 -0.0010826 -0.000301383 0.999999 -0.00109724 -0.000305458 0.999999 -0.0027365 0.00201322 0.999994 -0.00272044 0.00200141 0.999994 -0.00110661 -0.000391866 0.999999 -0.00112131 -0.000397073 0.999999 -0.00282448 0.00232492 0.999993 -0.00280394 0.00230802 0.999993 -0.00112095 -0.00046678 0.999999 -0.00113614 -0.000473106 0.999999 -0.00290057 0.00255078 0.999993 -0.00288057 0.00253319 0.999993 -0.00112919 -0.000515148 0.999999 -0.00114026 -0.000520191 0.999999 -0.00287391 0.00291999 0.999992 -0.00285347 0.00289921 0.999992 -0.00113016 -0.000618448 0.999999 -0.0011418 -0.000624802 0.999999 -0.00270422 0.00331862 0.999991 -0.00268682 0.00329725 0.999991 -0.00109061 -0.00073649 0.999999 -0.0011044 -0.00074579 0.999999 -0.00250243 0.00366245 0.99999 -0.00249511 0.00365174 0.99999 -0.00107656 -0.000813738 0.999999 -0.0010827 -0.000818378 0.999999 -0.00229802 0.00386859 0.99999 -0.00229714 0.00386711 0.99999 -0.00107252 -0.000865192 0.999999 -0.00107413 -0.000866486 0.999999 0.641248 0.767332 -0.00139413 0.641249 0.767332 -0.00134025 0.64125 0.767331 -0.00118234 0.641249 0.767332 -0.00123406 0.641266 0.767318 -0.000677542 0.641252 0.76733 -0.000536821 -0.146438 -0.989219 0.000734463 -0.146438 -0.989219 0.000927021 -0.146439 -0.98922 2.25206e-07 -0.146439 -0.98922 2.25206e-07 -0.146438 -0.98922 2.25206e-07 -0.146438 -0.98922 2.25206e-07 -0.146439 -0.98922 2.25206e-07 -0.146439 -0.98922 2.25206e-07 -0.146438 -0.98922 2.25206e-07 -0.146438 -0.98922 2.25206e-07 -0.146687 -0.989183 2.25206e-07 -0.146791 -0.989168 2.25206e-07 -0.146335 -0.989235 2.25206e-07 -0.146542 -0.989204 2.25206e-07 -0.146083 -0.989272 2.25206e-07 -0.146187 -0.989257 2.25206e-07 -0.146438 -0.98922 2.25206e-07 -0.146438 -0.98922 2.25206e-07 -0.146438 -0.98922 2.25206e-07 -0.146438 -0.98922 2.25206e-07 -0.146438 -0.98922 2.25206e-07 -0.146438 -0.98922 2.25206e-07 -0.146438 -0.98922 2.25206e-07 -0.146438 -0.98922 2.25206e-07 -0.146438 -0.98922 2.25206e-07 -0.146438 -0.98922 2.25206e-07 -0.146439 -0.989219 0.000926938 -0.146438 -0.989219 0.000734424 -0.366491 0.930422 -0.00055088 -0.366495 0.93042 -0.000695272 -0.366499 0.930418 -0.00120114 -0.366497 0.930419 -0.00124844 -0.366499 0.930418 -0.00134789 -0.366498 0.930418 -0.00140062 0.641247 0.767333 -0.00148659 0.641248 0.767333 -0.00145369 -0.366491 0.93042 -0.00145862 -0.36649 0.930421 -0.00149027 0.641244 0.767335 -0.00148581 0.641246 0.767334 -0.00149846 -0.366492 0.93042 -0.00150046 -0.366488 0.930421 -0.00148637 0.641246 0.767334 -0.00146114 0.641246 0.767334 -0.00147019 -0.366489 0.930421 -0.00146943 -0.36649 0.930421 -0.00145991 0.641247 0.767333 -0.00137168 0.641247 0.767333 -0.00141361 -0.366485 0.930423 -0.00141074 -0.366483 0.930424 -0.00136749 0.641245 0.767335 -0.00123265 0.641244 0.767336 -0.00127144 -0.366483 0.930424 -0.00126459 -0.366482 0.930424 -0.00122492 0.641245 0.767336 -0.00102883 0.641245 0.767336 -0.0010708 -0.366479 0.930426 -0.00110245 -0.36648 0.930425 -0.00107188 0.594177 0.804334 0.00126446 0.594178 0.804332 0.0012229 0.594179 0.804332 0.00135502 0.594176 0.804334 0.00140613 0.594171 0.804338 0.0005676 0.594175 0.804336 0.000716506 0.146438 0.98922 -2.25206e-07 0.142708 0.989765 -2.25204e-07 0.0952583 0.995452 0.000937212 0.102762 0.994706 0.000741413 0.146439 0.98922 -2.25206e-07 0.146439 0.98922 -2.25206e-07 0.146438 0.98922 -2.25206e-07 0.146438 0.98922 -2.25206e-07 0.146438 0.98922 -2.25206e-07 0.146438 0.98922 -2.25206e-07 0.1447 0.989476 -2.25205e-07 0.143958 0.989584 -2.25205e-07 0.147213 0.989105 -2.25206e-07 0.145696 0.989329 -2.25206e-07 0.14915 0.988815 -2.25205e-07 0.148374 0.988931 -2.25205e-07 0.146438 0.98922 -2.25206e-07 0.146438 0.98922 -2.25206e-07 0.146438 0.98922 -2.25206e-07 0.146438 0.98922 -2.25206e-07 0.146438 0.98922 -2.25206e-07 0.146438 0.98922 -2.25206e-07 0.146438 0.98922 -2.25206e-07 0.146438 0.98922 -2.25206e-07 0.146438 0.98922 -2.25206e-07 0.146438 0.98922 -2.25206e-07 0.146438 0.989219 0.000734521 0.146438 0.989219 0.000927179 -0.405776 0.913972 0.00122522 -0.405777 0.913972 0.00117108 -0.405786 0.913968 0.000667067 -0.405776 0.913972 0.000528457 -0.405771 0.913974 0.00138947 -0.405775 0.913972 0.00133507 0.594175 0.804335 0.00146229 0.594176 0.804334 0.00149287 -0.405771 0.913974 0.00148428 -0.405769 0.913974 0.00145014 0.594173 0.804336 0.00150115 0.594175 0.804335 0.0014851 -0.405769 0.913974 0.00148541 -0.405772 0.913973 0.00149736 0.594175 0.804334 0.00146685 0.594175 0.804335 0.00145732 -0.405768 0.913975 0.00146263 -0.405771 0.913974 0.00147089 0.594177 0.804333 0.00140641 0.594177 0.804334 0.00136135 -0.405767 0.913975 0.00137491 -0.405768 0.913975 0.00141628 0.594176 0.804334 0.00125479 0.594178 0.804333 0.00121384 -0.405765 0.913977 0.00123712 -0.405766 0.913976 0.00127562 0.594177 0.804333 0.00104691 0.594178 0.804333 0.00100418 -0.405764 0.913977 0.00108622 -0.405768 0.913975 0.00111666 0.641246 0.767335 -0.000938214 0.641247 0.767334 -0.000938215 0.594178 0.804333 0.000911928 0.594178 0.804333 0.000911928 -0.366482 0.930425 -0.0010153 -0.366481 0.930425 -0.0010153 -0.405764 0.913977 0.00102989 -0.405768 0.913975 0.00102989 -0.00069744 0.000175643 -1 -0.000697814 0.000175737 -1 -0.000697896 0.000175758 -1 -0.000697521 0.000175664 -1 2.63814e-06 -6.42307e-06 -1 9.11106e-07 -3.49613e-06 -1 -2.16541e-07 -1.32116e-07 -1 2.76331e-06 -6.6941e-06 -1 -1.03283e-08 -1.57184e-07 -1 1.29965e-06 -1.88472e-06 -1 0.000717027 -3.32051e-05 -1 0.000717475 -3.32265e-05 -1 0.000717572 -3.32311e-05 -1 0.000717124 -3.32098e-05 -1 1.31417e-05 1.3241e-05 -1 1.19381e-05 8.54149e-06 -1 8.86301e-06 6.30846e-06 -1 1.3543e-05 1.36425e-05 -1 9.65145e-06 1.13351e-05 -1 1.22642e-05 1.4211e-05 -1 2.17741e-07 -2.8853e-08 -1 -2.90988e-07 4.69733e-07 -1 3.52336e-06 -1.62719e-06 -1 4.39235e-06 -2.37067e-06 -1 -2.2701e-07 2.65737e-06 -1 8.4464e-07 1.88132e-06 -1 1.2816e-06 5.414e-07 -1 1.41351e-06 4.66133e-07 -1 -4.14957e-06 1.9805e-06 -1 -4.57673e-06 2.16671e-06 -1 6.02009e-07 -5.58781e-08 -1 -1.6921e-06 8.05349e-07 -1 -1.27927e-05 -1.34712e-06 -1 -1.74661e-05 -9.80105e-07 -1 -1.81272e-05 -1.02324e-06 -1 -1.24375e-05 -1.30532e-06 -1 -7.46793e-06 -5.69259e-07 -1 -6.20019e-06 -2.79683e-07 -1 -5.82395e-06 1.20077e-07 -1 -5.22239e-06 3.28026e-07 -1 -8.22185e-07 7.84031e-07 -1 2.77846e-07 1.2671e-06 -1 3.42261e-06 1.93663e-06 -1 2.34756e-06 1.37504e-06 -1 0.98068 -0.195401 0.0091811 0.979607 -0.200551 0.0121775 0.979607 -0.200555 -0.0121784 0.98068 -0.195404 -0.00918174 0.973691 -0.22493 -0.0365165 0.973775 -0.224699 -0.0356791 0.975439 -0.216658 -0.0397217 0.975442 -0.216661 -0.0396274 0.987517 -0.157274 -0.00865983 0.988721 -0.149626 -0.00655865 0.988481 -0.151063 -0.00927455 0.987744 -0.155862 -0.00824701 0.985526 -0.167554 -0.0257541 0.981022 -0.190727 -0.0349257 0.980545 -0.192988 -0.0358835 0.985402 -0.168235 -0.0260893 0.144095 0.97321 0.179163 0.144095 0.97321 -0.179162 0.142942 0.965414 -0.218047 0.142942 0.965413 0.218047 -0.143402 -0.968502 0.203566 -0.144376 -0.975099 0.168335 -0.144376 -0.9751 -0.168334 -0.143402 -0.968503 -0.203565 -0.133096 -0.89904 -0.417149 -0.132239 -0.893253 -0.429664 -0.128937 -0.870788 -0.474451 -0.126754 -0.856021 -0.501161 -0.117187 -0.791143 -0.600301 -0.108871 -0.734966 -0.669308 -0.0904001 -0.610249 -0.787035 -0.0831423 -0.561321 -0.823411 -0.046185 -0.311958 -0.948973 -0.0315704 -0.213344 -0.976467 -0.0474441 -0.320362 -0.946106 -0.0219573 -0.148293 -0.9887 0.984871 -0.173243 -0.00387934 0.984863 -0.173303 -0.00340669 0.060408 0.407963 0.910998 0.0147862 0.0999074 0.994887 -0.0043876 -0.0295401 0.999554 0.0511667 0.345608 0.936983 0.0931723 0.629036 0.771772 0.0874529 0.590467 0.80231 0.118024 0.796886 0.592489 0.112495 0.759513 0.640691 0.128536 0.868139 0.479389 0.126488 0.854282 0.504185 0.134439 0.908111 0.39656 0.13356 0.902183 0.410155 0.973776 -0.224695 0.0356766 0.973691 -0.224926 0.0365141 0.97544 -0.216656 0.039721 0.975443 -0.216658 0.0396267 0.987518 -0.157266 0.00865332 0.987746 -0.155854 0.0082412 0.988481 -0.151059 0.00926614 0.988721 -0.149623 0.00655036 0.985527 -0.16755 0.02575 0.985402 -0.168231 0.0260856 0.980545 -0.192987 0.0358821 0.981022 -0.190726 0.0349242 -0.133096 -0.89904 0.417149 -0.132239 -0.893253 0.429665 -0.128937 -0.870788 0.474451 -0.126754 -0.856021 0.501161 -0.117187 -0.791144 0.600299 -0.108871 -0.734966 0.669307 -0.0904002 -0.610249 0.787035 -0.0831427 -0.561324 0.823409 -0.0461833 -0.311947 0.948976 -0.0315695 -0.213338 0.976468 -0.0474462 -0.320377 0.946101 -0.0219574 -0.148294 0.988699 0.984864 -0.173294 0.00340618 0.984873 -0.173234 0.00388171 0.0597904 0.403756 -0.912911 0.0491705 0.332089 -0.941966 -0.00464364 -0.0312986 -0.999499 0.0151797 0.102532 -0.994614 0.0931748 0.629034 -0.771774 0.0872214 0.588887 -0.803495 0.118024 0.796886 -0.592489 0.112495 0.759513 -0.64069 0.128536 0.868139 -0.479388 0.126488 0.854283 -0.504185 0.134439 0.908111 -0.39656 0.13356 0.902183 -0.410155 0.783156 0.146465 -0.60433 0.629741 0.170441 -0.757876 0.683205 0.182697 -0.707003 0.766428 0.127992 -0.629449 0.615626 0.155541 -0.772535 0.784491 0.135848 -0.605079 0.595622 0.137435 -0.79142 0.535605 0.0987378 -0.838677 0.801044 0.151633 -0.579082 0.784765 0.129489 -0.606116 0.784224 0.133579 -0.605928 0.932914 0.180256 -0.311735 0.536764 0.014913 -0.843601 0.924175 0.198453 -0.326368 0.906685 0.100871 -0.40957 0.876108 0.07798 -0.475766 0.921357 0.124143 -0.36836 0.913871 0.108138 -0.39134 -0.868043 -0.140746 0.476121 -0.900452 -0.130304 0.414978 -0.787884 -0.135415 0.600751 -0.804722 -0.135092 0.578076 -0.908483 -0.128521 0.39767 -0.919798 -0.121926 0.372968 -0.78793 -0.132726 0.60129 -0.948003 -0.0962939 0.303343 -0.787951 -0.134735 0.600816 -0.770259 -0.137374 0.62276 -0.787969 -0.135214 0.600685 -0.544469 -0.149418 0.825365 -0.958552 -0.092721 0.269407 -0.549534 -0.185579 0.8146 -0.625904 -0.133756 0.768344 -0.676751 -0.125317 0.725467 -0.592797 -0.138282 0.793391 -0.61166 -0.133889 0.779709 0.163912 0.267287 -0.949574 0.641725 0.156976 -0.750698 -0.0841377 0.184118 -0.979296 -0.97046 -0.22373 -0.0902856 -0.934784 -0.112053 -0.337079 -0.137926 0.0107671 -0.990384 -0.116874 0.0843399 -0.989559 -0.922209 0.0307779 -0.385466 -0.929992 -0.0353203 -0.365879 -0.156392 -0.140012 -0.977721 -0.898367 0.127715 -0.420269 0.955991 0.281673 -0.0821121 0.354329 -0.0943402 -0.93035 0.909652 0.124039 0.396419 0.874141 0.260473 0.409916 0.92625 0.0562217 0.372693 0.943052 -0.044928 0.329597 0.897786 0.10077 -0.428749 0.991354 -0.112142 0.0681279 -0.995147 0.0895527 0.0407729 -0.87246 -0.170269 0.458063 -0.671547 -0.09105 0.735347 -0.292921 -0.288408 0.911602 0.123566 -0.105931 0.986666 0.08794 -0.0336585 0.995557 -0.15308 0.0397635 0.987414 0.149249 -0.162687 0.975324 0.1803 -0.248615 0.951674 -0.402621 0.711904 -0.575404 0.603938 0.381577 -0.699755 -0.923562 0.185574 -0.335553 -0.839723 -0.289558 -0.459371 -0.915399 -0.132363 -0.380163 -0.675352 -0.449011 -0.585054 0.729152 0.661048 0.17707 0.0669606 -0.50918 -0.858051 0.170338 0.175435 0.969643 0.273467 0.396081 0.876548 0.119541 -0.00741135 0.992802 0.153646 -0.325097 0.933116 0.900796 -0.148781 -0.40796 0.619546 -0.647654 0.443517 -0.780183 -0.0107344 -0.625459 -0.96565 -0.053797 -0.254218 -0.958741 -0.05376 -0.279153 -0.769935 -0.00369616 -0.638111 -0.992044 -0.0895827 0.0884569 -0.993741 -0.0925134 0.0626135 -0.898983 -0.122841 0.420405 -0.89952 -0.124966 0.418626 -0.897558 -0.119874 0.424287 -0.655225 -0.139829 0.74238 -0.639745 -0.134093 0.7568 -0.900248 -0.115957 0.41965 -0.355479 -0.137859 0.924462 -0.31361 -0.127048 0.941014 -0.0288443 -0.11968 0.992393 0.029542 -0.0991512 0.994634 0.386619 -0.0677526 0.919748 0.423439 -0.0485226 0.904624 0.792377 0.0156819 0.60983 0.766464 0.0154703 0.642101 0.96957 0.0808069 0.231095 0.956129 0.0717451 0.284024 0.98746 0.116619 -0.106408 0.99227 0.107502 -0.0619912 0.887799 0.130847 -0.441239 0.896293 0.131219 -0.423605 0.642109 0.127355 -0.755961 0.636391 0.134197 -0.759604 0.343582 0.109132 -0.93276 0.315622 0.116856 -0.941662 0.0123759 0.0790993 -0.99679 -0.0256445 0.0910076 -0.99552 -0.391338 0.039974 -0.919378 -0.422994 0.0493948 -0.904785 -0.740023 -0.0046415 -0.672566 -0.461827 0.0428804 -0.885933 -0.92505 -0.0515258 -0.376334 -0.995098 -0.0916469 -0.0371688 -0.915507 -0.125271 0.382301 -0.604251 -0.135034 0.785268 -0.915556 -0.124764 0.382351 -0.218913 -0.116891 0.968718 0.127321 -0.0861794 0.98811 0.461966 -0.0447696 0.885767 0.740415 0.00222702 0.672147 0.925437 0.0486646 0.375763 0.995379 0.0886686 0.0368452 0.91597 0.122737 -0.382014 0.60476 0.133378 -0.785159 0.218948 0.115233 -0.968908 -0.127441 0.0846081 -0.988231 -0.746254 0.00357397 -0.665652 -0.455211 0.0504838 -0.888951 -0.933343 -0.0427965 -0.356424 -0.996556 -0.0818178 -0.0135114 -0.91249 -0.113335 0.393087 -0.611002 -0.14908 0.777465 -0.909881 -0.140099 0.390499 -0.239932 -0.127222 0.962417 0.107626 -0.0937104 0.989765 0.454858 -0.0475181 0.889295 0.745673 0.00536605 0.66629 0.932213 0.0568928 0.35741 0.994858 0.100117 0.0153357 0.911672 0.125788 -0.391192 0.613494 0.128483 -0.779177 0.240821 0.116594 -0.963541 -0.107653 0.0900051 -0.990106 -0.554634 0.626914 -0.547137 -0.404013 -0.594563 -0.695175 -0.441998 -0.595273 -0.671035 -0.521326 0.629024 -0.57667 -0.632205 0.0660278 -0.771982 -0.610865 0.0207893 -0.791462 -0.588647 -0.0236291 -0.808045 -0.666712 0.179326 -0.72342 -0.647462 0.295319 -0.702552 -0.617288 0.311385 -0.722492 -0.607611 0.314352 -0.729377 -0.578133 0.309964 -0.754774 -0.568341 0.198305 -0.798539 -0.59697 0.0726546 -0.798967 -0.62269 -0.0298813 -0.781898 -0.634906 -0.154698 -0.756943 -0.594484 -0.267324 -0.758371 -0.562567 -0.272383 -0.780593 -0.553195 -0.269874 -0.788126 -0.526029 -0.255538 -0.811168 -0.537638 -0.138907 -0.831655 -0.491117 -0.553754 -0.672428 -0.511123 0.589439 -0.625552 -0.631655 0.487278 -0.602969 -0.652642 0.309997 -0.691346 -0.510727 -0.270118 -0.816207 -0.434118 -0.453222 -0.778544 -0.593798 0.584493 -0.552967 -0.397758 -0.552361 -0.732589 -0.548194 -0.447963 -0.706267 -0.531638 0.48634 -0.693422 -0.60132 -0.248831 -0.759274 -0.573951 0.294044 -0.764276 -0.915749 0.0820271 -0.393288 -0.885635 0.116809 -0.449451 -0.682339 0.111237 -0.722523 -0.724378 0.0846886 -0.684182 -0.775117 0.351166 -0.52524 -0.684948 0.105148 -0.720965 -0.526372 -0.0623207 -0.847967 -0.450667 0.11067 -0.885806 -0.466842 0.0845552 -0.880289 -0.997159 0.0740885 -0.0135746 -0.991955 0.115596 -0.0515933 -0.670673 0.66023 -0.338073 -0.911028 0.0762125 0.40524 -0.938485 0.118857 0.324219 -0.492941 0.811132 -0.314759 -0.602857 -0.250213 0.7576 -0.579239 -0.254837 0.7743 -0.811032 -0.267693 0.520162 -0.879552 -0.253783 0.40247 -0.35946 0.831791 -0.42298 -0.221663 -0.222093 0.949495 -0.232379 -0.212843 0.949051 -0.300061 0.70616 -0.641328 0.165763 -0.167817 0.971782 0.179644 -0.142294 0.973386 -0.387633 0.401528 -0.829769 0.48824 -0.0919427 0.867853 0.495387 -0.0583971 0.866707 -0.544102 0.127217 -0.829318 0.734778 -0.0121483 0.678199 0.715131 0.0129618 0.698871 -0.665623 -0.0858893 -0.741329 0.916804 0.0642512 0.394135 0.90221 0.0969093 0.42027 -0.705795 -0.371037 -0.603478 0.99185 0.126306 0.0167352 0.985499 0.169456 0.00872897 -0.547575 -0.684845 -0.480779 0.902023 0.162394 -0.399979 0.897551 0.194392 -0.395745 -0.340126 -0.811499 -0.475167 0.627426 0.134983 -0.766887 0.6735 0.147488 -0.724324 -0.199459 -0.79297 -0.575686 0.2455 0.113881 -0.962684 0.313235 0.128977 -0.940877 -0.162706 -0.623958 -0.764332 -0.138212 0.09145 -0.986172 -0.117677 0.112538 -0.986655 -0.31634 -0.302776 -0.899031 -0.747062 0.0433736 -0.663338 -0.936208 0.015807 -0.351091 -0.455989 0.0689102 -0.887314 -0.999919 -0.0127055 -0.000631246 -0.914911 -0.0365857 0.401994 -0.904933 -0.163006 0.393096 -0.610178 -0.184805 0.770409 -0.241744 -0.174319 0.954553 0.112421 -0.133162 0.984698 0.45924 -0.0713548 0.885442 0.745513 -0.000303209 0.666491 0.931401 0.0660494 0.357951 0.993205 0.116047 0.0088209 0.907359 0.148771 -0.39315 0.616721 0.136275 -0.775296 0.249389 0.114383 -0.961624 -0.10567 0.092988 -0.990044 </float_array>
          <technique_common>
            <accessor count="1920" offset="0" source="#meshId2-bitangents-array" stride="3">
              <param name="X" type="float" />
              <param name="Y" type="float" />
              <param name="Z" type="float" />
            </accessor>
          </technique_common>
        </source>
        <source id="meshId2-tex0" name="meshId2-tex0">
          <float_array id="meshId2-tex0-array" count="3840"> 0.679191 0.283418 0.679196 0.264933 0.722822 0.276508 0.722816 0.283418 0.634718 0.283418 0.634719 0.253599 0.590093 0.283418 0.590094 0.242175 0.54538 0.283418 0.545379 0.232112 0.500611 0.283418 0.500609 0.226442 0.45581 0.283418 0.455808 0.222978 0.410991 0.283418 0.410989 0.221251 0.366166 0.221244 0.366168 0.283418 0.32135 0.222955 0.321353 0.283418 0.276554 0.226399 0.276556 0.283418 0.231794 0.231609 0.231796 0.283418 0.187096 0.239079 0.187097 0.283418 0.142501 0.251027 0.142502 0.283418 0.0980766 0.264422 0.0980746 0.283418 0.0534847 0.277809 0.0534786 0.283418 0.722822 0.290328 0.679196 0.301904 0.634719 0.313237 0.590094 0.324662 0.545379 0.334725 0.500609 0.340394 0.455808 0.343858 0.410989 0.345585 0.366166 0.345592 0.32135 0.343882 0.276554 0.340438 0.231794 0.335227 0.187096 0.327757 0.142501 0.315809 0.0980766 0.302414 0.0534847 0.289028 0.258889 0.813875 0.301825 0.814626 0.281288 0.832073 0.233811 0.831145 0.344849 0.815015 0.328859 0.832573 0.38792 0.815226 0.376488 0.83286 0.431015 0.815336 0.424152 0.833021 0.474121 0.815378 0.471834 0.833095 0.517232 0.815363 0.519521 0.833097 0.560343 0.815288 0.5672 0.833026 0.60345 0.815131 0.614859 0.832871 0.646552 0.814842 0.66248 0.832598 0.689649 0.81429 0.710034 0.832133 0.732746 0.813124 0.757478 0.831308 0.779259 0.812595 0.80474 0.829729 0.186492 0.829224 0.211567 0.869083 0.160227 0.867805 0.263059 0.869868 0.31466 0.870368 0.366334 0.870685 0.418055 0.870876 0.469802 0.870966 0.521556 0.870967 0.573303 0.870881 0.625023 0.870696 0.676696 0.870389 0.728294 0.86991 0.779781 0.869172 0.831112 0.868014 0.844973 0.826727 0.880555 0.865884 0.191696 0.902056 0.136612 0.901105 0.246858 0.90274 0.302086 0.903227 0.357364 0.903562 0.412677 0.903773 0.468011 0.903875 0.523352 0.903877 0.578686 0.903779 0.634002 0.903575 0.689282 0.903249 0.744513 0.902776 0.799676 0.902119 0.854759 0.901222 0.909432 0.899671 0.0816547 0.900076 0.115873 0.929417 0.0573917 0.928597 0.174305 0.930049 0.232735 0.93056 0.291166 0.930957 0.349599 0.931248 0.408032 0.931441 0.466467 0.931538 0.524903 0.931541 0.583339 0.931451 0.641776 0.931266 0.700211 0.930983 0.758645 0.930598 0.817077 0.930106 0.875509 0.929502 0.933908 0.928424 0.0980601 0.957349 0.0368538 0.956886 0.159398 0.957532 0.220667 0.957687 0.281867 0.957814 0.343008 0.957912 0.404101 0.95798 0.465164 0.958016 0.526217 0.958021 0.58728 0.957995 0.648375 0.957938 0.709516 0.957851 0.770717 0.957735 0.831985 0.957592 0.893324 0.957424 0.954523 0.95687 0.146901 0.974531 0.0831469 0.975011 0.21053 0.974077 0.274042 0.973677 0.337453 0.973354 0.400785 0.97313 0.464067 0.973018 0.52733 0.973025 0.59061 0.97315 0.653938 0.973387 0.717344 0.973722 0.780853 0.974135 0.844481 0.974599 0.908236 0.975086 0.971471 0.975197 0.136778 0.989632 0.0711206 0.989636 0.202277 0.989629 0.267635 0.989625 0.332877 0.989622 0.398039 0.989618 0.463153 0.989615 0.528253 0.989611 0.59337 0.989607 0.658536 0.989604 0.723784 0.9896 0.789142 0.989597 0.85464 0.989593 0.920291 0.98959 0.985245 0.989586 0.174247 0.169658 0.202928 0.21613 0.162576 0.21613 0.129483 0.16974 0.219011 0.169588 0.243279 0.21613 0.263775 0.16953 0.283631 0.21613 0.308539 0.169484 0.323983 0.21613 0.353303 0.169449 0.364334 0.21613 0.398068 0.169425 0.404686 0.21613 0.442831 0.169414 0.445038 0.21613 0.487595 0.169414 0.485389 0.21613 0.53236 0.169425 0.525741 0.21613 0.577124 0.169449 0.566093 0.21613 0.621888 0.169484 0.606444 0.21613 0.666652 0.16953 0.646796 0.21613 0.711416 0.169588 0.687148 0.21613 0.75618 0.169658 0.727499 0.21613 0.800943 0.16974 0.767851 0.21613 0.148438 0.13533 0.0997036 0.135466 0.197173 0.135214 0.245907 0.135117 0.294642 0.135039 0.343377 0.134981 0.392112 0.134943 0.440846 0.134923 0.489581 0.134923 0.538315 0.134943 0.58705 0.134981 0.635785 0.135039 0.684519 0.135117 0.733254 0.135214 0.781988 0.13533 0.830723 0.135466 0.1255 0.10672 0.0732368 0.106883 0.177764 0.10658 0.230027 0.106464 0.282291 0.106371 0.334555 0.106301 0.386818 0.106255 0.439082 0.106231 0.491345 0.106231 0.543609 0.106255 0.595872 0.106301 0.648136 0.106371 0.700399 0.106464 0.752663 0.10658 0.804926 0.10672 0.85719 0.106883 0.105434 0.0802563 0.0500831 0.0804191 0.160784 0.0801166 0.216135 0.0800002 0.271486 0.0799073 0.326837 0.0798375 0.382187 0.0797908 0.437538 0.0797675 0.492889 0.0797675 0.54824 0.0797908 0.60359 0.0798375 0.658941 0.0799073 0.714292 0.0800002 0.769642 0.0801166 0.824993 0.0802563 0.880344 0.0804191 0.0882385 0.0509403 0.0302423 0.0510758 0.146235 0.050824 0.204231 0.050727 0.262227 0.0506492 0.320223 0.0505912 0.378219 0.0505525 0.436215 0.0505331 0.494211 0.0505331 0.552208 0.0505525 0.610204 0.0505912 0.6682 0.0506492 0.726196 0.050727 0.784192 0.050824 0.842188 0.0509403 0.900184 0.0510758 0.0739147 0.0323404 0.0137146 0.0324217 0.134114 0.0322705 0.194314 0.0322124 0.254514 0.032166 0.314714 0.0321311 0.374914 0.0321077 0.435114 0.0320961 0.495313 0.0320961 0.555513 0.0321077 0.615713 0.0321311 0.675913 0.032166 0.736113 0.0322124 0.796312 0.0322705 0.856512 0.0323404 0.916712 0.0324217 0.0624618 0.0137446 0.0005 0.0137446 0.124424 0.0137446 0.186385 0.0137446 0.248347 0.0137449 0.310309 0.0137446 0.372271 0.0137449 0.434232 0.0137449 0.496194 0.0137449 0.558156 0.0137449 0.620118 0.0137449 0.68208 0.0137449 0.744042 0.0137449 0.806003 0.0137446 0.867965 0.0137446 0.929927 0.0137446 0.076707 0.0005 0.145784 0.0005 0.145784 0.0120764 0.076707 0.0120764 0.212516 0.0005 0.212516 0.0120764 0.277316 0.0005 0.277316 0.0120764 0.340638 0.0005 0.340638 0.0120764 0.402962 0.0005 0.402962 0.0120764 0.464793 0.0005 0.464793 0.0120764 0.526645 0.0005 0.526645 0.0120764 0.589033 0.0005 0.589033 0.0120764 0.652458 0.0005 0.652458 0.0120764 0.7174 0.0005 0.7174 0.0120764 0.7843 0.0005 0.7843 0.0120764 0.853564 0.0005 0.853564 0.0120764 0.925734 0.0005 0.925734 0.0120764 0.9995 0.0120764 0.998251 0.0005 0.9995 0.00134055 0.215872 0.812428 0.143235 0.828238 0.109516 0.866683 0.0971436 0.881347 0.0199996 0.975092 0.00611039 0.989639 0.00491489 0.00139405 0.00621126 0.0005 0.00491489 0.0120764 0.258889 0.813875 0.233811 0.831145 0.281288 0.832073 0.301825 0.814626 0.328859 0.832573 0.344849 0.815015 0.376488 0.83286 0.38792 0.815226 0.424152 0.833021 0.431015 0.815336 0.471834 0.833095 0.474121 0.815378 0.519521 0.833097 0.517232 0.815363 0.5672 0.833026 0.560343 0.815288 0.614859 0.832871 0.60345 0.815131 0.66248 0.832598 0.646552 0.814842 0.710034 0.832133 0.689649 0.81429 0.757478 0.831308 0.732746 0.813124 0.80474 0.829729 0.779259 0.812595 0.186492 0.829224 0.160227 0.867805 0.211567 0.869083 0.263059 0.869868 0.31466 0.870368 0.366334 0.870685 0.418055 0.870876 0.469802 0.870966 0.521556 0.870967 0.573303 0.870881 0.625023 0.870696 0.676696 0.870389 0.728294 0.86991 0.779781 0.869172 0.831112 0.868014 0.880555 0.865884 0.844973 0.826727 0.136612 0.901105 0.191696 0.902056 0.246858 0.90274 0.302086 0.903227 0.357364 0.903562 0.412677 0.903773 0.468011 0.903875 0.523352 0.903877 0.578686 0.903779 0.634002 0.903575 0.689282 0.903249 0.744513 0.902776 0.799676 0.902119 0.854759 0.901222 0.909432 0.899671 0.0816547 0.900076 0.0573917 0.928597 0.115873 0.929417 0.174305 0.930049 0.232735 0.93056 0.291166 0.930957 0.349599 0.931248 0.408032 0.931441 0.466467 0.931538 0.524903 0.931541 0.583339 0.931451 0.641776 0.931266 0.700211 0.930983 0.758645 0.930598 0.817077 0.930106 0.875509 0.929502 0.933908 0.928424 0.0368538 0.956886 0.0980601 0.957349 0.159398 0.957532 0.220667 0.957687 0.281867 0.957814 0.343008 0.957912 0.404101 0.95798 0.465164 0.958016 0.526217 0.958021 0.58728 0.957995 0.648375 0.957938 0.709516 0.957851 0.770717 0.957735 0.831985 0.957592 0.893324 0.957424 0.954523 0.95687 0.0831469 0.975011 0.146901 0.974531 0.21053 0.974077 0.274042 0.973677 0.337453 0.973354 0.400785 0.97313 0.464067 0.973018 0.52733 0.973025 0.59061 0.97315 0.653938 0.973387 0.717344 0.973722 0.780853 0.974135 0.844481 0.974599 0.908236 0.975086 0.971471 0.975197 0.0711206 0.989636 0.136778 0.989632 0.202277 0.989629 0.267635 0.989625 0.332877 0.989622 0.398039 0.989618 0.463153 0.989615 0.528253 0.989611 0.59337 0.989607 0.658536 0.989604 0.723784 0.9896 0.789142 0.989597 0.85464 0.989593 0.920291 0.98959 0.985245 0.989586 0.174247 0.169658 0.129483 0.16974 0.162576 0.21613 0.202928 0.21613 0.219011 0.169588 0.243279 0.21613 0.263775 0.16953 0.283631 0.21613 0.308539 0.169484 0.323983 0.21613 0.353303 0.169449 0.364334 0.21613 0.398068 0.169425 0.404686 0.21613 0.442831 0.169414 0.445038 0.21613 0.487595 0.169414 0.485389 0.21613 0.53236 0.169425 0.525741 0.21613 0.577124 0.169449 0.566093 0.21613 0.621888 0.169484 0.606444 0.21613 0.666652 0.16953 0.646796 0.21613 0.711416 0.169588 0.687148 0.21613 0.75618 0.169658 0.727499 0.21613 0.800943 0.16974 0.767851 0.21613 0.148438 0.13533 0.0997036 0.135466 0.197173 0.135214 0.245907 0.135117 0.294642 0.135039 0.343377 0.134981 0.392112 0.134943 0.440846 0.134923 0.489581 0.134923 0.538315 0.134943 0.58705 0.134981 0.635785 0.135039 0.684519 0.135117 0.733254 0.135214 0.781988 0.13533 0.830723 0.135466 0.1255 0.10672 0.0732368 0.106883 0.177764 0.10658 0.230027 0.106464 0.282291 0.106371 0.334555 0.106301 0.386818 0.106255 0.439082 0.106231 0.491345 0.106231 0.543609 0.106255 0.595872 0.106301 0.648136 0.106371 0.700399 0.106464 0.752663 0.10658 0.804926 0.10672 0.85719 0.106883 0.105434 0.0802563 0.0500831 0.0804191 0.160784 0.0801166 0.216135 0.0800002 0.271486 0.0799073 0.326837 0.0798375 0.382187 0.0797908 0.437538 0.0797675 0.492889 0.0797675 0.54824 0.0797908 0.60359 0.0798375 0.658941 0.0799073 0.714292 0.0800002 0.769642 0.0801166 0.824993 0.0802563 0.880344 0.0804191 0.0882385 0.0509403 0.0302423 0.0510758 0.146235 0.050824 0.204231 0.050727 0.262227 0.0506492 0.320223 0.0505912 0.378219 0.0505525 0.436215 0.0505331 0.494211 0.0505331 0.552208 0.0505525 0.610204 0.0505912 0.6682 0.0506492 0.726196 0.050727 0.784192 0.050824 0.842188 0.0509403 0.900184 0.0510758 0.0739147 0.0323404 0.0137146 0.0324217 0.134114 0.0322705 0.194314 0.0322124 0.254514 0.032166 0.314714 0.0321311 0.374914 0.0321077 0.435114 0.0320961 0.495313 0.0320961 0.555513 0.0321077 0.615713 0.0321311 0.675913 0.032166 0.736113 0.0322124 0.796312 0.0322705 0.856512 0.0323404 0.916712 0.0324217 0.0624618 0.0137446 0.0005 0.0137446 0.124424 0.0137446 0.186385 0.0137446 0.248347 0.0137449 0.310309 0.0137446 0.372271 0.0137449 0.434232 0.0137449 0.496194 0.0137449 0.558156 0.0137449 0.620118 0.0137449 0.68208 0.0137449 0.744042 0.0137449 0.806003 0.0137446 0.867965 0.0137446 0.929927 0.0137446 0.076707 0.0005 0.076707 0.0120764 0.145784 0.0120764 0.145784 0.0005 0.212516 0.0120764 0.212516 0.0005 0.277316 0.0120764 0.277316 0.0005 0.340638 0.0120764 0.340638 0.0005 0.402962 0.0120764 0.402962 0.0005 0.464793 0.0120764 0.464793 0.0005 0.526645 0.0120764 0.526645 0.0005 0.589033 0.0120764 0.589033 0.0005 0.652458 0.0120764 0.652458 0.0005 0.7174 0.0120764 0.7174 0.0005 0.7843 0.0120764 0.7843 0.0005 0.853564 0.0120764 0.853564 0.0005 0.925734 0.0120764 0.925734 0.0005 0.9995 0.0120764 0.9995 0.00134055 0.998251 0.0005 0.215872 0.812428 0.143235 0.828238 0.109516 0.866683 0.0971436 0.881347 0.0199996 0.975092 0.00611039 0.989639 0.00491489 0.00139405 0.00491489 0.0120764 0.00621126 0.0005 0.170806 0.527023 0.170806 0.521456 0.211385 0.521456 0.211385 0.527023 0.272122 0.521456 0.272122 0.527023 0.296787 0.521456 0.296787 0.527023 0.374558 0.527023 0.361068 0.527023 0.361068 0.521456 0.374558 0.521456 0.343569 0.527023 0.322165 0.527023 0.322165 0.521456 0.343569 0.521456 0.765537 0.791522 0.727854 0.791522 0.727854 0.781934 0.765537 0.781934 0.475016 0.702788 0.475016 0.693636 0.512723 0.693636 0.512723 0.702788 0.566463 0.702788 0.566463 0.693636 0.589288 0.702788 0.589288 0.693636 0.612003 0.702788 0.612003 0.693636 0.631695 0.702788 0.631695 0.693636 0.646452 0.702788 0.646452 0.693636 0.65961 0.702788 0.65961 0.693636 0.380741 0.521456 0.380741 0.527023 0.872153 0.781934 0.885199 0.781934 0.885199 0.791522 0.872153 0.791522 0.854733 0.781934 0.854733 0.791522 0.834866 0.781934 0.834866 0.791522 0.810159 0.781934 0.810159 0.791522 0.786641 0.781934 0.786641 0.791522 0.146718 0.527023 0.146718 0.521456 0.121195 0.521456 0.121195 0.527023 0.0609001 0.527023 0.0609001 0.521456 0.068427 0.521456 0.068427 0.527023 0.0823391 0.527023 0.0823391 0.521456 0.0994456 0.521456 0.0994456 0.527023 0.45304 0.702788 0.45304 0.693636 0.430197 0.702788 0.430197 0.693636 0.411712 0.702788 0.411712 0.693636 0.395446 0.702788 0.395446 0.693636 0.382569 0.702788 0.382569 0.693636 0.37135 0.702788 0.37135 0.693636 0.0578935 0.527023 0.0578935 0.521456 0.627877 0.781934 0.627877 0.791522 0.614168 0.791522 0.614168 0.781934 0.641931 0.781934 0.641931 0.791522 0.657844 0.781934 0.657844 0.791522 0.678715 0.781934 0.678715 0.791522 0.703432 0.781934 0.703432 0.791522 0.331852 0.486137 0.331852 0.491598 0.20231 0.491598 0.20231 0.486137 0.174823 0.491598 0.174823 0.486137 0.14562 0.491598 0.14562 0.486137 0.0643693 0.486137 0.0776262 0.486137 0.0776262 0.491598 0.0643693 0.491598 0.0954635 0.486137 0.117506 0.486137 0.117506 0.491598 0.0954635 0.491598 0.199326 0.464062 0.308255 0.464062 0.308255 0.472778 0.199326 0.472778 0.386708 0.393424 0.386708 0.401051 0.230811 0.401051 0.230811 0.393424 0.198354 0.393424 0.198354 0.401051 0.147682 0.393424 0.147682 0.401051 0.121574 0.393424 0.121574 0.401051 0.0950723 0.393424 0.0950723 0.401051 0.0749163 0.393424 0.0749163 0.401051 0.0578935 0.393424 0.0578935 0.401051 0.0578935 0.491598 0.0578935 0.486137 0.0766144 0.472778 0.0578935 0.472778 0.0578935 0.464062 0.0766144 0.464062 0.0972344 0.472778 0.0972344 0.464062 0.122013 0.472778 0.122013 0.464062 0.145531 0.472778 0.145531 0.464062 0.178987 0.472778 0.178987 0.464062 0.36026 0.486137 0.36026 0.491598 0.388637 0.491598 0.388637 0.486137 0.449849 0.486137 0.449849 0.491598 0.442222 0.491598 0.442222 0.486137 0.428532 0.486137 0.428532 0.491598 0.411087 0.491598 0.411087 0.486137 0.418147 0.393424 0.418147 0.401051 0.441409 0.393424 0.441409 0.401051 0.47167 0.393424 0.47167 0.401051 0.494515 0.393424 0.494515 0.401051 0.508831 0.393424 0.508831 0.401051 0.527623 0.393424 0.527623 0.401051 0.451477 0.486137 0.451477 0.491598 0.447148 0.472778 0.447148 0.464062 0.46627 0.464062 0.46627 0.472778 0.431169 0.472778 0.431169 0.464062 0.407708 0.472778 0.407708 0.464062 0.383506 0.472778 0.383506 0.464062 0.348356 0.472778 0.348356 0.464062 0.211385 0.521456 0.170806 0.521456 0.170806 0.527023 0.211385 0.527023 0.272122 0.527023 0.272122 0.521456 0.296787 0.521456 0.296787 0.527023 0.374558 0.527023 0.374558 0.521456 0.361068 0.521456 0.361068 0.527023 0.343569 0.527023 0.343569 0.521456 0.322165 0.521456 0.322165 0.527023 0.727854 0.781934 0.727854 0.791522 0.765537 0.791522 0.765537 0.781934 0.512723 0.693636 0.475016 0.693636 0.475016 0.702788 0.512723 0.702788 0.566463 0.702788 0.566463 0.693636 0.589288 0.702788 0.589288 0.693636 0.612003 0.702788 0.612003 0.693636 0.631695 0.702788 0.631695 0.693636 0.646452 0.702788 0.646452 0.693636 0.65961 0.702788 0.65961 0.693636 0.380741 0.527023 0.380741 0.521456 0.872153 0.781934 0.872153 0.791522 0.885199 0.791522 0.885199 0.781934 0.854733 0.781934 0.854733 0.791522 0.834866 0.781934 0.834866 0.791522 0.810159 0.781934 0.810159 0.791522 0.786641 0.781934 0.786641 0.791522 0.146718 0.521456 0.146718 0.527023 0.121195 0.521456 0.121195 0.527023 0.0609001 0.527023 0.068427 0.527023 0.068427 0.521456 0.0609001 0.521456 0.0823391 0.527023 0.0994456 0.527023 0.0994456 0.521456 0.0823391 0.521456 0.45304 0.702788 0.45304 0.693636 0.430197 0.702788 0.430197 0.693636 0.411712 0.702788 0.411712 0.693636 0.395446 0.702788 0.395446 0.693636 0.382569 0.702788 0.382569 0.693636 0.37135 0.702788 0.37135 0.693636 0.0578935 0.521456 0.0578935 0.527023 0.627877 0.781934 0.614168 0.781934 0.614168 0.791522 0.627877 0.791522 0.641931 0.781934 0.641931 0.791522 0.657844 0.781934 0.657844 0.791522 0.678715 0.781934 0.678715 0.791522 0.703432 0.781934 0.703432 0.791522 0.20231 0.491598 0.331852 0.491598 0.331852 0.486137 0.20231 0.486137 0.174823 0.486137 0.174823 0.491598 0.14562 0.491598 0.14562 0.486137 0.0643693 0.486137 0.0643693 0.491598 0.0776262 0.491598 0.0776262 0.486137 0.0954635 0.486137 0.0954635 0.491598 0.117506 0.491598 0.117506 0.486137 0.308255 0.472778 0.308255 0.464062 0.199326 0.464062 0.199326 0.472778 0.230811 0.401051 0.386708 0.401051 0.386708 0.393424 0.230811 0.393424 0.198354 0.393424 0.198354 0.401051 0.147682 0.393424 0.147682 0.401051 0.121574 0.393424 0.121574 0.401051 0.0950723 0.393424 0.0950723 0.401051 0.0749163 0.393424 0.0749163 0.401051 0.0578935 0.393424 0.0578935 0.401051 0.0578935 0.486137 0.0578935 0.491598 0.0766144 0.472778 0.0766144 0.464062 0.0578935 0.464062 0.0578935 0.472778 0.0972344 0.472778 0.0972344 0.464062 0.122013 0.472778 0.122013 0.464062 0.145531 0.472778 0.145531 0.464062 0.178987 0.472778 0.178987 0.464062 0.36026 0.491598 0.36026 0.486137 0.388637 0.491598 0.388637 0.486137 0.449849 0.486137 0.442222 0.486137 0.442222 0.491598 0.449849 0.491598 0.428532 0.486137 0.411087 0.486137 0.411087 0.491598 0.428532 0.491598 0.418147 0.393424 0.418147 0.401051 0.441409 0.393424 0.441409 0.401051 0.47167 0.393424 0.47167 0.401051 0.494515 0.393424 0.494515 0.401051 0.508831 0.393424 0.508831 0.401051 0.527623 0.393424 0.527623 0.401051 0.451477 0.491598 0.451477 0.486137 0.447148 0.472778 0.46627 0.472778 0.46627 0.464062 0.447148 0.464062 0.431169 0.472778 0.431169 0.464062 0.407708 0.472778 0.407708 0.464062 0.383506 0.472778 0.383506 0.464062 0.348356 0.472778 0.348356 0.464062 0.640025 0.600924 0.647273 0.641072 0.37135 0.641072 0.378597 0.600924 0.902083 0.764274 0.902083 0.772188 0.640658 0.772188 0.640658 0.764274 0.374183 0.588093 0.366935 0.547945 0.642857 0.547945 0.635609 0.588093 0.36252 0.653902 0.638444 0.653902 0.638444 0.661816 0.36252 0.661816 0.990338 0.274314 0.991574 0.27796 0.942073 0.27796 0.932497 0.235665 0.886035 0.235328 0.874842 0.203702 0.834853 0.235784 0.817253 0.177095 0.80862 0.70155 0.808729 0.693636 0.869892 0.693636 0.869892 0.70155 0.866754 0.158758 0.817253 0.158758 0.818489 0.155112 0.87633 0.116463 0.933985 0.0845004 0.991574 0.0578935 0.973994 0.116475 0.922805 0.11607 0.892989 0.27796 0.838199 0.27796 0.766312 0.70155 0.766312 0.693637 0.970628 0.158758 0.915838 0.158758 0.990338 0.281606 0.932497 0.320254 0.874842 0.352217 0.886035 0.320592 0.817253 0.378824 0.834853 0.320135 0.662732 0.693637 0.723895 0.693636 0.724003 0.70155 0.662732 0.70155 0.818489 0.162403 0.87633 0.201052 0.933985 0.233015 0.922805 0.201445 0.973994 0.20104 0.991574 0.259622 0.990338 0.274314 0.932497 0.235665 0.942073 0.27796 0.991574 0.27796 0.874842 0.203702 0.886035 0.235328 0.817253 0.177095 0.834853 0.235784 0.869892 0.693636 0.808729 0.693636 0.80862 0.70155 0.869892 0.70155 0.818489 0.155112 0.817253 0.158758 0.866754 0.158758 0.87633 0.116463 0.933985 0.0845004 0.922805 0.11607 0.973994 0.116475 0.991574 0.0578935 0.892989 0.27796 0.838199 0.27796 0.766312 0.693637 0.766312 0.70155 0.915838 0.158758 0.970628 0.158758 0.990338 0.281606 0.932497 0.320254 0.886035 0.320592 0.874842 0.352217 0.834853 0.320135 0.817253 0.378824 0.724003 0.70155 0.723895 0.693636 0.662732 0.693637 0.662732 0.70155 0.818489 0.162403 0.87633 0.201052 0.933985 0.233015 0.991574 0.259622 0.973994 0.20104 0.922805 0.201445 0.361681 0.570434 0.0651413 0.570434 0.0578935 0.530286 0.368929 0.530286 0.0578935 0.626497 0.0578935 0.618584 0.368927 0.618583 0.368927 0.626497 0.361681 0.574435 0.368928 0.614582 0.0578935 0.614582 0.0651412 0.574435 0.645822 0.715711 0.645822 0.723624 0.349276 0.723625 0.349276 0.715711 0.756272 0.636832 0.803716 0.621913 0.812092 0.624647 0.816294 0.639644 0.755865 0.62093 0.715416 0.637368 0.714312 0.625792 0.666157 0.636685 0.816194 0.657659 0.756272 0.660065 0.71545 0.659545 0.666544 0.660069 0.653247 0.642654 0.653467 0.653295 0.803672 0.674886 0.811981 0.672356 0.714389 0.671114 0.755872 0.675958 0.80552 0.595446 0.796703 0.597973 0.748989 0.582013 0.809539 0.579708 0.748959 0.597474 0.708382 0.592517 0.708953 0.581283 0.661117 0.581751 0.748989 0.559373 0.809529 0.561693 0.708965 0.560052 0.661383 0.559555 0.647354 0.576924 0.647536 0.564547 0.796697 0.543618 0.805506 0.545963 0.708417 0.548838 0.748967 0.543919 0.815774 0.621306 0.822524 0.639281 0.807281 0.617522 0.809492 0.59923 0.800034 0.602408 0.712005 0.622219 0.755816 0.61686 0.706123 0.595967 0.748849 0.601462 0.66515 0.634883 0.660222 0.583551 0.651349 0.653663 0.651289 0.642396 0.712056 0.674757 0.665398 0.662009 0.755819 0.680117 0.807253 0.67933 0.822324 0.65804 0.815636 0.675656 0.645073 0.577304 0.815642 0.579898 0.81567 0.561511 0.645343 0.564006 0.748855 0.539841 0.800059 0.539116 0.809527 0.542139 0.706136 0.545317 0.660402 0.557626 0.8173 0.619733 0.824678 0.638885 0.807751 0.615467 0.711463 0.619422 0.755678 0.614168 0.664123 0.632416 0.649488 0.654664 0.649698 0.641393 0.711497 0.677623 0.664321 0.664456 0.755679 0.682902 0.807741 0.681472 0.824426 0.658466 0.817194 0.677281 0.0585296 0.421862 0.0582458 0.420085 0.160624 0.419841 0.160613 0.421803 0.058036 0.418301 0.160642 0.417877 0.0578935 0.41651 0.160656 0.415913 0.0579395 0.448994 0.0579315 0.445235 0.160529 0.446086 0.160513 0.448778 0.0580708 0.443443 0.160532 0.444121 0.0582766 0.441661 0.160532 0.442158 0.0585569 0.439888 0.160539 0.440196 0.0585569 0.438114 0.160555 0.438234 0.0582764 0.436338 0.160568 0.436272 0.0580704 0.434554 0.160588 0.434309 0.057931 0.432762 0.160604 0.432346 0.057916 0.428994 0.160616 0.429655 0.0580529 0.427199 0.160617 0.42769 0.0582556 0.425416 0.160614 0.425727 0.0585331 0.42364 0.160618 0.423764 0.310818 0.421618 0.310831 0.423627 0.310812 0.419609 0.310807 0.417599 0.310803 0.415587 0.310837 0.446148 0.310845 0.448567 0.310839 0.444136 0.310842 0.442126 0.310845 0.440117 0.310847 0.438106 0.310842 0.436096 0.310838 0.434085 0.310835 0.432072 0.310827 0.429655 0.310828 0.427644 0.310829 0.425635 0.460775 0.421363 0.460778 0.423273 0.460781 0.419441 0.460795 0.417486 0.460814 0.415499 0.460917 0.445617 0.460923 0.448621 0.460874 0.443654 0.460839 0.441723 0.460815 0.439819 0.460804 0.437927 0.460804 0.436025 0.460814 0.434094 0.460835 0.432131 0.460843 0.429103 0.460812 0.427132 0.46079 0.425191 0.259342 0.770815 0.259342 0.76869 0.255612 0.768689 0.255612 0.770815 0.15231 0.781664 0.154663 0.782097 0.15231 0.782531 0.152595 0.780848 0.153132 0.780427 0.153856 0.780356 0.155501 0.780356 0.156224 0.780427 0.156761 0.780848 0.157047 0.781664 0.157047 0.782531 0.156761 0.783347 0.156224 0.783768 0.155501 0.783838 0.153856 0.783838 0.153132 0.783768 0.152595 0.783347 0.253967 0.768886 0.253967 0.770619 0.262188 0.770318 0.262776 0.770014 0.262776 0.769491 0.262188 0.769187 0.260977 0.770619 0.260977 0.768886 0.252744 0.769187 0.252744 0.770318 0.252148 0.769491 0.252148 0.770014 0.483856 0.420115 0.487078 0.419934 0.486891 0.422026 0.483619 0.421934 0.151105 0.779202 0.150606 0.781092 0.150606 0.783103 0.486715 0.424184 0.4835 0.423747 0.484148 0.418332 0.48733 0.418346 0.152043 0.778007 0.484491 0.416502 0.48765 0.416959 0.153307 0.777519 0.483668 0.444867 0.48672 0.444769 0.487099 0.447681 0.484105 0.448491 0.156181 0.777519 0.483477 0.443116 0.486555 0.443376 0.157445 0.778007 0.483311 0.441386 0.486443 0.441792 0.158383 0.779202 0.483183 0.439609 0.486401 0.439709 0.158882 0.781092 0.483155 0.437828 0.486343 0.437563 0.158882 0.783104 0.483197 0.43605 0.486306 0.435476 0.158383 0.784993 0.483272 0.434326 0.486334 0.433867 0.157445 0.786188 0.483353 0.432594 0.486398 0.432439 0.156181 0.786676 0.483442 0.429057 0.486531 0.429371 0.153307 0.786676 0.483449 0.427302 0.486533 0.427919 0.152043 0.786188 0.483455 0.425553 0.486578 0.426289 0.151105 0.784993 0.479499 0.421701 0.479638 0.419909 0.479418 0.423439 0.479814 0.418015 0.480013 0.415997 0.479722 0.44908 0.479465 0.445111 0.479346 0.443197 0.479245 0.44138 0.479175 0.439646 0.479149 0.437949 0.479171 0.436229 0.479219 0.434443 0.479278 0.432583 0.479347 0.428875 0.479358 0.427 0.479377 0.425191 0.330382 0.371941 0.330429 0.388848 0.287643 0.388973 0.287592 0.372065 0.370932 0.371833 0.370975 0.388739 0.411482 0.371732 0.411522 0.38864 0.452035 0.37164 0.452071 0.388548 0.49259 0.371556 0.492623 0.388466 0.533147 0.37148 0.533177 0.388391 0.573707 0.371412 0.573734 0.388323 0.614269 0.37135 0.614294 0.388262 0.0984721 0.349881 0.0984941 0.3668 0.0579178 0.366855 0.0578935 0.349936 0.139051 0.349831 0.139071 0.366749 0.17963 0.349785 0.179648 0.366703 0.220206 0.349742 0.220223 0.36666 0.26078 0.349702 0.260796 0.366618 0.30135 0.349663 0.301366 0.366578 0.341915 0.349624 0.341932 0.366537 0.382475 0.349583 0.382494 0.366494 0.425273 0.349539 0.425291 0.366447 0.251982 0.389084 0.251928 0.372176 0.460934 0.3495 0.460953 0.366407 0.219138 0.389195 0.219081 0.372283 0.49377 0.349464 0.49379 0.366369 0.188996 0.389302 0.188935 0.372388 0.5239 0.34943 0.52392 0.366333 0.159042 0.389413 0.158979 0.372497 0.553833 0.349395 0.553853 0.366298 0.133423 0.389511 0.133358 0.372593 0.579431 0.349365 0.57945 0.366267 0.108764 0.389607 0.108698 0.372688 0.604057 0.349336 0.604078 0.366237 0.0579598 0.389807 0.0578935 0.372888 0.6537 0.349276 0.65372 0.366176 0.141117 0.680678 0.123169 0.721486 0.0943721 0.733197 0.0991272 0.688962 0.0737426 0.722679 0.0667232 0.713355 0.0123233 0.518165 0.0123233 0.508151 0.0585621 0.508151 0.0585621 0.518165 0.104763 0.508151 0.104763 0.518165 0.150924 0.508151 0.150924 0.518165 0.197045 0.508151 0.197045 0.518165 0.243125 0.508151 0.243125 0.518165 0.289162 0.508181 0.289162 0.518135 0.337153 0.508211 0.337153 0.518104 0.385097 0.508211 0.385097 0.518104 0.432993 0.508211 0.432993 0.518104 0.48084 0.508211 0.48084 0.518104 0.52864 0.508211 0.52864 0.518104 0.576395 0.508211 0.576395 0.518104 0.624105 0.508211 0.624105 0.518104 0.357871 0.660603 0.351127 0.670129 0.330809 0.681242 0.324768 0.637168 0.301678 0.670375 0.282552 0.630114 0.176626 0.677301 0.151238 0.71396 0.273401 0.663673 0.24696 0.627777 0.209447 0.675977 0.184165 0.709498 0.240357 0.660175 0.214114 0.627413 0.23958 0.676705 0.216147 0.708951 0.208373 0.660564 0.184016 0.629022 0.269513 0.677612 0.245783 0.710199 0.178786 0.662678 0.154121 0.630804 0.294728 0.682099 0.272597 0.7136 0.152083 0.666862 0.129048 0.636027 0.31878 0.687491 0.293952 0.72114 0.130958 0.675023 0.105174 0.642127 0.323813 0.739941 0.331448 0.783772 0.301948 0.773967 0.281372 0.734419 0.357741 0.762165 0.351347 0.771928 0.081723 0.494561 0.081723 0.504016 0.0402056 0.506693 0.0402056 0.494561 0.123232 0.494561 0.123232 0.504016 0.164733 0.494561 0.164733 0.504016 0.206223 0.494561 0.206223 0.504016 0.2477 0.494561 0.2477 0.504016 0.289162 0.494764 0.289162 0.503813 0.345744 0.494967 0.345744 0.503611 0.402299 0.494967 0.402299 0.503611 0.458823 0.494967 0.458823 0.503611 0.515315 0.494967 0.515315 0.503611 0.571772 0.494967 0.571772 0.503611 0.628197 0.494967 0.628197 0.503611 0.672498 0.494967 0.672498 0.503611 0.38568 0.74821 0.381675 0.792516 0.360866 0.78235 0.353691 0.773145 0.427526 0.73922 0.410274 0.780319 0.273447 0.768292 0.245718 0.73337 0.462973 0.735246 0.438213 0.772322 0.240299 0.765991 0.212881 0.734194 0.495767 0.73337 0.471061 0.767306 0.20835 0.767535 0.18286 0.736889 0.525908 0.733592 0.503029 0.766221 0.178858 0.770717 0.153049 0.73975 0.555853 0.733995 0.532682 0.766971 0.152324 0.775863 0.128182 0.745876 0.58114 0.738058 0.559549 0.76992 0.131507 0.784783 0.104534 0.752828 0.605269 0.743052 0.581028 0.7771 0.366632 0.704484 0.315585 0.733919 0.110755 0.798948 0.0578935 0.772911 0.109892 0.685352 0.0578935 0.657359 0.6532 0.75609 0.602547 0.786447 0.231618 0.7901 0.172693 0.7901 0.17268 0.773189 0.231606 0.773104 0.683443 0.754781 0.658317 0.754781 0.658318 0.737785 0.683443 0.737785 0.70609 0.754781 0.70609 0.737785 0.977849 0.0483999 0.918795 0.0483999 0.918807 0.0314042 0.977861 0.0314888 0.867437 0.728292 0.844791 0.728292 0.844791 0.711296 0.867438 0.711296 0.890899 0.728293 0.890899 0.711297 0.733119 0.754781 0.733119 0.737785 0.762781 0.754781 0.762781 0.737785 0.794768 0.754781 0.794768 0.737786 0.827996 0.754781 0.827996 0.737786 0.857056 0.754781 0.857056 0.737786 0.888143 0.754781 0.888143 0.737785 0.693825 0.728292 0.662733 0.728293 0.662732 0.711297 0.693825 0.711296 0.722885 0.728292 0.722885 0.711296 0.756113 0.728292 0.756114 0.711296 0.7881 0.728292 0.7881 0.711296 0.817762 0.728292 0.817762 0.711296 0.342743 0.477307 0.342743 0.482659 0.222043 0.482659 0.222043 0.477307 0.187863 0.482659 0.187863 0.477307 0.144762 0.482659 0.144762 0.477307 0.0638863 0.477307 0.0764394 0.477307 0.0764394 0.482659 0.0638863 0.482659 0.0939087 0.477307 0.116494 0.477307 0.116494 0.482659 0.0939087 0.482659 0.215737 0.450818 0.340861 0.450818 0.340861 0.459946 0.215737 0.459946 0.365375 0.402254 0.365375 0.41041 0.236661 0.41041 0.236661 0.402254 0.196552 0.402254 0.196552 0.41041 0.144254 0.402254 0.144254 0.41041 0.113501 0.402254 0.113501 0.41041 0.0918457 0.402254 0.0918457 0.41041 0.0712251 0.402254 0.0712251 0.41041 0.0578935 0.402254 0.0578935 0.41041 0.0578935 0.482659 0.0578935 0.477307 0.0691477 0.459946 0.0578935 0.459946 0.0578935 0.450818 0.0691477 0.450818 0.0893877 0.459946 0.0893877 0.450818 0.11415 0.459946 0.11415 0.450818 0.145332 0.459946 0.145332 0.450818 0.178548 0.459946 0.178548 0.450818 0.371241 0.477307 0.371241 0.482659 0.39985 0.482659 0.39985 0.477307 0.459953 0.477307 0.459953 0.482659 0.453015 0.482659 0.453015 0.477307 0.440018 0.477307 0.440018 0.482659 0.422891 0.482659 0.422891 0.477307 0.404363 0.402254 0.404363 0.41041 0.435554 0.402254 0.435554 0.41041 0.463825 0.402254 0.463825 0.41041 0.487639 0.402254 0.487639 0.41041 0.50743 0.402254 0.50743 0.41041 0.521245 0.402254 0.521245 0.41041 0.463606 0.477307 0.463606 0.482659 0.462736 0.459946 0.462736 0.450818 0.47314 0.450818 0.47314 0.459946 0.447962 0.459946 0.447962 0.450818 0.428253 0.459946 0.428253 0.450818 0.399494 0.459946 0.399494 0.450818 0.363159 0.459946 0.363159 0.450818 0.756272 0.636832 0.803716 0.621913 0.812092 0.624647 0.816294 0.639644 0.755865 0.62093 0.715416 0.637368 0.714312 0.625792 0.666157 0.636685 0.816194 0.657659 0.756272 0.660065 0.71545 0.659545 0.666544 0.660069 0.653247 0.642654 0.653467 0.653295 0.803672 0.674886 0.811981 0.672356 0.714389 0.671114 0.755872 0.675958 0.80552 0.595446 0.796703 0.597973 0.748989 0.582013 0.809539 0.579708 0.748959 0.597474 0.708382 0.592517 0.708953 0.581283 0.661117 0.581751 0.748989 0.559373 0.809529 0.561693 0.708965 0.560052 0.661383 0.559555 0.647354 0.576924 0.647536 0.564547 0.796697 0.543618 0.805506 0.545963 0.708417 0.548838 0.748967 0.543919 0.815774 0.621306 0.822524 0.639281 0.807281 0.617522 0.809492 0.59923 0.800034 0.602408 0.712005 0.622219 0.755816 0.61686 0.706123 0.595967 0.748849 0.601462 0.66515 0.634883 0.660222 0.583551 0.651349 0.653663 0.651289 0.642396 0.712056 0.674757 0.665398 0.662009 0.755819 0.680117 0.807253 0.67933 0.822324 0.65804 0.815636 0.675656 0.645073 0.577304 0.815642 0.579898 0.81567 0.561511 0.645343 0.564006 0.748855 0.539841 0.800059 0.539116 0.809527 0.542139 0.706136 0.545317 0.660402 0.557626 0.8173 0.619733 0.824678 0.638885 0.807751 0.615467 0.711463 0.619422 0.755678 0.614168 0.664123 0.632416 0.649488 0.654664 0.649698 0.641393 0.711497 0.677623 0.664321 0.664456 0.755679 0.682902 0.807741 0.681472 0.824426 0.658466 0.817194 0.677281 0.0585296 0.421862 0.0582458 0.420085 0.160624 0.419841 0.160613 0.421803 0.058036 0.418301 0.160642 0.417877 0.0578935 0.41651 0.160656 0.415913 0.0579395 0.448994 0.0579315 0.445235 0.160529 0.446086 0.160513 0.448778 0.0580708 0.443443 0.160532 0.444121 0.0582766 0.441661 0.160532 0.442158 0.0585569 0.439888 0.160539 0.440196 0.0585569 0.438114 0.160555 0.438234 0.0582764 0.436338 0.160568 0.436272 0.0580704 0.434554 0.160588 0.434309 0.057931 0.432762 0.160604 0.432346 0.057916 0.428994 0.160616 0.429655 0.0580529 0.427199 0.160617 0.42769 0.0582556 0.425416 0.160614 0.425727 0.0585331 0.42364 0.160618 0.423764 0.310818 0.421618 0.310831 0.423627 0.310812 0.419609 0.310807 0.417599 0.310803 0.415587 0.310837 0.446148 0.310845 0.448567 0.310839 0.444136 0.310842 0.442126 0.310845 0.440117 0.310847 0.438106 0.310842 0.436096 0.310838 0.434085 0.310835 0.432072 0.310827 0.429655 0.310828 0.427644 0.310829 0.425635 0.460775 0.421363 0.460778 0.423273 0.460781 0.419441 0.460795 0.417486 0.460814 0.415499 0.460917 0.445617 0.460923 0.448621 0.460874 0.443654 0.460839 0.441723 0.460815 0.439819 0.460804 0.437927 0.460804 0.436025 0.460814 0.434094 0.460835 0.432131 0.460843 0.429103 0.460812 0.427132 0.46079 0.425191 0.259342 0.770815 0.259342 0.76869 0.255612 0.768689 0.255612 0.770815 0.15231 0.781664 0.154663 0.782097 0.15231 0.782531 0.152595 0.780848 0.153132 0.780427 0.153856 0.780356 0.155501 0.780356 0.156224 0.780427 0.156761 0.780848 0.157047 0.781664 0.157047 0.782531 0.156761 0.783347 0.156224 0.783768 0.155501 0.783838 0.153856 0.783838 0.153132 0.783768 0.152595 0.783347 0.253967 0.768886 0.253967 0.770619 0.262188 0.770318 0.262776 0.770014 0.262776 0.769491 0.262188 0.769187 0.260977 0.770619 0.260977 0.768886 0.252744 0.769187 0.252744 0.770318 0.252148 0.769491 0.252148 0.770014 0.483856 0.420115 0.487078 0.419934 0.486891 0.422026 0.483619 0.421934 0.151105 0.779202 0.150606 0.781092 0.150606 0.783103 0.486715 0.424184 0.4835 0.423747 0.484148 0.418332 0.48733 0.418346 0.152043 0.778007 0.484491 0.416502 0.48765 0.416959 0.153307 0.777519 0.483668 0.444867 0.48672 0.444769 0.487099 0.447681 0.484105 0.448491 0.156181 0.777519 0.483477 0.443116 0.486555 0.443376 0.157445 0.778007 0.483311 0.441386 0.486443 0.441792 0.158383 0.779202 0.483183 0.439609 0.486401 0.439709 0.158882 0.781092 0.483155 0.437828 0.486343 0.437563 0.158882 0.783104 0.483197 0.43605 0.486306 0.435476 0.158383 0.784993 0.483272 0.434326 0.486334 0.433867 0.157445 0.786188 0.483353 0.432594 0.486398 0.432439 0.156181 0.786676 0.483442 0.429057 0.486531 0.429371 0.153307 0.786676 0.483449 0.427302 0.486533 0.427919 0.152043 0.786188 0.483455 0.425553 0.486578 0.426289 0.151105 0.784993 0.479499 0.421701 0.479638 0.419909 0.479418 0.423439 0.479814 0.418015 0.480013 0.415997 0.479722 0.44908 0.479465 0.445111 0.479346 0.443197 0.479245 0.44138 0.479175 0.439646 0.479149 0.437949 0.479171 0.436229 0.479219 0.434443 0.479278 0.432583 0.479347 0.428875 0.479358 0.427 0.479377 0.425191 </float_array>
          <technique_common>
            <accessor count="1920" offset="0" source="#meshId2-tex0-array" stride="2">
              <param name="S" type="float" />
              <param name="T" type="float" />
            </accessor>
          </technique_common>
        </source>
        <vertices id="meshId2-vertices">
          <input semantic="POSITION" source="#meshId2-positions" />
        </vertices>
        <polylist count="2454" material="defaultMaterial">
          <input offset="0" semantic="VERTEX" source="#meshId2-vertices" />
          <input offset="0" semantic="NORMAL" source="#meshId2-normals" />
          <input offset="0" semantic="TANGENT" source="#meshId2-tangents" />
          <input offset="0" semantic="BINORMAL" source="#meshId2-bitangents" />
          <input offset="0" semantic="TEXCOORD" source="#meshId2-tex0" set="0" />
          <vcount>3 3 3 3 3 3 3 3 3 3 3 3 3 3 3 3 3 3 3 3 3 3 3 3 3 3 3 3 3 3 3 3 3 3 3 3 3 3 3 3 3 3 3 3 3 3 3 3 3 3 3 3 3 3 3 3 3 3 3 3 3 3 3 3 3 3 3 3 3 3 3 3 3 3 3 3 3 3 3 3 3 3 3 3 3 3 3 3 3 3 3 3 3 3 3 3 3 3 3 3 3 3 3 3 3 3 3 3 3 3 3 3 3 3 3 3 3 3 3 3 3 3 3 3 3 3 3 3 3 3 3 3 3 3 3 3 3 3 3 3 3 3 3 3 3 3 3 3 3 3 3 3 3 3 3 3 3 3 3 3 3 3 3 3 3 3 3 3 3 3 3 3 3 3 3 3 3 3 3 3 3 3 3 3 3 3 3 3 3 3 3 3 3 3 3 3 3 3 3 3 3 3 3 3 3 3 3 3 3 3 3 3 3 3 3 3 3 3 3 3 3 3 3 3 3 3 3 3 3 3 3 3 3 3 3 3 3 3 3 3 3 3 3 3 3 3 3 3 3 3 3 3 3 3 3 3 3 3 3 3 3 3 3 3 3 3 3 3 3 3 3 3 3 3 3 3 3 3 3 3 3 3 3 3 3 3 3 3 3 3 3 3 3 3 3 3 3 3 3 3 3 3 3 3 3 3 3 3 3 3 3 3 3 3 3 3 3 3 3 3 3 3 3 3 3 3 3 3 3 3 3 3 3 3 3 3 3 3 3 3 3 3 3 3 3 3 3 3 3 3 3 3 3 3 3 3 3 3 3 3 3 3 3 3 3 3 3 3 3 3 3 3 3 3 3 3 3 3 3 3 3 3 3 3 3 3 3 3 3 3 3 3 3 3 3 3 3 3 3 3 3 3 3 3 3 3 3 3 3 3 3 3 3 3 3 3 3 3 3 3 3 3 3 3 3 3 3 3 3 3 3 3 3 3 3 3 3 3 3 3 3 3 3 3 3 3 3 3 3 3 3 3 3 3 3 3 3 3 3 3 3 3 3 3 3 3 3 3 3 3 3 3 3 3 3 3 3 3 3 3 3 3 3 3 3 3 3 3 3 3 3 3 3 3 3 3 3 3 3 3 3 3 3 3 3 3 3 3 3 3 3 3 3 3 3 3 3 3 3 3 3 3 3 3 3 3 3 3 3 3 3 3 3 3 3 3 3 3 3 3 3 3 3 3 3 3 3 3 3 3 3 3 3 3 3 3 3 3 3 3 3 3 3 3 3 3 3 3 3 3 3 3 3 3 3 3 3 3 3 3 3 3 3 3 3 3 3 3 3 3 3 3 3 3 3 3 3 3 3 3 3 3 3 3 3 3 3 3 3 3 3 3 3 3 3 3 3 3 3 3 3 3 3 3 3 3 3 3 3 3 3 3 3 3 3 3 3 3 3 3 3 3 3 3 3 3 3 3 3 3 3 3 3 3 3 3 3 3 3 3 3 3 3 3 3 3 3 3 3 3 3 3 3 3 3 3 3 3 3 3 3 3 3 3 3 3 3 3 3 3 3 3 3 3 3 3 3 3 3 3 3 3 3 3 3 3 3 3 3 3 3 3 3 3 3 3 3 3 3 3 3 3 3 3 3 3 3 3 3 3 3 3 3 3 3 3 3 3 3 3 3 3 3 3 3 3 3 3 3 3 3 3 3 3 3 3 3 3 3 3 3 3 3 3 3 3 3 3 3 3 3 3 3 3 3 3 3 3 3 3 3 3 3 3 3 3 3 3 3 3 3 3 3 3 3 3 3 3 3 3 3 3 3 3 3 3 3 3 3 3 3 3 3 3 3 3 3 3 3 3 3 3 3 3 3 3 3 3 3 3 3 3 3 3 3 3 3 3 3 3 3 3 3 3 3 3 3 3 3 3 3 3 3 3 3 3 3 3 3 3 3 3 3 3 3 3 3 3 3 3 3 3 3 3 3 3 3 3 3 3 3 3 3 3 3 3 3 3 3 3 3 3 3 3 3 3 3 3 3 3 3 3 3 3 3 3 3 3 3 3 3 3 3 3 3 3 3 3 3 3 3 3 3 3 3 3 3 3 3 3 3 3 3 3 3 3 3 3 3 3 3 3 3 3 3 3 3 3 3 3 3 3 3 3 3 3 3 3 3 3 3 3 3 3 3 3 3 3 3 3 3 3 3 3 3 3 3 3 3 3 3 3 3 3 3 3 3 3 3 3 3 3 3 3 3 3 3 3 3 3 3 3 3 3 3 3 3 3 3 3 3 3 3 3 3 3 3 3 3 3 3 3 3 3 3 3 3 3 3 3 3 3 3 3 3 3 3 3 3 3 3 3 3 3 3 3 3 3 3 3 3 3 3 3 3 3 3 3 3 3 3 3 3 3 3 3 3 3 3 3 3 3 3 3 3 3 3 3 3 3 3 3 3 3 3 3 3 3 3 3 3 3 3 3 3 3 3 3 3 3 3 3 3 3 3 3 3 3 3 3 3 3 3 3 3 3 3 3 3 3 3 3 3 3 3 3 3 3 3 3 3 3 3 3 3 3 3 3 3 3 3 3 3 3 3 3 3 3 3 3 3 3 3 3 3 3 3 3 3 3 3 3 3 3 3 3 3 3 3 3 3 3 3 3 3 3 3 3 3 3 3 3 3 3 3 3 3 3 3 3 3 3 3 3 3 3 3 3 3 3 3 3 3 3 3 3 3 3 3 3 3 3 3 3 3 3 3 3 3 3 3 3 3 3 3 3 3 3 3 3 3 3 3 3 3 3 3 3 3 3 3 3 3 3 3 3 3 3 3 3 3 3 3 3 3 3 3 3 3 3 3 3 3 3 3 3 3 3 3 3 3 3 3 3 3 3 3 3 3 3 3 3 3 3 3 3 3 3 3 3 3 3 3 3 3 3 3 3 3 3 3 3 3 3 3 3 3 3 3 3 3 3 3 3 3 3 3 3 3 3 3 3 3 3 3 3 3 3 3 3 3 3 3 3 3 3 3 3 3 3 3 3 3 3 3 3 3 3 3 3 3 3 3 3 3 3 3 3 3 3 3 3 3 3 3 3 3 3 3 3 3 3 3 3 3 3 3 3 3 3 3 3 3 3 3 3 3 3 3 3 3 3 3 3 3 3 3 3 3 3 3 3 3 3 3 3 3 3 3 3 3 3 3 3 3 3 3 3 3 3 3 3 3 3 3 3 3 3 3 3 3 3 3 3 3 3 3 3 3 3 3 3 3 3 3 3 3 3 3 3 3 3 3 3 3 3 3 3 3 3 3 3 3 3 3 3 3 3 3 3 3 3 3 3 3 3 3 3 3 3 3 3 3 3 3 3 3 3 3 3 3 3 3 3 3 3 3 3 3 3 3 3 3 3 3 3 3 3 3 3 3 3 3 3 3 3 3 3 3 3 3 3 3 3 3 3 3 3 3 3 3 3 3 3 3 3 3 3 3 3 3 3 3 3 3 3 3 3 3 3 3 3 3 3 3 3 3 3 3 3 3 3 3 3 3 3 3 3 3 3 3 3 3 3 3 3 3 3 3 3 3 3 3 3 3 3 3 3 3 3 3 3 3 3 3 3 3 3 3 3 3 3 3 3 3 3 3 3 3 3 3 3 3 3 3 3 3 3 3 3 3 3 3 3 3 3 3 3 3 3 3 3 3 3 3 3 3 3 3 3 3 3 3 3 3 3 3 3 3 3 3 3 3 3 3 3 3 3 3 3 3 3 3 3 3 3 3 3 3 3 3 3 3 3 3 3 3 3 3 3 3 3 3 3 3 3 3 3 3 3 3 3 3 3 3 3 3 3 3 3 3 3 3 3 3 3 3 3 3 3 3 3 3 3 3 3 3 3 3 3 3 3 3 3 3 3 3 3 3 3 3 3 3 3 3 3 3 3 3 3 3 3 3 3 3 3 3 3 3 3 3 3 3 3 3 3 3 3 3 3 3 3 3 3 3 3 3 3 3 3 3 3 3 3 3 3 3 3 3 3 3 3 3 3 3 3 3 3 3 3 3 3 3 3 3 3 3 3 3 3 3 3 3 3 3 3 3 3 3 3 3 3 3 3 3 3 3 3 3 3 3 3 3 3 3 3 3 3 3 3 3 3 3 3 3 3 3 3 3 3 3 3 3 3 3 3 3 3 3 3 3 3 3 3 3 3 3 3 3 3 3 3 3 3 3 3 3 3 3 3 3 3 3 3 3 3 3 3 3 3 3 3 3 3 3 3 3 3 3 3 3 3 3 3 3 3 3 3 3 3 3 3 3 3 3 3 3 3 3 3 3 3 3 3 3 3 3 3 3 3 3 3 3 3 3 3 3 3 3 3 3 3 3 3 3 3 3 3 3 3 3 3 3 3 3 3 3 3 3 3 3 3 3 3 3 3 3 3 3 3 3 3 3 3 3 3 3 3 3 3 3 3 3 3 3 3 3 3 3 3 3 3 3 3 3 3 3 3 3 3 3 3 3 3 3 3 3 3 3 3 3 3 3 3 3 3 3 3 3 3 3 3 3 3 3 3 3 3 3 3 3 3 3 3 3 3 3 3 3 3 3 3 3 3 3 3 3 3 3 3 3 3 3 3 3 3 3 3 3 3 3 3 3 3 3 3 3 3 3 3 3 3 3 3 3 3 3 3 3 3 3 3 3 3 3 3 3 3 3 3 3 3 3 3 3 3 3 3 3 3 3 3 3 3 3 3 3 3 3 3 3 3 3 3 3 3 3 3 3 3 3 3 3 3 3 3 3 3 3 3 3 3 3 3 3 3 3 3 3 3 3 3 3 3 3 3 3 3 3 3 3 3 3 3 3 3 3 3 3 3 3 3 3 3 3 3 3 3 3 3 3 3 3 3 3 3 3 3 3 3 3 3 3 3 3 3 3 3 3 3 3 3 3 3 3 3 3 3 3 3 3 3 3 3 3 3 3 3 3 3 3 3 3 3 3 3 3 3 3 3 3 3 3 3 3 3 3 3 3 3 3 3 3 3 3 3 3 3 3 3 3 3 3 3 3 3 3 3 3 3 3 3 3 3 3 3 3 3 3 3 3 3 3 3 3 3 3 3 3 3 3 3 3 3 3 3 3 3 3 3 3 3 3 3 3 3 3 3 3 3 3 3 3 3 3 3 3 3 3 3 3 3 3 3 3 3 3 3 3 3 3 3 3 3 3 3 3 3 3 3 3 3 3 3 3 3 3 3 3 3 3 3 3 3 3 3 3 3 3 3 3 3 3 3 3 3 3 3 3 3 3 3 3 3 3 3 3 3 3 3 3 3 3 3 3 3 3 3 3 3 3 3 3 3 3 3 3 3 3 3 3 3 3 3 3 3 3 3 3 3 3 3 3 3 3 3 3 3 3 3 3 3 3 3 3 3 3 3 3 3 3 3 3 3 3 3 3 3 3 3 3 3 3 3 3 3 3 3 3 3 3 3 3 3 3 3 3 3 3 3 3 3 3 3 3 3 3 3 3 3 3 3 3 3 3 3 3 3 3 3 3 3 3 3 </vcount>
          <p>3 0 1 1 2 3 0 4 5 5 1 0 4 6 7 7 5 4 6 8 9 9 7 6 8 10 11 11 9 8 10 12 13 13 11 10 12 14 15 15 13 12 17 16 15 15 14 17 19 18 16 16 17 19 21 20 18 18 19 21 23 22 20 20 21 23 25 24 22 22 23 25 27 26 24 24 25 27 29 28 26 26 27 29 31 30 28 28 29 31 33 0 3 3 32 33 34 4 0 0 33 34 35 6 4 4 34 35 36 8 6 6 35 36 37 10 8 8 36 37 38 12 10 10 37 38 39 14 12 12 38 39 17 14 39 39 40 17 19 17 40 40 41 19 21 19 41 41 42 21 23 21 42 42 43 23 25 23 43 43 44 25 27 25 44 44 45 27 29 27 45 45 46 29 31 29 46 46 47 31 51 48 49 49 50 51 50 49 52 52 53 50 53 52 54 54 55 53 55 54 56 56 57 55 57 56 58 58 59 57 59 58 60 60 61 59 61 60 62 62 63 61 63 62 64 64 65 63 65 64 66 66 67 65 67 66 68 68 69 67 69 68 70 70 71 69 71 70 72 72 73 71 76 74 51 51 75 76 75 51 50 50 77 75 77 50 53 53 78 77 78 53 55 55 79 78 79 55 57 57 80 79 80 57 59 59 81 80 81 59 61 61 82 81 82 61 63 63 83 82 83 63 65 65 84 83 84 65 67 67 85 84 85 67 69 69 86 85 86 69 71 71 87 86 87 71 73 73 88 87 73 89 90 90 88 73 92 76 75 75 91 92 91 75 77 77 93 91 93 77 78 78 94 93 94 78 79 79 95 94 95 79 80 80 96 95 96 80 81 81 97 96 97 81 82 82 98 97 98 82 83 83 99 98 99 83 84 84 100 99 100 84 85 85 101 100 101 85 86 86 102 101 102 86 87 87 103 102 103 87 88 88 104 103 88 90 105 105 104 88 108 106 92 92 107 108 107 92 91 91 109 107 109 91 93 93 110 109 110 93 94 94 111 110 111 94 95 95 112 111 112 95 96 96 113 112 113 96 97 97 114 113 114 97 98 98 115 114 115 98 99 99 116 115 116 99 100 100 117 116 117 100 101 101 118 117 118 101 102 102 119 118 119 102 103 103 120 119 120 103 104 104 121 120 104 105 122 122 121 104 124 108 107 107 123 124 123 107 109 109 125 123 125 109 110 110 126 125 126 110 111 111 127 126 127 111 112 112 128 127 128 112 113 113 129 128 129 113 114 114 130 129 130 114 115 115 131 130 131 115 116 116 132 131 132 116 117 117 133 132 133 117 118 118 134 133 134 118 119 119 135 134 135 119 120 120 136 135 136 120 121 121 137 136 121 122 138 138 137 121 140 123 125 125 139 140 139 125 126 126 141 139 141 126 127 127 142 141 142 127 128 128 143 142 143 128 129 129 144 143 144 129 130 130 145 144 145 130 131 131 146 145 146 131 132 132 147 146 147 132 133 133 148 147 148 133 134 134 149 148 149 134 135 135 150 149 150 135 136 136 151 150 151 136 137 137 152 151 137 138 153 153 152 137 155 140 139 139 154 155 154 139 141 141 156 154 156 141 142 142 157 156 157 142 143 143 158 157 158 143 144 144 159 158 159 144 145 145 160 159 160 145 146 146 161 160 161 146 147 147 162 161 162 147 148 148 163 162 163 148 149 149 164 163 164 149 150 150 165 164 165 150 151 151 166 165 166 151 152 152 167 166 152 153 168 168 167 152 172 169 170 170 171 172 169 173 174 174 170 169 173 175 176 176 174 173 175 177 178 178 176 175 177 179 180 180 178 177 179 181 182 182 180 179 181 183 184 184 182 181 183 185 186 186 184 183 185 187 188 188 186 185 187 189 190 190 188 187 189 191 192 192 190 189 191 193 194 194 192 191 193 195 196 196 194 193 195 197 198 198 196 195 197 199 200 200 198 197 202 201 169 169 172 202 201 203 173 173 169 201 203 204 175 175 173 203 204 205 177 177 175 204 205 206 179 179 177 205 206 207 181 181 179 206 207 208 183 183 181 207 208 209 185 185 183 208 209 210 187 187 185 209 210 211 189 189 187 210 211 212 191 191 189 211 212 213 193 193 191 212 213 214 195 195 193 213 214 215 197 197 195 214 215 216 199 199 197 215 218 217 201 201 202 218 217 219 203 203 201 217 219 220 204 204 203 219 220 221 205 205 204 220 221 222 206 206 205 221 222 223 207 207 206 222 223 224 208 208 207 223 224 225 209 209 208 224 225 226 210 210 209 225 226 227 211 211 210 226 227 228 212 212 211 227 228 229 213 213 212 228 229 230 214 214 213 229 230 231 215 215 214 230 231 232 216 216 215 231 234 233 217 217 218 234 233 235 219 219 217 233 235 236 220 220 219 235 236 237 221 221 220 236 237 238 222 222 221 237 238 239 223 223 222 238 239 240 224 224 223 239 240 241 225 225 224 240 241 242 226 226 225 241 242 243 227 227 226 242 243 244 228 228 227 243 244 245 229 229 228 244 245 246 230 230 229 245 246 247 231 231 230 246 247 248 232 232 231 247 250 249 233 233 234 250 249 251 235 235 233 249 251 252 236 236 235 251 252 253 237 237 236 252 253 254 238 238 237 253 254 255 239 239 238 254 255 256 240 240 239 255 256 257 241 241 240 256 257 258 242 242 241 257 258 259 243 243 242 258 259 260 244 244 243 259 260 261 245 245 244 260 261 262 246 246 245 261 262 263 247 247 246 262 263 264 248 248 247 263 266 265 249 249 250 266 265 267 251 251 249 265 267 268 252 252 251 267 268 269 253 253 252 268 269 270 254 254 253 269 270 271 255 255 254 270 271 272 256 256 255 271 272 273 257 257 256 272 273 274 258 258 257 273 274 275 259 259 258 274 275 276 260 260 259 275 276 277 261 261 260 276 277 278 262 262 261 277 278 279 263 263 262 278 279 280 264 264 263 279 282 281 265 265 266 282 281 283 267 267 265 281 283 284 268 268 267 283 284 285 269 269 268 284 285 286 270 270 269 285 286 287 271 271 270 286 287 288 272 272 271 287 288 289 273 273 272 288 289 290 274 274 273 289 290 291 275 275 274 290 291 292 276 276 275 291 292 293 277 277 276 292 293 294 278 278 277 293 294 295 279 279 278 294 295 296 280 280 279 295 300 297 298 298 299 300 299 298 301 301 302 299 302 301 303 303 304 302 304 303 305 305 306 304 306 305 307 307 308 306 308 307 309 309 310 308 310 309 311 311 312 310 312 311 313 313 314 312 314 313 315 315 316 314 316 315 317 317 318 316 318 317 319 319 320 318 320 319 321 321 322 320 322 321 323 323 324 322 327 325 324 327 324 323 323 326 327 328 74 329 48 51 74 74 328 48 89 73 72 330 329 74 74 76 330 106 331 330 106 330 76 76 92 106 332 124 123 123 140 332 333 332 140 140 155 333 336 334 335 336 335 297 297 300 336 340 337 338 338 339 340 342 340 339 339 341 342 344 342 341 341 343 344 346 344 343 343 345 346 348 346 345 345 347 348 350 348 347 347 349 350 352 350 349 349 351 352 354 352 351 351 353 354 356 354 353 353 355 356 358 356 355 355 357 358 360 358 357 357 359 360 362 360 359 359 361 362 338 363 364 364 365 338 339 338 365 365 366 339 341 339 366 366 367 341 343 341 367 367 368 343 345 343 368 368 369 345 347 345 369 369 370 347 349 347 370 370 371 349 351 349 371 371 372 351 353 351 372 372 373 353 355 353 373 373 374 355 357 355 374 374 375 357 359 357 375 375 376 359 361 359 376 376 377 361 361 377 378 378 379 361 365 364 380 380 381 365 366 365 381 381 382 366 367 366 382 382 383 367 368 367 383 383 384 368 369 368 384 384 385 369 370 369 385 385 386 370 371 370 386 386 387 371 372 371 387 387 388 372 373 372 388 388 389 373 374 373 389 389 390 374 375 374 390 390 391 375 376 375 391 391 392 376 377 376 392 392 393 377 377 393 394 394 378 377 380 395 396 396 397 380 381 380 397 397 398 381 382 381 398 398 399 382 383 382 399 399 400 383 384 383 400 400 401 384 385 384 401 401 402 385 386 385 402 402 403 386 387 386 403 403 404 387 388 387 404 404 405 388 389 388 405 405 406 389 390 389 406 406 407 390 391 390 407 407 408 391 392 391 408 408 409 392 393 392 409 409 410 393 393 410 411 411 394 393 397 396 412 412 413 397 398 397 413 413 414 398 399 398 414 414 415 399 400 399 415 415 416 400 401 400 416 416 417 401 402 401 417 417 418 402 403 402 418 418 419 403 404 403 419 419 420 404 405 404 420 420 421 405 406 405 421 421 422 406 407 406 422 422 423 407 408 407 423 423 424 408 409 408 424 424 425 409 410 409 425 425 426 410 410 426 427 427 411 410 414 413 428 428 429 414 415 414 429 429 430 415 416 415 430 430 431 416 417 416 431 431 432 417 418 417 432 432 433 418 419 418 433 433 434 419 420 419 434 434 435 420 421 420 435 435 436 421 422 421 436 436 437 422 423 422 437 437 438 423 424 423 438 438 439 424 425 424 439 439 440 425 426 425 440 440 441 426 426 441 442 442 427 426 429 428 443 443 444 429 430 429 444 444 445 430 431 430 445 445 446 431 432 431 446 446 447 432 433 432 447 447 448 433 434 433 448 448 449 434 435 434 449 449 450 435 436 435 450 450 451 436 437 436 451 451 452 437 438 437 452 452 453 438 439 438 453 453 454 439 440 439 454 454 455 440 441 440 455 455 456 441 441 456 457 457 442 441 461 458 459 459 460 461 463 462 458 458 461 463 465 464 462 462 463 465 467 466 464 464 465 467 469 468 466 466 467 469 471 470 468 468 469 471 473 472 470 470 471 473 475 474 472 472 473 475 477 476 474 474 475 477 479 478 476 476 477 479 481 480 478 478 479 481 483 482 480 480 481 483 485 484 482 482 483 485 487 486 484 484 485 487 489 488 486 486 487 489 458 490 491 491 459 458 462 492 490 490 458 462 464 493 492 492 462 464 466 494 493 493 464 466 468 495 494 494 466 468 470 496 495 495 468 470 472 497 496 496 470 472 474 498 497 497 472 474 476 499 498 498 474 476 478 500 499 499 476 478 480 501 500 500 478 480 482 502 501 501 480 482 484 503 502 502 482 484 486 504 503 503 484 486 488 505 504 504 486 488 490 506 507 507 491 490 492 508 506 506 490 492 493 509 508 508 492 493 494 510 509 509 493 494 495 511 510 510 494 495 496 512 511 511 495 496 497 513 512 512 496 497 498 514 513 513 497 498 499 515 514 514 498 499 500 516 515 515 499 500 501 517 516 516 500 501 502 518 517 517 501 502 503 519 518 518 502 503 504 520 519 519 503 504 505 521 520 520 504 505 506 522 523 523 507 506 508 524 522 522 506 508 509 525 524 524 508 509 510 526 525 525 509 510 511 527 526 526 510 511 512 528 527 527 511 512 513 529 528 528 512 513 514 530 529 529 513 514 515 531 530 530 514 515 516 532 531 531 515 516 517 533 532 532 516 517 518 534 533 533 517 518 519 535 534 534 518 519 520 536 535 535 519 520 521 537 536 536 520 521 522 538 539 539 523 522 524 540 538 538 522 524 525 541 540 540 524 525 526 542 541 541 525 526 527 543 542 542 526 527 528 544 543 543 527 528 529 545 544 544 528 529 530 546 545 545 529 530 531 547 546 546 530 531 532 548 547 547 531 532 533 549 548 548 532 533 534 550 549 549 533 534 535 551 550 550 534 535 536 552 551 551 535 536 537 553 552 552 536 537 538 554 555 555 539 538 540 556 554 554 538 540 541 557 556 556 540 541 542 558 557 557 541 542 543 559 558 558 542 543 544 560 559 559 543 544 545 561 560 560 544 545 546 562 561 561 545 546 547 563 562 562 546 547 548 564 563 563 547 548 549 565 564 564 548 549 550 566 565 565 549 550 551 567 566 566 550 551 552 568 567 567 551 552 553 569 568 568 552 553 554 570 571 571 555 554 556 572 570 570 554 556 557 573 572 572 556 557 558 574 573 573 557 558 559 575 574 574 558 559 560 576 575 575 559 560 561 577 576 576 560 561 562 578 577 577 561 562 563 579 578 578 562 563 564 580 579 579 563 564 565 581 580 580 564 565 566 582 581 581 565 566 567 583 582 582 566 567 568 584 583 583 567 568 569 585 584 584 568 569 589 586 587 587 588 589 591 589 588 588 590 591 593 591 590 590 592 593 595 593 592 592 594 595 597 595 594 594 596 597 599 597 596 596 598 599 601 599 598 598 600 601 603 601 600 600 602 603 605 603 602 602 604 605 607 605 604 604 606 607 609 607 606 606 608 609 611 609 608 608 610 611 613 611 610 610 612 613 612 614 615 612 615 616 616 613 612 617 618 363 337 617 363 363 338 337 379 362 361 363 618 619 619 364 363 619 620 395 619 395 380 380 364 619 413 412 621 621 428 413 428 621 622 622 443 428 625 623 624 625 624 587 587 586 625 629 626 627 627 628 629 631 629 628 628 630 631 633 631 630 630 632 633 637 634 635 635 636 637 641 638 639 639 640 641 640 639 633 633 632 640 636 635 638 638 641 636 645 642 643 643 644 645 649 646 647 647 648 649 651 650 649 649 648 651 653 652 650 650 651 653 655 654 652 652 653 655 657 656 654 654 655 657 659 658 656 656 657 659 661 660 658 658 659 661 663 634 637 637 662 663 667 664 665 665 666 667 669 668 664 664 667 669 671 670 668 668 669 671 673 672 670 670 671 673 675 674 672 672 673 675 642 645 674 674 675 642 627 626 676 676 677 627 679 678 677 677 676 679 683 680 681 681 682 683 687 684 685 685 686 687 679 687 686 686 678 679 684 683 682 682 685 684 646 688 689 689 647 646 688 690 691 691 689 688 690 692 693 693 691 690 692 694 695 695 693 692 694 696 697 697 695 694 696 698 699 699 697 696 681 680 700 700 701 681 705 702 703 703 704 705 702 706 707 707 703 702 706 708 709 709 707 706 708 710 711 711 709 708 710 712 713 713 711 710 712 644 643 643 713 712 717 714 715 715 716 717 719 717 716 716 718 719 721 719 718 718 720 721 725 722 723 723 724 725 729 726 727 727 728 729 728 727 721 721 720 728 724 723 726 726 729 724 733 730 731 731 732 733 737 734 735 735 736 737 739 738 737 737 736 739 741 740 738 738 739 741 743 742 740 740 741 743 745 744 742 742 743 745 747 746 744 744 745 747 749 748 746 746 747 749 751 722 725 725 750 751 755 752 753 753 754 755 757 756 752 752 755 757 759 758 756 756 757 759 761 760 758 758 759 761 763 762 760 760 761 763 730 733 762 762 763 730 715 714 764 764 765 715 767 766 765 765 764 767 771 768 769 769 770 771 775 772 773 773 774 775 767 775 774 774 766 767 772 771 770 770 773 772 734 776 777 777 735 734 776 778 779 779 777 776 778 780 781 781 779 778 780 782 783 783 781 780 782 784 785 785 783 782 784 786 787 787 785 784 769 768 788 788 789 769 793 790 791 791 792 793 790 794 795 795 791 790 794 796 797 797 795 794 796 798 799 799 797 796 798 800 801 801 799 798 800 732 731 731 801 800 805 802 803 803 804 805 802 805 806 806 807 802 809 808 807 807 806 809 813 810 811 811 812 813 817 814 815 815 816 817 809 817 816 816 808 809 814 813 812 812 815 814 821 818 819 819 820 821 825 822 823 823 824 825 825 826 827 827 822 825 826 828 829 829 827 826 828 830 831 831 829 828 830 832 833 833 831 830 832 834 835 835 833 832 834 836 837 837 835 834 811 810 838 838 839 811 843 840 841 841 842 843 840 844 845 845 841 840 844 846 847 847 845 844 846 848 849 849 847 846 848 850 851 851 849 848 850 821 820 820 851 850 853 804 803 803 852 853 855 853 852 852 854 855 859 856 857 857 858 859 863 860 861 861 862 863 862 861 855 855 854 862 858 857 860 860 863 858 865 864 824 824 823 865 867 866 864 864 865 867 869 868 866 866 867 869 871 870 868 868 869 871 873 872 870 870 871 873 875 874 872 872 873 875 877 856 859 859 876 877 881 878 879 879 880 881 883 882 878 878 881 883 885 884 882 882 883 885 887 886 884 884 885 887 889 888 886 886 887 889 819 818 888 888 889 819 893 890 891 891 892 893 890 893 894 894 895 890 897 896 895 895 894 897 901 898 899 899 900 901 905 902 903 903 904 905 897 905 904 904 896 897 902 901 900 900 903 902 909 906 907 907 908 909 913 910 911 911 912 913 913 914 915 915 910 913 914 916 917 917 915 914 916 918 919 919 917 916 918 920 921 921 919 918 920 922 923 923 921 920 922 924 925 925 923 922 899 898 926 926 927 899 931 928 929 929 930 931 928 932 933 933 929 928 932 934 935 935 933 932 934 936 937 937 935 934 936 938 939 939 937 936 938 909 908 908 939 938 941 892 891 891 940 941 943 941 940 940 942 943 947 944 945 945 946 947 951 948 949 949 950 951 950 949 943 943 942 950 946 945 948 948 951 946 953 952 912 912 911 953 955 954 952 952 953 955 957 956 954 954 955 957 959 958 956 956 957 959 961 960 958 958 959 961 963 962 960 960 961 963 965 944 947 947 964 965 969 966 967 967 968 969 971 970 966 966 969 971 973 972 970 970 971 973 975 974 972 972 973 975 977 976 974 974 975 977 907 906 976 976 977 907 981 978 979 979 980 981 985 982 983 983 984 985 989 986 987 987 988 989 993 990 991 991 992 993 997 994 995 995 996 997 997 998 999 1001 999 998 998 1000 1001 1005 1002 1003 1003 1004 1005 1009 1006 1007 1007 1008 1009 1013 1010 1011 1011 1012 1013 1009 1010 1013 998 997 996 996 1014 998 1000 998 1014 1014 1015 1000 1002 1016 1017 1017 1003 1002 1012 1018 1019 1019 1013 1012 1013 1019 1006 1006 1009 1013 995 1020 1021 1021 996 995 1021 1022 1023 1023 1022 1024 1024 1025 1023 1029 1026 1027 1027 1028 1029 1031 1030 1007 1007 1006 1031 1035 1032 1033 1033 1034 1035 1031 1033 1032 996 1021 1023 1023 1014 996 1014 1023 1025 1025 1015 1014 1028 1027 1017 1017 1016 1028 1034 1033 1019 1019 1018 1034 1033 1031 1006 1006 1019 1033 1039 1036 1037 1037 1038 1039 1037 1040 1041 1041 1040 1042 1042 1043 1041 1047 1044 1045 1045 1046 1047 1051 1048 1049 1049 1050 1051 1055 1052 1053 1053 1054 1055 1051 1053 1052 1038 1037 1041 1041 1056 1038 1056 1041 1043 1043 1057 1056 1046 1045 1058 1058 1059 1046 1054 1053 1060 1060 1061 1054 1053 1051 1050 1050 1060 1053 1063 1062 1039 1039 1038 1063 1063 1064 1065 1067 1065 1064 1064 1066 1067 1071 1068 1069 1069 1070 1071 1073 1050 1049 1049 1072 1073 1077 1074 1075 1075 1076 1077 1073 1074 1077 1064 1063 1038 1038 1056 1064 1066 1064 1056 1056 1057 1066 1068 1059 1058 1058 1069 1068 1076 1061 1060 1060 1077 1076 1077 1060 1050 1050 1073 1077 1081 1078 1079 1079 1080 1081 1085 1082 1083 1083 1084 1085 1089 1086 1087 1087 1088 1089 1093 1090 1091 1091 1092 1093 1097 1094 1095 1095 1096 1097 1095 1094 1098 1094 1099 1100 1100 1098 1094 1101 1100 1099 1103 1094 1097 1097 1102 1103 1103 1104 1099 1099 1094 1103 1104 1105 1101 1101 1099 1104 1107 1106 1101 1101 1105 1107 1109 1108 1103 1103 1102 1109 1111 1110 1104 1104 1103 1111 1105 1104 1110 1115 1112 1113 1113 1114 1115 1114 1116 1117 1117 1118 1114 1117 1119 1118 1121 1115 1114 1114 1120 1121 1120 1114 1118 1118 1122 1120 1122 1118 1119 1119 1123 1122 1123 1119 1124 1124 1125 1123 1120 1126 1127 1127 1121 1120 1129 1120 1122 1122 1128 1129 1129 1126 1120 1128 1122 1123 1096 1130 1131 1131 1097 1096 1130 1096 1095 1095 1132 1130 1134 1113 1112 1112 1133 1134 1136 1098 1100 1100 1135 1136 1138 1137 1117 1117 1116 1138 1135 1100 1101 1101 1139 1135 1117 1137 1140 1140 1119 1117 1142 1106 1107 1107 1141 1142 1110 1143 1144 1144 1105 1110 1143 1110 1111 1111 1145 1143 1145 1111 1108 1108 1146 1145 1102 1147 1148 1148 1109 1102 1147 1102 1097 1097 1131 1147 1124 1119 1140 1140 1149 1124 1139 1101 1106 1106 1142 1139 1141 1107 1105 1105 1144 1141 1108 1111 1103 1113 1116 1114 1132 1095 1098 1098 1136 1132 1146 1108 1109 1109 1148 1146 1112 1115 1150 1150 1133 1112 1115 1121 1151 1151 1150 1115 1125 1124 1149 1149 1152 1125 1129 1153 1154 1154 1126 1129 1127 1155 1151 1151 1121 1127 1129 1128 1156 1156 1153 1129 1128 1123 1157 1157 1156 1128 1123 1125 1152 1152 1157 1123 1116 1113 1134 1134 1138 1116 1127 1126 1154 1154 1155 1127 1131 1130 1158 1158 1159 1131 1130 1132 1160 1160 1158 1130 1136 1135 1161 1161 1162 1136 1135 1139 1163 1163 1161 1135 1142 1141 1164 1164 1165 1142 1144 1143 1166 1166 1167 1144 1143 1145 1168 1168 1166 1143 1145 1146 1169 1169 1168 1145 1148 1147 1170 1170 1171 1148 1147 1131 1159 1159 1170 1147 1165 1163 1139 1139 1142 1165 1167 1164 1141 1141 1144 1167 1132 1136 1162 1162 1160 1132 1146 1148 1171 1171 1169 1146 1175 1172 1173 1173 1174 1175 1174 1173 1176 1176 1177 1174 1177 1176 1178 1178 1179 1177 1183 1180 1181 1181 1182 1183 1182 1181 1184 1184 1185 1182 1185 1184 1186 1186 1187 1185 1187 1186 1188 1188 1189 1187 1189 1188 1190 1190 1191 1189 1191 1190 1192 1192 1193 1191 1193 1192 1194 1194 1195 1193 1195 1194 1196 1196 1197 1195 1197 1196 1198 1198 1199 1197 1199 1198 1200 1200 1201 1199 1201 1200 1202 1202 1203 1201 1203 1202 1204 1204 1205 1203 1175 1206 1207 1207 1205 1175 1206 1175 1174 1174 1208 1206 1208 1174 1177 1177 1209 1208 1209 1177 1179 1179 1210 1209 1183 1182 1211 1211 1212 1183 1211 1182 1185 1185 1213 1211 1213 1185 1187 1187 1214 1213 1214 1187 1189 1189 1215 1214 1215 1189 1191 1191 1216 1215 1216 1191 1193 1193 1217 1216 1217 1193 1195 1195 1218 1217 1218 1195 1197 1197 1219 1218 1197 1199 1220 1220 1219 1197 1220 1199 1201 1201 1221 1220 1221 1201 1203 1203 1222 1221 1222 1203 1205 1205 1207 1222 1206 1223 1224 1224 1207 1206 1223 1206 1208 1208 1225 1223 1225 1208 1209 1209 1226 1225 1226 1209 1210 1210 1227 1226 1229 1212 1211 1211 1228 1229 1228 1211 1213 1213 1230 1228 1230 1213 1214 1214 1231 1230 1231 1214 1215 1215 1232 1231 1232 1215 1216 1216 1233 1232 1233 1216 1217 1217 1234 1233 1234 1217 1218 1218 1235 1234 1235 1218 1219 1219 1236 1235 1236 1219 1220 1220 1237 1236 1237 1220 1221 1221 1238 1237 1238 1221 1222 1222 1239 1238 1239 1222 1207 1207 1224 1239 1243 1240 1241 1241 1242 1243 1244 1245 1246 1244 1247 1245 1248 1245 1247 1248 1249 1245 1250 1245 1249 1251 1245 1250 1251 1252 1245 1253 1245 1252 1253 1254 1245 1255 1245 1254 1255 1256 1245 1257 1245 1256 1257 1258 1245 1258 1259 1245 1260 1245 1259 1260 1246 1245 1205 1204 1172 1172 1175 1205 1243 1242 1261 1261 1262 1243 1266 1263 1264 1264 1265 1266 1241 1240 1267 1267 1268 1241 1268 1267 1263 1263 1266 1268 1262 1261 1269 1269 1270 1262 1270 1269 1271 1271 1272 1270 1276 1273 1274 1274 1275 1276 1278 1277 1247 1247 1244 1278 1244 1246 1279 1279 1278 1244 1275 1280 1281 1281 1276 1275 1273 1282 1283 1283 1274 1273 1277 1284 1248 1248 1247 1277 1282 1285 1286 1286 1283 1282 1284 1287 1249 1249 1248 1284 1291 1288 1289 1289 1290 1291 1292 1250 1249 1249 1287 1292 1288 1293 1294 1294 1289 1288 1292 1295 1251 1251 1250 1292 1293 1296 1297 1297 1294 1293 1295 1298 1252 1252 1251 1295 1296 1299 1300 1300 1297 1296 1298 1301 1253 1253 1252 1298 1299 1302 1303 1303 1300 1299 1301 1304 1254 1254 1253 1301 1302 1305 1306 1306 1303 1302 1304 1307 1255 1255 1254 1304 1305 1308 1309 1309 1306 1305 1307 1310 1256 1256 1255 1307 1308 1311 1312 1312 1309 1308 1310 1313 1257 1257 1256 1310 1311 1314 1315 1315 1312 1311 1316 1258 1257 1257 1313 1316 1314 1317 1318 1318 1315 1314 1316 1319 1259 1259 1258 1316 1317 1320 1321 1321 1318 1317 1319 1322 1260 1260 1259 1319 1320 1281 1280 1280 1321 1320 1322 1279 1246 1246 1260 1322 1324 1323 1223 1223 1225 1324 1323 1324 1273 1273 1276 1323 1276 1281 1325 1325 1323 1276 1323 1325 1224 1224 1223 1323 1326 1324 1225 1225 1226 1326 1324 1326 1282 1282 1273 1324 1327 1326 1226 1226 1227 1327 1326 1327 1285 1285 1282 1326 1329 1328 1229 1229 1228 1329 1328 1329 1288 1288 1291 1328 1330 1329 1228 1228 1230 1330 1329 1330 1293 1293 1288 1329 1331 1330 1230 1230 1231 1331 1330 1331 1296 1296 1293 1330 1332 1331 1231 1231 1232 1332 1331 1332 1299 1299 1296 1331 1333 1332 1232 1232 1233 1333 1332 1333 1302 1302 1299 1332 1334 1333 1233 1233 1234 1334 1333 1334 1305 1305 1302 1333 1335 1334 1234 1234 1235 1335 1334 1335 1308 1308 1305 1334 1336 1335 1235 1235 1236 1336 1335 1336 1311 1311 1308 1335 1337 1336 1236 1236 1237 1337 1336 1337 1314 1314 1311 1336 1338 1337 1237 1237 1238 1338 1337 1338 1317 1317 1314 1337 1339 1338 1238 1238 1239 1339 1338 1339 1320 1320 1317 1338 1325 1339 1239 1239 1224 1325 1339 1325 1281 1281 1320 1339 1343 1340 1341 1341 1342 1343 1340 1344 1345 1345 1341 1340 1344 1346 1347 1347 1345 1344 1346 1348 1349 1349 1347 1346 1348 1350 1351 1351 1349 1348 1350 1352 1353 1353 1351 1350 1352 1354 1355 1355 1353 1352 1354 1356 1357 1357 1355 1354 1361 1358 1359 1359 1360 1361 1358 1362 1363 1363 1359 1358 1362 1364 1365 1365 1363 1362 1364 1366 1367 1367 1365 1364 1366 1368 1369 1369 1367 1366 1368 1370 1371 1371 1369 1368 1370 1372 1373 1373 1371 1370 1372 1374 1375 1375 1373 1372 1374 1376 1377 1377 1375 1374 1379 1343 1342 1342 1378 1379 1376 1380 1381 1381 1377 1376 1383 1379 1378 1378 1382 1383 1380 1384 1385 1385 1381 1380 1387 1383 1382 1382 1386 1387 1384 1388 1389 1389 1385 1384 1391 1387 1386 1386 1390 1391 1388 1392 1393 1393 1389 1388 1395 1391 1390 1390 1394 1395 1392 1396 1397 1397 1393 1392 1399 1395 1394 1394 1398 1399 1396 1400 1401 1401 1397 1396 1399 1398 1402 1402 1403 1399 1401 1400 1404 1404 1405 1401 1409 1406 1407 1407 1408 1409 1411 1409 1408 1408 1410 1411 1415 1412 1413 1413 1414 1415 1417 1415 1414 1414 1416 1417 1419 1417 1416 1416 1418 1419 1421 1419 1418 1418 1420 1421 1423 1421 1420 1420 1422 1423 1425 1423 1422 1422 1424 1425 1427 1425 1424 1424 1426 1427 1429 1427 1426 1426 1428 1429 1431 1429 1428 1428 1430 1431 1433 1431 1430 1430 1432 1433 1435 1433 1432 1432 1434 1435 1437 1435 1434 1434 1436 1437 1439 1437 1436 1436 1438 1439 1443 1440 1441 1441 1442 1443 1445 1443 1442 1442 1444 1445 1406 1446 1447 1447 1407 1406 1449 1445 1444 1444 1448 1449 1446 1450 1451 1451 1447 1446 1453 1449 1448 1448 1452 1453 1450 1454 1455 1455 1451 1450 1457 1453 1452 1452 1456 1457 1454 1458 1459 1459 1455 1454 1461 1457 1456 1456 1460 1461 1458 1462 1463 1463 1459 1458 1465 1461 1460 1460 1464 1465 1462 1466 1467 1467 1463 1462 1469 1465 1464 1464 1468 1469 1473 1470 1471 1471 1472 1473 1470 1474 1475 1475 1471 1470 1479 1476 1477 1477 1478 1479 1476 1480 1481 1481 1477 1476 1480 1482 1483 1483 1481 1480 1482 1484 1485 1485 1483 1482 1484 1486 1487 1487 1485 1484 1486 1488 1489 1489 1487 1486 1488 1490 1491 1491 1489 1488 1490 1492 1493 1493 1491 1490 1492 1494 1495 1495 1493 1492 1494 1496 1497 1497 1495 1494 1496 1498 1499 1499 1497 1496 1498 1500 1501 1501 1499 1498 1500 1502 1503 1503 1501 1500 1507 1504 1505 1505 1506 1507 1504 1508 1509 1509 1505 1504 1511 1473 1472 1472 1510 1511 1508 1512 1513 1513 1509 1508 1515 1511 1510 1510 1514 1515 1512 1516 1517 1517 1513 1512 1519 1515 1514 1514 1518 1519 1516 1520 1521 1521 1517 1516 1523 1519 1518 1518 1522 1523 1520 1524 1525 1525 1521 1520 1527 1523 1522 1522 1526 1527 1524 1528 1529 1529 1525 1524 1531 1527 1526 1526 1530 1531 1528 1532 1533 1533 1529 1528 1466 1534 1535 1535 1467 1466 1537 1531 1530 1530 1536 1537 1539 1469 1468 1468 1538 1539 1532 1540 1541 1541 1533 1532 1545 1542 1543 1543 1544 1545 1549 1546 1547 1547 1548 1549 1551 1550 1546 1546 1549 1551 1555 1552 1553 1553 1554 1555 1559 1556 1557 1557 1558 1559 1561 1560 1556 1556 1559 1561 1563 1562 1550 1550 1551 1563 1565 1564 1562 1562 1563 1565 1567 1566 1564 1564 1565 1567 1569 1568 1566 1566 1567 1569 1571 1570 1568 1568 1569 1571 1573 1572 1570 1570 1571 1573 1577 1574 1575 1575 1576 1577 1579 1578 1574 1574 1577 1579 1581 1580 1578 1578 1579 1581 1583 1582 1580 1580 1581 1583 1585 1584 1582 1582 1583 1585 1558 1557 1584 1584 1585 1558 1589 1586 1587 1587 1588 1589 1591 1589 1588 1588 1590 1591 1593 1591 1590 1590 1592 1593 1597 1594 1595 1595 1596 1597 1601 1598 1599 1599 1600 1601 1600 1599 1593 1593 1592 1600 1596 1595 1598 1598 1601 1596 1605 1602 1603 1603 1604 1605 1609 1606 1607 1607 1608 1609 1611 1610 1609 1609 1608 1611 1613 1612 1610 1610 1611 1613 1615 1614 1612 1612 1613 1615 1617 1616 1614 1614 1615 1617 1619 1618 1616 1616 1617 1619 1621 1620 1618 1618 1619 1621 1623 1594 1597 1597 1622 1623 1627 1624 1625 1625 1626 1627 1629 1628 1624 1624 1627 1629 1631 1630 1628 1628 1629 1631 1633 1632 1630 1630 1631 1633 1635 1634 1632 1632 1633 1635 1602 1605 1634 1634 1635 1602 1587 1586 1636 1636 1637 1587 1639 1638 1637 1637 1636 1639 1643 1640 1641 1641 1642 1643 1647 1644 1645 1645 1646 1647 1639 1647 1646 1646 1638 1639 1644 1643 1642 1642 1645 1644 1606 1648 1649 1649 1607 1606 1648 1650 1651 1651 1649 1648 1650 1652 1653 1653 1651 1650 1652 1654 1655 1655 1653 1652 1654 1656 1657 1657 1655 1654 1656 1658 1659 1659 1657 1656 1641 1640 1660 1660 1661 1641 1665 1662 1663 1663 1664 1665 1662 1666 1667 1667 1663 1662 1666 1668 1669 1669 1667 1666 1668 1670 1671 1671 1669 1668 1670 1672 1673 1673 1671 1670 1672 1604 1603 1603 1673 1672 1677 1674 1675 1675 1676 1677 1675 1674 1678 1674 1679 1680 1680 1678 1674 1681 1680 1679 1683 1674 1677 1677 1682 1683 1683 1684 1679 1679 1674 1683 1684 1685 1681 1681 1679 1684 1687 1686 1681 1681 1685 1687 1689 1688 1683 1683 1682 1689 1691 1690 1684 1684 1683 1691 1685 1684 1690 1695 1692 1693 1693 1694 1695 1694 1696 1697 1697 1698 1694 1697 1699 1698 1701 1695 1694 1694 1700 1701 1700 1694 1698 1698 1702 1700 1702 1698 1699 1699 1703 1702 1703 1699 1704 1704 1705 1703 1700 1706 1707 1707 1701 1700 1709 1700 1702 1702 1708 1709 1709 1706 1700 1708 1702 1703 1676 1710 1711 1711 1677 1676 1710 1676 1675 1675 1712 1710 1714 1693 1692 1692 1713 1714 1716 1678 1680 1680 1715 1716 1718 1717 1697 1697 1696 1718 1715 1680 1681 1681 1719 1715 1697 1717 1720 1720 1699 1697 1722 1686 1687 1687 1721 1722 1690 1723 1724 1724 1685 1690 1723 1690 1691 1691 1725 1723 1725 1691 1688 1688 1726 1725 1682 1727 1728 1728 1689 1682 1727 1682 1677 1677 1711 1727 1704 1699 1720 1720 1729 1704 1719 1681 1686 1686 1722 1719 1721 1687 1685 1685 1724 1721 1688 1691 1683 1693 1696 1694 1712 1675 1678 1678 1716 1712 1726 1688 1689 1689 1728 1726 1692 1695 1730 1730 1713 1692 1695 1701 1731 1731 1730 1695 1705 1704 1729 1729 1732 1705 1709 1733 1734 1734 1706 1709 1707 1735 1731 1731 1701 1707 1709 1708 1736 1736 1733 1709 1708 1703 1737 1737 1736 1708 1703 1705 1732 1732 1737 1703 1696 1693 1714 1714 1718 1696 1707 1706 1734 1734 1735 1707 1711 1710 1738 1738 1739 1711 1710 1712 1740 1740 1738 1710 1716 1715 1741 1741 1742 1716 1715 1719 1743 1743 1741 1715 1722 1721 1744 1744 1745 1722 1724 1723 1746 1746 1747 1724 1723 1725 1748 1748 1746 1723 1725 1726 1749 1749 1748 1725 1728 1727 1750 1750 1751 1728 1727 1711 1739 1739 1750 1727 1745 1743 1719 1719 1722 1745 1747 1744 1721 1721 1724 1747 1712 1716 1742 1742 1740 1712 1726 1728 1751 1751 1749 1726 1755 1752 1753 1753 1754 1755 1754 1753 1756 1756 1757 1754 1757 1756 1758 1758 1759 1757 1763 1760 1761 1761 1762 1763 1762 1761 1764 1764 1765 1762 1765 1764 1766 1766 1767 1765 1767 1766 1768 1768 1769 1767 1769 1768 1770 1770 1771 1769 1771 1770 1772 1772 1773 1771 1773 1772 1774 1774 1775 1773 1775 1774 1776 1776 1777 1775 1777 1776 1778 1778 1779 1777 1779 1778 1780 1780 1781 1779 1781 1780 1782 1782 1783 1781 1783 1782 1784 1784 1785 1783 1755 1786 1787 1787 1785 1755 1786 1755 1754 1754 1788 1786 1788 1754 1757 1757 1789 1788 1789 1757 1759 1759 1790 1789 1763 1762 1791 1791 1792 1763 1791 1762 1765 1765 1793 1791 1793 1765 1767 1767 1794 1793 1794 1767 1769 1769 1795 1794 1795 1769 1771 1771 1796 1795 1796 1771 1773 1773 1797 1796 1797 1773 1775 1775 1798 1797 1798 1775 1777 1777 1799 1798 1777 1779 1800 1800 1799 1777 1800 1779 1781 1781 1801 1800 1801 1781 1783 1783 1802 1801 1802 1783 1785 1785 1787 1802 1786 1803 1804 1804 1787 1786 1803 1786 1788 1788 1805 1803 1805 1788 1789 1789 1806 1805 1806 1789 1790 1790 1807 1806 1809 1792 1791 1791 1808 1809 1808 1791 1793 1793 1810 1808 1810 1793 1794 1794 1811 1810 1811 1794 1795 1795 1812 1811 1812 1795 1796 1796 1813 1812 1813 1796 1797 1797 1814 1813 1814 1797 1798 1798 1815 1814 1815 1798 1799 1799 1816 1815 1816 1799 1800 1800 1817 1816 1817 1800 1801 1801 1818 1817 1818 1801 1802 1802 1819 1818 1819 1802 1787 1787 1804 1819 1823 1820 1821 1821 1822 1823 1824 1825 1826 1824 1827 1825 1828 1825 1827 1828 1829 1825 1830 1825 1829 1831 1825 1830 1831 1832 1825 1833 1825 1832 1833 1834 1825 1835 1825 1834 1835 1836 1825 1837 1825 1836 1837 1838 1825 1838 1839 1825 1840 1825 1839 1840 1826 1825 1785 1784 1752 1752 1755 1785 1823 1822 1841 1841 1842 1823 1846 1843 1844 1844 1845 1846 1821 1820 1847 1847 1848 1821 1848 1847 1843 1843 1846 1848 1842 1841 1849 1849 1850 1842 1850 1849 1851 1851 1852 1850 1856 1853 1854 1854 1855 1856 1858 1857 1827 1827 1824 1858 1824 1826 1859 1859 1858 1824 1855 1860 1861 1861 1856 1855 1853 1862 1863 1863 1854 1853 1857 1864 1828 1828 1827 1857 1862 1865 1866 1866 1863 1862 1864 1867 1829 1829 1828 1864 1871 1868 1869 1869 1870 1871 1872 1830 1829 1829 1867 1872 1868 1873 1874 1874 1869 1868 1872 1875 1831 1831 1830 1872 1873 1876 1877 1877 1874 1873 1875 1878 1832 1832 1831 1875 1876 1879 1880 1880 1877 1876 1878 1881 1833 1833 1832 1878 1879 1882 1883 1883 1880 1879 1881 1884 1834 1834 1833 1881 1882 1885 1886 1886 1883 1882 1884 1887 1835 1835 1834 1884 1885 1888 1889 1889 1886 1885 1887 1890 1836 1836 1835 1887 1888 1891 1892 1892 1889 1888 1890 1893 1837 1837 1836 1890 1891 1894 1895 1895 1892 1891 1896 1838 1837 1837 1893 1896 1894 1897 1898 1898 1895 1894 1896 1899 1839 1839 1838 1896 1897 1900 1901 1901 1898 1897 1899 1902 1840 1840 1839 1899 1900 1861 1860 1860 1901 1900 1902 1859 1826 1826 1840 1902 1904 1903 1803 1803 1805 1904 1903 1904 1853 1853 1856 1903 1856 1861 1905 1905 1903 1856 1903 1905 1804 1804 1803 1903 1906 1904 1805 1805 1806 1906 1904 1906 1862 1862 1853 1904 1907 1906 1806 1806 1807 1907 1906 1907 1865 1865 1862 1906 1909 1908 1809 1809 1808 1909 1908 1909 1868 1868 1871 1908 1910 1909 1808 1808 1810 1910 1909 1910 1873 1873 1868 1909 1911 1910 1810 1810 1811 1911 1910 1911 1876 1876 1873 1910 1912 1911 1811 1811 1812 1912 1911 1912 1879 1879 1876 1911 1913 1912 1812 1812 1813 1913 1912 1913 1882 1882 1879 1912 1914 1913 1813 1813 1814 1914 1913 1914 1885 1885 1882 1913 1915 1914 1814 1814 1815 1915 1914 1915 1888 1888 1885 1914 1916 1915 1815 1815 1816 1916 1915 1916 1891 1891 1888 1915 1917 1916 1816 1816 1817 1917 1916 1917 1894 1894 1891 1916 1918 1917 1817 1817 1818 1918 1917 1918 1897 1897 1894 1917 1919 1918 1818 1818 1819 1919 1918 1919 1900 1900 1897 1918 1905 1919 1819 1819 1804 1905 1919 1905 1861 1861 1900 1919 </p>
        </polylist>
      </mesh>
    </geometry>
    <geometry id="meshId3" name="meshId3_name" >
      <mesh>
        <source id="meshId3-positions" name="meshId3-positions">
          <float_array id="meshId3-positions-array" count="2466"> -0.387129 0.141673 0.112253 -0.388243 0.140375 0.114241 -0.388998 0.142653 0.111833 -0.387727 0.143851 0.110581 -0.389346 0.138243 0.116277 -0.39025 0.140643 0.113368 -0.391235 0.143042 0.109073 -0.389833 0.144931 0.108039 -0.388404 0.14603 0.107524 -0.403776 0.131774 0.120413 -0.40459 0.134042 0.117885 -0.404493 0.133108 0.115562 -0.403348 0.130599 0.117212 -0.405149 0.136548 0.116777 -0.404816 0.135618 0.11435 -0.404202 0.134991 0.112507 -0.403834 0.132379 0.113419 -0.402644 0.129768 0.11477 -0.385271 0.146538 0.107151 -0.384736 0.144454 0.108994 -0.386413 0.14449 0.109236 -0.386976 0.146606 0.107244 -0.384485 0.142778 0.110688 -0.385849 0.142375 0.111229 -0.391906 0.131313 0.118181 -0.39316 0.130299 0.116345 -0.39414 0.132984 0.114473 -0.392884 0.134623 0.114993 -0.394781 0.129607 0.114864 -0.395847 0.132313 0.112953 -0.396688 0.135019 0.112156 -0.395121 0.135669 0.112602 -0.393901 0.136625 0.113142 -0.408475 0.133007 0.119193 -0.408937 0.135158 0.117869 -0.407287 0.135101 0.118953 -0.406811 0.132881 0.12026 -0.409306 0.137028 0.117097 -0.408101 0.13732 0.116904 -0.406897 0.137613 0.11671 -0.406154 0.135116 0.118928 -0.405666 0.132826 0.120346 -0.399558 0.129711 0.113822 -0.401387 0.129627 0.113844 -0.402319 0.132298 0.11228 -0.40053 0.132413 0.112254 -0.403026 0.13497 0.11183 -0.401279 0.135114 0.111801 -0.405183 0.134737 0.118938 -0.404681 0.132394 0.12039 -0.406023 0.13708 0.116744 -0.380725 0.144704 0.107249 -0.380106 0.142344 0.108489 -0.382495 0.143628 0.10897 -0.38301 0.145705 0.1072 -0.379739 0.140548 0.110681 -0.381981 0.141552 0.110741 -0.423519 0.129199 0.113987 -0.426167 0.129527 0.116713 -0.426092 0.131236 0.116661 -0.423272 0.131661 0.114782 -0.428816 0.129856 0.119439 -0.429239 0.131257 0.119185 -0.429374 0.132659 0.120222 -0.425729 0.132945 0.1179 -0.422084 0.133231 0.115578 -0.39059 0.135045 0.117446 -0.391938 0.137571 0.115418 -0.392582 0.140098 0.110907 -0.397134 0.129558 0.114093 -0.398156 0.13227 0.112439 -0.398954 0.134982 0.1119 -0.371821 0.143886 0.106748 -0.371545 0.142402 0.106726 -0.374271 0.142057 0.107612 -0.374624 0.143831 0.106876 -0.371268 0.140919 0.106705 -0.373918 0.140283 0.108349 -0.376269 0.139891 0.109682 -0.376562 0.141604 0.107871 -0.377107 0.143879 0.107011 -0.37836 0.141778 0.108301 -0.378949 0.144132 0.107161 -0.378022 0.139987 0.110393 -0.413588 0.134285 0.113144 -0.412997 0.136363 0.11333 -0.410951 0.135756 0.115643 -0.411019 0.133649 0.116203 -0.412406 0.138441 0.113516 -0.410883 0.137863 0.115083 -0.416716 0.134082 0.111922 -0.415981 0.136123 0.112484 -0.414574 0.136447 0.112356 -0.415326 0.134391 0.111869 -0.415246 0.138163 0.113045 -0.413822 0.138503 0.112843 -0.419896 0.132467 0.113841 -0.419476 0.13449 0.114287 -0.417815 0.135504 0.113234 -0.418241 0.133475 0.112848 -0.418462 0.136513 0.115214 -0.416794 0.137534 0.114102 -0.421257 0.132977 0.1146 -0.421676 0.130958 0.114098 -0.420244 0.134996 0.115582 -0.369423 0.125305 0.111499 -0.373886 0.127541 0.113401 -0.373426 0.128674 0.111105 -0.369373 0.127638 0.11006 -0.375519 0.129213 0.116309 -0.375081 0.12971 0.113418 -0.374577 0.130483 0.110819 -0.373116 0.130116 0.109208 -0.369255 0.12975 0.108864 -0.37905 0.11873 0.122298 -0.378477 0.116197 0.123268 -0.380056 0.116591 0.124642 -0.381186 0.119106 0.123267 -0.377831 0.113738 0.124272 -0.378805 0.114086 0.12603 -0.379778 0.114434 0.127789 -0.381635 0.116986 0.126017 -0.383321 0.119482 0.124235 -0.374029 0.13132 0.109342 -0.372521 0.131369 0.107946 -0.37346 0.132189 0.108426 -0.372371 0.132693 0.10772 -0.369006 0.132964 0.108048 -0.369004 0.131418 0.108154 -0.377408 0.124542 0.118538 -0.379988 0.124716 0.119706 -0.378375 0.126081 0.118486 -0.375188 0.124849 0.117506 -0.381184 0.125275 0.121687 -0.378896 0.127313 0.121239 -0.376178 0.129437 0.120745 -0.376263 0.126972 0.117343 -0.37308 0.125097 0.116111 -0.382312 0.120462 0.121865 -0.379098 0.120086 0.121412 -0.38377 0.120838 0.123127 -0.383395 0.121873 0.122469 -0.381951 0.121498 0.121092 -0.378752 0.121123 0.120525 -0.373958 0.133992 0.10979 -0.372682 0.13435 0.108823 -0.374295 0.136062 0.110868 -0.373227 0.136327 0.109715 -0.370403 0.136593 0.109371 -0.36965 0.134708 0.108665 -0.374866 0.127217 0.115438 -0.371195 0.12523 0.113987 -0.37587 0.129203 0.118661 -0.381254 0.123052 0.120393 -0.378145 0.122698 0.119552 -0.382608 0.123406 0.122043 -0.374163 0.141544 0.1116 -0.372496 0.142547 0.109401 -0.371687 0.141859 0.108826 -0.372148 0.140646 0.110519 -0.37083 0.143551 0.107202 -0.37087 0.142661 0.107142 -0.370892 0.141844 0.10739 -0.370878 0.14117 0.10825 -0.370826 0.140217 0.109154 -0.374309 0.138669 0.111377 -0.372364 0.138614 0.110898 -0.370731 0.13856 0.109531 -0.377564 0.112604 0.125258 -0.379069 0.112756 0.126659 -0.377609 0.112221 0.126413 -0.378419 0.112014 0.127078 -0.377964 0.111896 0.128402 -0.378413 0.112908 0.128153 -0.391343 0.143137 0.109214 -0.390353 0.140742 0.113513 -0.389068 0.142762 0.111983 -0.38991 0.145032 0.10819 -0.389443 0.138347 0.116426 -0.388306 0.140491 0.11439 -0.387156 0.141791 0.112402 -0.387762 0.143962 0.110736 -0.388447 0.146134 0.107684 -0.404043 0.135063 0.112688 -0.404633 0.135696 0.114498 -0.404309 0.133186 0.115705 -0.403675 0.132452 0.113595 -0.404966 0.136631 0.116882 -0.404426 0.134123 0.118006 -0.403592 0.131852 0.120513 -0.403165 0.130675 0.117351 -0.402485 0.12984 0.114941 -0.385843 0.142485 0.111385 -0.386416 0.144598 0.109396 -0.384446 0.142877 0.110852 -0.384712 0.144557 0.109157 -0.385258 0.146642 0.107315 -0.386989 0.146711 0.107408 -0.396767 0.135085 0.112339 -0.395941 0.132362 0.113137 -0.394265 0.133035 0.114635 -0.395231 0.135738 0.112762 -0.394891 0.12964 0.11505 -0.393299 0.130332 0.116509 -0.392066 0.131348 0.118316 -0.393022 0.134682 0.115135 -0.394043 0.136695 0.113272 -0.406876 0.137705 0.116884 -0.408141 0.137401 0.117086 -0.407328 0.135184 0.119132 -0.406126 0.135206 0.119095 -0.409406 0.137096 0.117287 -0.409027 0.135224 0.118051 -0.408569 0.133076 0.119368 -0.406852 0.132966 0.120436 -0.405637 0.132918 0.120513 -0.402233 0.13236 0.112472 -0.402939 0.135032 0.112025 -0.401302 0.129688 0.114033 -0.399559 0.12976 0.114019 -0.400528 0.132465 0.112451 -0.401274 0.135169 0.111997 -0.405921 0.137168 0.116883 -0.40508 0.134825 0.119077 -0.404576 0.132482 0.120529 -0.381931 0.141647 0.110903 -0.382453 0.143727 0.109133 -0.379682 0.140639 0.110844 -0.380055 0.142439 0.108652 -0.380679 0.144801 0.107411 -0.382975 0.145806 0.107362 -0.429237 0.13262 0.120376 -0.429096 0.13123 0.119334 -0.425966 0.131195 0.116819 -0.425609 0.13289 0.118058 -0.428668 0.129841 0.119584 -0.426035 0.1295 0.116872 -0.423401 0.129158 0.11416 -0.423155 0.131607 0.114945 -0.421981 0.13316 0.11574 -0.392067 0.13765 0.115557 -0.39271 0.140182 0.111042 -0.390719 0.135119 0.117589 -0.398211 0.132319 0.112634 -0.398998 0.135041 0.112093 -0.3972 0.129596 0.114289 -0.37617 0.139947 0.109867 -0.373684 0.140258 0.108561 -0.374038 0.142024 0.107852 -0.376471 0.141662 0.108061 -0.370853 0.140787 0.10695 -0.371119 0.14225 0.10703 -0.371385 0.143713 0.107109 -0.374392 0.14379 0.107143 -0.377024 0.143938 0.107206 -0.377966 0.140073 0.110563 -0.378311 0.141869 0.10847 -0.378908 0.144227 0.107327 -0.410986 0.137897 0.115277 -0.41106 0.135796 0.115829 -0.412487 0.138441 0.113714 -0.413085 0.13637 0.113523 -0.413682 0.134299 0.113333 -0.411134 0.133694 0.116382 -0.413832 0.138471 0.113047 -0.414592 0.136421 0.112561 -0.415177 0.138106 0.113243 -0.415921 0.13607 0.11269 -0.416665 0.134035 0.112137 -0.415351 0.134372 0.112076 -0.416679 0.137467 0.114271 -0.417711 0.135441 0.113416 -0.41833 0.136444 0.115357 -0.419354 0.134425 0.114444 -0.419783 0.132406 0.114012 -0.418147 0.133414 0.113043 -0.420121 0.134926 0.115727 -0.421136 0.132915 0.114755 -0.421558 0.130905 0.114265 -0.374484 0.130594 0.110957 -0.374954 0.129817 0.113511 -0.373319 0.128757 0.111239 -0.373036 0.130194 0.109371 -0.375354 0.129293 0.116381 -0.373748 0.12761 0.113519 -0.36931 0.125375 0.111656 -0.369286 0.127697 0.110234 -0.369188 0.129793 0.109052 -0.379646 0.114531 0.127898 -0.37865 0.114165 0.126119 -0.379921 0.116674 0.124756 -0.381531 0.117084 0.126149 -0.377655 0.113799 0.124341 -0.378311 0.116263 0.123363 -0.378902 0.118802 0.122423 -0.381071 0.119187 0.123406 -0.383241 0.119572 0.124389 -0.368946 0.132956 0.108251 -0.372306 0.132705 0.107932 -0.372454 0.131417 0.108139 -0.368945 0.131436 0.108352 -0.373396 0.132217 0.108668 -0.373955 0.131399 0.10953 -0.375959 0.12944 0.120874 -0.37874 0.127294 0.121396 -0.378229 0.126063 0.118652 -0.376093 0.126977 0.117492 -0.381075 0.12525 0.121866 -0.379873 0.124697 0.119883 -0.377288 0.124515 0.118715 -0.375052 0.124833 0.117682 -0.372937 0.125099 0.116283 -0.383315 0.121913 0.122657 -0.383695 0.120908 0.1233 -0.38221 0.120531 0.122025 -0.381855 0.121543 0.121268 -0.37897 0.120154 0.121559 -0.378639 0.121174 0.120689 -0.370327 0.136578 0.109566 -0.373141 0.136307 0.109907 -0.37261 0.134335 0.10903 -0.369585 0.134686 0.108866 -0.3742 0.136036 0.111057 -0.373879 0.133984 0.110002 -0.375676 0.129247 0.118752 -0.374703 0.127255 0.115566 -0.371063 0.125263 0.114153 -0.382521 0.123408 0.122232 -0.381154 0.123061 0.120574 -0.378033 0.122714 0.119725 -0.370732 0.141898 0.107525 -0.370702 0.142683 0.107268 -0.371543 0.141892 0.108975 -0.370741 0.14124 0.108404 -0.370662 0.143532 0.107322 -0.372344 0.142545 0.109546 -0.374027 0.141558 0.11177 -0.372026 0.140679 0.110687 -0.370715 0.140279 0.109327 -0.372262 0.138619 0.111079 -0.370641 0.138583 0.109717 -0.374195 0.138655 0.111553 -0.377793 0.111974 0.128453 -0.37825 0.112095 0.12713 -0.378426 0.112835 0.126685 -0.378259 0.112998 0.128234 -0.37744 0.112299 0.126466 -0.37739 0.112673 0.125316 -0.389346 0.138243 0.116277 -0.388243 0.140375 0.114241 -0.388306 0.140491 0.11439 -0.389443 0.138347 0.116426 -0.387129 0.141673 0.112253 -0.387156 0.141791 0.112402 -0.388404 0.14603 0.107524 -0.389833 0.144931 0.108039 -0.38991 0.145032 0.10819 -0.388447 0.146134 0.107684 -0.391235 0.143042 0.109073 -0.391343 0.143137 0.109214 -0.404202 0.134991 0.112507 -0.404816 0.135618 0.11435 -0.404633 0.135696 0.114498 -0.404043 0.135063 0.112688 -0.405149 0.136548 0.116777 -0.404966 0.136631 0.116882 -0.403776 0.131774 0.120413 -0.403348 0.130599 0.117212 -0.403165 0.130675 0.117351 -0.403592 0.131852 0.120513 -0.402644 0.129768 0.11477 -0.402485 0.12984 0.114941 -0.385849 0.142375 0.111229 -0.385843 0.142485 0.111385 -0.384485 0.142778 0.110688 -0.384446 0.142877 0.110852 -0.385271 0.146538 0.107151 -0.386976 0.146606 0.107244 -0.386989 0.146711 0.107408 -0.385258 0.146642 0.107315 -0.394781 0.129607 0.114864 -0.39316 0.130299 0.116345 -0.393299 0.130332 0.116509 -0.394891 0.12964 0.11505 -0.391906 0.131313 0.118181 -0.392066 0.131348 0.118316 -0.393901 0.136625 0.113142 -0.395121 0.135669 0.112602 -0.395231 0.135738 0.112762 -0.394043 0.136695 0.113272 -0.396688 0.135019 0.112156 -0.396767 0.135085 0.112339 -0.406897 0.137613 0.11671 -0.408101 0.13732 0.116904 -0.408141 0.137401 0.117086 -0.406876 0.137705 0.116884 -0.409306 0.137028 0.117097 -0.409406 0.137096 0.117287 -0.408475 0.133007 0.119193 -0.406811 0.132881 0.12026 -0.406852 0.132966 0.120436 -0.408569 0.133076 0.119368 -0.405666 0.132826 0.120346 -0.405637 0.132918 0.120513 -0.401387 0.129627 0.113844 -0.401302 0.129688 0.114033 -0.399558 0.129711 0.113822 -0.399559 0.12976 0.114019 -0.401279 0.135114 0.111801 -0.403026 0.13497 0.11183 -0.402939 0.135032 0.112025 -0.401274 0.135169 0.111997 -0.405149 0.136548 0.116777 -0.406023 0.13708 0.116744 -0.405921 0.137168 0.116883 -0.404966 0.136631 0.116882 -0.406897 0.137613 0.11671 -0.406876 0.137705 0.116884 -0.404681 0.132394 0.12039 -0.404576 0.132482 0.120529 -0.403776 0.131774 0.120413 -0.403592 0.131852 0.120513 -0.384485 0.142778 0.110688 -0.381981 0.141552 0.110741 -0.381931 0.141647 0.110903 -0.384446 0.142877 0.110852 -0.379739 0.140548 0.110681 -0.379682 0.140639 0.110844 -0.380725 0.144704 0.107249 -0.38301 0.145705 0.1072 -0.382975 0.145806 0.107362 -0.380679 0.144801 0.107411 -0.428816 0.129856 0.119439 -0.426167 0.129527 0.116713 -0.426035 0.1295 0.116872 -0.428668 0.129841 0.119584 -0.423519 0.129199 0.113987 -0.423401 0.129158 0.11416 -0.429374 0.132659 0.120222 -0.429239 0.131257 0.119185 -0.429096 0.13123 0.119334 -0.429237 0.13262 0.120376 -0.428816 0.129856 0.119439 -0.428668 0.129841 0.119584 -0.422084 0.133231 0.115578 -0.425729 0.132945 0.1179 -0.425609 0.13289 0.118058 -0.421981 0.13316 0.11574 -0.429374 0.132659 0.120222 -0.429237 0.13262 0.120376 -0.391906 0.131313 0.118181 -0.39059 0.135045 0.117446 -0.390719 0.135119 0.117589 -0.392066 0.131348 0.118316 -0.392582 0.140098 0.110907 -0.39271 0.140182 0.111042 -0.393901 0.136625 0.113142 -0.394043 0.136695 0.113272 -0.397134 0.129558 0.114093 -0.3972 0.129596 0.114289 -0.398954 0.134982 0.1119 -0.398998 0.135041 0.112093 -0.376269 0.139891 0.109682 -0.373918 0.140283 0.108349 -0.373684 0.140258 0.108561 -0.37617 0.139947 0.109867 -0.371268 0.140919 0.106705 -0.370853 0.140787 0.10695 -0.371821 0.143886 0.106748 -0.374624 0.143831 0.106876 -0.374392 0.14379 0.107143 -0.371385 0.143713 0.107109 -0.377107 0.143879 0.107011 -0.377024 0.143938 0.107206 -0.378022 0.139987 0.110393 -0.377966 0.140073 0.110563 -0.378949 0.144132 0.107161 -0.378908 0.144227 0.107327 -0.409306 0.137028 0.117097 -0.410883 0.137863 0.115083 -0.410986 0.137897 0.115277 -0.409406 0.137096 0.117287 -0.412406 0.138441 0.113516 -0.412487 0.138441 0.113714 -0.413588 0.134285 0.113144 -0.411019 0.133649 0.116203 -0.411134 0.133694 0.116382 -0.413682 0.134299 0.113333 -0.413822 0.138503 0.112843 -0.413832 0.138471 0.113047 -0.415246 0.138163 0.113045 -0.415177 0.138106 0.113243 -0.416716 0.134082 0.111922 -0.415326 0.134391 0.111869 -0.415351 0.134372 0.112076 -0.416665 0.134035 0.112137 -0.416794 0.137534 0.114102 -0.416679 0.137467 0.114271 -0.418462 0.136513 0.115214 -0.41833 0.136444 0.115357 -0.419896 0.132467 0.113841 -0.418241 0.133475 0.112848 -0.418147 0.133414 0.113043 -0.419783 0.132406 0.114012 -0.420244 0.134996 0.115582 -0.420121 0.134926 0.115727 -0.422084 0.133231 0.115578 -0.421981 0.13316 0.11574 -0.423519 0.129199 0.113987 -0.421676 0.130958 0.114098 -0.421558 0.130905 0.114265 -0.423401 0.129158 0.11416 -0.374577 0.130483 0.110819 -0.375081 0.12971 0.113418 -0.374954 0.129817 0.113511 -0.374484 0.130594 0.110957 -0.375519 0.129213 0.116309 -0.375354 0.129293 0.116381 -0.369423 0.125305 0.111499 -0.369373 0.127638 0.11006 -0.369286 0.127697 0.110234 -0.36931 0.125375 0.111656 -0.369255 0.12975 0.108864 -0.369188 0.129793 0.109052 -0.377831 0.113738 0.124272 -0.378477 0.116197 0.123268 -0.378311 0.116263 0.123363 -0.377655 0.113799 0.124341 -0.37905 0.11873 0.122298 -0.378902 0.118802 0.122423 -0.383321 0.119482 0.124235 -0.381635 0.116986 0.126017 -0.381531 0.117084 0.126149 -0.383241 0.119572 0.124389 -0.379778 0.114434 0.127789 -0.379646 0.114531 0.127898 -0.37346 0.132189 0.108426 -0.374029 0.13132 0.109342 -0.373955 0.131399 0.10953 -0.373396 0.132217 0.108668 -0.369004 0.131418 0.108154 -0.368945 0.131436 0.108352 -0.369006 0.132964 0.108048 -0.368946 0.132956 0.108251 -0.376178 0.129437 0.120745 -0.378896 0.127313 0.121239 -0.37874 0.127294 0.121396 -0.375959 0.12944 0.120874 -0.381184 0.125275 0.121687 -0.381075 0.12525 0.121866 -0.377408 0.124542 0.118538 -0.375188 0.124849 0.117506 -0.375052 0.124833 0.117682 -0.377288 0.124515 0.118715 -0.37308 0.125097 0.116111 -0.372937 0.125099 0.116283 -0.383395 0.121873 0.122469 -0.38377 0.120838 0.123127 -0.383695 0.120908 0.1233 -0.383315 0.121913 0.122657 -0.379098 0.120086 0.121412 -0.37897 0.120154 0.121559 -0.378752 0.121123 0.120525 -0.378639 0.121174 0.120689 -0.374295 0.136062 0.110868 -0.373958 0.133992 0.10979 -0.373879 0.133984 0.110002 -0.3742 0.136036 0.111057 -0.37346 0.132189 0.108426 -0.373396 0.132217 0.108668 -0.369006 0.132964 0.108048 -0.36965 0.134708 0.108665 -0.369585 0.134686 0.108866 -0.368946 0.132956 0.108251 -0.370403 0.136593 0.109371 -0.370327 0.136578 0.109566 -0.37587 0.129203 0.118661 -0.375676 0.129247 0.118752 -0.376178 0.129437 0.120745 -0.375959 0.12944 0.120874 -0.371195 0.12523 0.113987 -0.371063 0.125263 0.114153 -0.369423 0.125305 0.111499 -0.36931 0.125375 0.111656 -0.382608 0.123406 0.122043 -0.382521 0.123408 0.122232 -0.378145 0.122698 0.119552 -0.378033 0.122714 0.119725 -0.377408 0.124542 0.118538 -0.377288 0.124515 0.118715 -0.37083 0.143551 0.107202 -0.372496 0.142547 0.109401 -0.372344 0.142545 0.109546 -0.370662 0.143532 0.107322 -0.374163 0.141544 0.1116 -0.374027 0.141558 0.11177 -0.370892 0.141844 0.10739 -0.37087 0.142661 0.107142 -0.370702 0.142683 0.107268 -0.370732 0.141898 0.107525 -0.37083 0.143551 0.107202 -0.370662 0.143532 0.107322 -0.370826 0.140217 0.109154 -0.370878 0.14117 0.10825 -0.370741 0.14124 0.108404 -0.370715 0.140279 0.109327 -0.374163 0.141544 0.1116 -0.374309 0.138669 0.111377 -0.374195 0.138655 0.111553 -0.374027 0.141558 0.11177 -0.370731 0.13856 0.109531 -0.370641 0.138583 0.109717 -0.377609 0.112221 0.126413 -0.377564 0.112604 0.125258 -0.37739 0.112673 0.125316 -0.37744 0.112299 0.126466 -0.377564 0.112604 0.125258 -0.37739 0.112673 0.125316 -0.377964 0.111896 0.128402 -0.378419 0.112014 0.127078 -0.37825 0.112095 0.12713 -0.377793 0.111974 0.128453 -0.378419 0.112014 0.127078 -0.37825 0.112095 0.12713 -0.378413 0.112908 0.128153 -0.378259 0.112998 0.128234 -0.377964 0.111896 0.128402 -0.377793 0.111974 0.128453 -0.371279 0.140087 0.10725 -0.371699 0.144547 0.107691 -0.371923 0.144552 0.107451 -0.371503 0.140091 0.107008 -0.371679 0.140102 0.106731 -0.371503 0.140091 0.107008 -0.371923 0.144552 0.107451 -0.372099 0.144563 0.107174 -0.371014 0.140091 0.107446 -0.371434 0.144551 0.107886 -0.370718 0.140102 0.107593 -0.371137 0.144562 0.108032 -0.370398 0.14012 0.107685 -0.370818 0.144581 0.108122 -0.370064 0.140145 0.10772 -0.370484 0.144606 0.108155 -0.369723 0.140175 0.107695 -0.370142 0.144637 0.108128 -0.369333 0.140221 0.107555 -0.369753 0.144684 0.107985 -0.368855 0.140292 0.107241 -0.369276 0.144756 0.10767 -0.368428 0.140364 0.106861 -0.368849 0.144829 0.107289 -0.36819 0.140416 0.106521 -0.368613 0.144882 0.106951 -0.368077 0.140455 0.106197 -0.3685 0.144921 0.106628 -0.368025 0.14049 0.105865 -0.368448 0.144957 0.106298 -0.368032 0.140521 0.105532 -0.368454 0.144988 0.105967 -0.368099 0.140546 0.105207 -0.368519 0.145013 0.105644 -0.368222 0.140564 0.104901 -0.368641 0.145032 0.10534 -0.368399 0.140575 0.104623 -0.368817 0.145043 0.105063 -0.368624 0.140579 0.104381 -0.36904 0.145047 0.104823 -0.368889 0.140575 0.104184 -0.369303 0.145044 0.104628 -0.369186 0.140565 0.104037 -0.369599 0.145033 0.104482 -0.369507 0.140546 0.103946 -0.369918 0.145014 0.104392 -0.369842 0.140522 0.103912 -0.370252 0.144989 0.104358 -0.370184 0.140491 0.103938 -0.370592 0.144959 0.104384 -0.370573 0.140445 0.10408 -0.370981 0.144912 0.104525 -0.371051 0.140375 0.104395 -0.371459 0.14484 0.104839 -0.371477 0.140302 0.104775 -0.371887 0.144767 0.105219 -0.371713 0.14025 0.105115 -0.372125 0.144714 0.105558 -0.371824 0.140211 0.105438 -0.372239 0.144674 0.105881 -0.37182 0.140176 0.106013 -0.372293 0.144638 0.106213 -0.371869 0.140145 0.106101 -0.372286 0.144607 0.106545 -0.371802 0.14012 0.106425 -0.372221 0.144582 0.106868 -0.370881 0.140112 0.10636 -0.370797 0.140103 0.106492 -0.371503 0.140091 0.107008 -0.371679 0.140102 0.106731 -0.37069 0.1401 0.106607 -0.371279 0.140087 0.10725 -0.370563 0.140105 0.106702 -0.371014 0.140091 0.107446 -0.370421 0.140117 0.106772 -0.370718 0.140102 0.107593 -0.370267 0.140135 0.106816 -0.370398 0.14012 0.107685 -0.370106 0.140159 0.106833 -0.370064 0.140145 0.10772 -0.369944 0.140189 0.106822 -0.369723 0.140175 0.107695 -0.369756 0.140233 0.106753 -0.369333 0.140221 0.107555 -0.36952 0.140301 0.106597 -0.368855 0.140292 0.107241 -0.369308 0.140371 0.106409 -0.368428 0.140364 0.106861 -0.369193 0.14042 0.106246 -0.36819 0.140416 0.106521 -0.369141 0.140456 0.106092 -0.368077 0.140455 0.106197 -0.369116 0.140488 0.105933 -0.368025 0.14049 0.105865 -0.36912 0.140516 0.105773 -0.368032 0.140521 0.105532 -0.369151 0.140538 0.105618 -0.368099 0.140546 0.105207 -0.36921 0.140554 0.105472 -0.368222 0.140564 0.104901 -0.369294 0.140564 0.105339 -0.368399 0.140575 0.104623 -0.369401 0.140566 0.105224 -0.368624 0.140579 0.104381 -0.369528 0.140561 0.10513 -0.368889 0.140575 0.104184 -0.36967 0.140549 0.10506 -0.369186 0.140565 0.104037 -0.369824 0.140531 0.105016 -0.369507 0.140546 0.103946 -0.369984 0.140507 0.104999 -0.369842 0.140522 0.103912 -0.370147 0.140477 0.10501 -0.370184 0.140491 0.103938 -0.370334 0.140433 0.105079 -0.370573 0.140445 0.10408 -0.370571 0.140365 0.105235 -0.371051 0.140375 0.104395 -0.370783 0.140295 0.105423 -0.371477 0.140302 0.104775 -0.370898 0.140247 0.105586 -0.371713 0.14025 0.105115 -0.37095 0.14021 0.10574 -0.371824 0.140211 0.105438 -0.370975 0.140178 0.105899 -0.37182 0.140176 0.106013 -0.370971 0.14015 0.106058 -0.371869 0.140145 0.106101 -0.37094 0.140128 0.106213 -0.371802 0.14012 0.106425 -0.37092 0.144561 0.106848 -0.371027 0.144563 0.106733 -0.371923 0.144552 0.107451 -0.371699 0.144547 0.107691 -0.37111 0.144573 0.106602 -0.372099 0.144563 0.107174 -0.371169 0.144589 0.106456 -0.372221 0.144582 0.106868 -0.3712 0.144612 0.106302 -0.372286 0.144607 0.106545 -0.371203 0.14464 0.106143 -0.372293 0.144638 0.106213 -0.371178 0.144673 0.105984 -0.372239 0.144674 0.105881 -0.371125 0.14471 0.105831 -0.372125 0.144714 0.105558 -0.37101 0.144759 0.105668 -0.371887 0.144767 0.105219 -0.370797 0.14483 0.10548 -0.371459 0.14484 0.104839 -0.370561 0.144899 0.105323 -0.370981 0.144912 0.104525 -0.370373 0.144944 0.105254 -0.370592 0.144959 0.104384 -0.370211 0.144974 0.105243 -0.370252 0.144989 0.104358 -0.370051 0.144999 0.105259 -0.369918 0.145014 0.104392 -0.369898 0.145018 0.105302 -0.369599 0.145033 0.104482 -0.369756 0.145029 0.105372 -0.369303 0.145044 0.104628 -0.36963 0.145034 0.105465 -0.36904 0.145047 0.104823 -0.369523 0.145032 0.10558 -0.368817 0.145043 0.105063 -0.36944 0.145022 0.105712 -0.368641 0.145032 0.10534 -0.369381 0.145006 0.105857 -0.368519 0.145013 0.105644 -0.36935 0.144983 0.106012 -0.368454 0.144988 0.105967 -0.369347 0.144955 0.106171 -0.368448 0.144957 0.106298 -0.369372 0.144922 0.106329 -0.3685 0.144921 0.106628 -0.369425 0.144885 0.106482 -0.368613 0.144882 0.106951 -0.36954 0.144836 0.106645 -0.368849 0.144829 0.107289 -0.369753 0.144765 0.106833 -0.369276 0.144756 0.10767 -0.369989 0.144696 0.10699 -0.369753 0.144684 0.107985 -0.370177 0.144651 0.107059 -0.370142 0.144637 0.108128 -0.370339 0.144621 0.107071 -0.370484 0.144606 0.108155 -0.370499 0.144596 0.107054 -0.370818 0.144581 0.108122 -0.370652 0.144577 0.107011 -0.371137 0.144562 0.108032 -0.370794 0.144566 0.106941 -0.371434 0.144551 0.107886 </float_array>
          <technique_common>
            <accessor count="822" offset="0" source="#meshId3-positions-array" stride="3">
              <param name="X" type="float" />
              <param name="Y" type="float" />
              <param name="Z" type="float" />
            </accessor>
          </technique_common>
        </source>
        <source id="meshId3-normals" name="meshId3-normals">
          <float_array id="meshId3-normals-array" count="2466"> -0.230557 -0.686539 -0.68957 0.12318 -0.710863 -0.692459 0.185495 -0.744844 -0.640936 -0.0214311 -0.751933 -0.658891 0.353902 -0.588416 -0.726993 0.432183 -0.672411 -0.600901 0.543187 -0.672734 -0.50237 0.353922 -0.753229 -0.554423 0.0763449 -0.778642 -0.622806 -0.884225 -0.444785 -0.14252 -0.895835 -0.403872 -0.185385 -0.947277 -0.310408 -0.079454 -0.913513 -0.405712 -0.0298582 -0.865599 -0.405059 -0.29439 -0.971895 -0.202376 -0.12027 -0.796375 -0.283964 -0.533996 -0.775789 -0.426016 -0.46547 -0.731277 -0.545353 -0.409663 -0.152121 -0.680951 -0.716356 -0.180571 -0.686752 -0.704106 -0.103332 -0.719069 -0.687213 -0.0684484 -0.724248 -0.686134 -0.195304 -0.695722 -0.69125 -0.218878 -0.682442 -0.697399 0.765738 -0.245046 -0.594641 0.746819 -0.2221 -0.626844 0.689785 -0.234169 -0.6851 0.716563 -0.298321 -0.63051 0.528351 -0.331191 -0.781766 0.422984 -0.294825 -0.856833 0.373344 -0.201671 -0.905507 0.59936 -0.260313 -0.756971 0.723514 -0.37487 -0.579656 0.565376 -0.32738 -0.757082 0.559177 -0.332277 -0.759548 0.213212 -0.525792 -0.823458 0.207274 -0.472343 -0.856697 0.552951 -0.32238 -0.768321 0.145219 -0.593355 -0.791733 -0.120008 -0.688278 -0.715452 -0.141258 -0.628875 -0.764567 -0.119952 -0.537477 -0.834703 0.0363681 -0.497862 -0.866493 -0.255901 -0.554623 -0.791775 -0.278186 -0.407483 -0.869811 0.0289061 -0.331814 -0.942902 -0.299221 -0.254318 -0.919668 0.0205944 -0.166504 -0.985826 -0.514259 -0.592577 -0.619993 -0.613398 -0.57511 -0.541287 -0.448975 -0.659776 -0.602592 -0.311718 -0.554609 -0.771518 -0.329849 -0.63444 -0.699061 -0.325116 -0.653598 -0.683454 -0.280564 -0.643569 -0.712112 -0.358619 -0.7303 -0.581425 -0.373856 -0.692429 -0.617069 -0.526788 0.225671 -0.819492 -0.661061 0.019889 -0.750069 -0.602924 0.311255 -0.734577 -0.453012 0.418258 -0.7873 -0.668996 -0.146552 -0.728675 -0.614489 0.254053 -0.7469 -0.504888 0.533559 -0.67853 -0.491187 0.57462 -0.654636 -0.505309 0.614044 -0.606311 0.657442 -0.348756 -0.667937 0.608849 -0.487836 -0.625554 0.66362 -0.580782 -0.471488 0.168277 -0.48026 -0.860833 0.124833 -0.342376 -0.931233 0.100385 -0.176186 -0.979225 -0.1581 -0.240699 -0.957637 -0.26244 -0.25493 -0.930664 -0.187838 -0.376097 -0.907341 -0.0984377 -0.312899 -0.944671 -0.370011 -0.266759 -0.889905 -0.24813 -0.47775 -0.842726 -0.219344 -0.689404 -0.690369 -0.169667 -0.560023 -0.810918 -0.127705 -0.406406 -0.904724 -0.259512 -0.630751 -0.731305 -0.210654 -0.462911 -0.86101 -0.289417 -0.74567 -0.600179 0.642029 -0.106364 -0.759266 0.621199 -0.101711 -0.777024 0.716009 -0.183562 -0.673525 0.71388 -0.208286 -0.668575 0.60456 -0.0991316 -0.790367 0.70717 -0.171159 -0.686014 -0.398576 0.323885 -0.858042 -0.35101 0.374006 -0.858435 0.195657 0.145459 -0.969825 0.131809 0.179771 -0.974838 -0.309852 0.371711 -0.875113 0.270484 0.102489 -0.957254 -0.45089 0.286016 -0.845514 -0.603791 0.448555 -0.658965 -0.599939 0.435681 -0.671011 -0.588126 0.297279 -0.752153 -0.649934 0.558345 -0.515594 -0.585383 0.504497 -0.634673 -0.455912 0.459998 -0.761936 -0.283934 0.300555 -0.910521 -0.580896 0.574771 -0.576366 -0.495733 -0.669055 -0.553727 -0.689958 -0.587737 -0.42252 -0.582316 -0.593072 -0.556033 -0.358455 -0.624488 -0.69392 -0.920713 -0.251395 -0.298475 -0.815889 -0.481722 -0.319796 -0.727443 -0.513617 -0.455 -0.45321 -0.55889 -0.694437 -0.13827 -0.588899 -0.796291 -0.412448 -0.598351 -0.686923 -0.643088 -0.506086 -0.57473 -0.6117 -0.582548 -0.535221 -0.437336 -0.653279 -0.618032 -0.743517 -0.439668 -0.50386 -0.784162 -0.485821 -0.386093 -0.804761 -0.543318 -0.239093 -0.574603 -0.650437 -0.496753 -0.479268 -0.696426 -0.534128 -0.650289 -0.387709 -0.653304 -0.28618 -0.360463 -0.887788 -0.624089 -0.00497038 -0.781337 -0.274319 0.162001 -0.947895 0.0310021 0.18032 -0.983119 0.0257342 -0.332999 -0.942576 -0.379615 -0.267873 -0.885515 -0.609076 0.167754 -0.775168 -0.610323 0.245706 -0.753084 -0.427982 -0.284802 -0.857741 -0.707342 0.457001 -0.539275 -0.629566 0.628526 -0.456729 -0.684699 0.588121 -0.430466 -0.734822 0.112772 -0.668819 -0.547623 -0.573078 -0.609665 -0.457155 -0.564601 -0.687194 -0.233948 -0.629764 -0.74072 -0.580235 -0.54686 -0.603549 -0.709388 -0.0994279 -0.69777 -0.488735 -0.290606 -0.822609 -0.223474 -0.462599 -0.85794 -0.658799 0.267804 -0.703039 -0.37699 0.35735 -0.854505 -0.579732 0.280446 -0.765023 -0.431854 0.310928 -0.846656 -0.230715 0.336945 -0.912819 -0.064506 0.401717 -0.913489 -0.796869 -0.410146 -0.4436 -0.552123 -0.715747 -0.42763 -0.894088 0.265743 -0.360536 -0.553228 -0.0256956 -0.832634 -0.303543 -0.298655 -0.904802 -0.724948 0.211723 -0.655457 -0.513041 -0.232321 -0.826327 -0.700076 -0.366739 -0.612695 -0.751013 -0.359654 -0.553741 -0.609663 -0.268772 -0.745703 -0.798075 -0.15441 -0.582438 -0.810666 -0.20845 -0.547146 -0.826451 -0.332777 -0.454134 -0.767516 -0.415694 -0.487973 -0.715698 -0.317217 -0.622214 -0.424467 0.185708 -0.886194 -0.474249 0.140665 -0.869081 -0.53944 0.105732 -0.83536 -0.653952 -0.540991 -0.528845 -0.808644 -0.551583 -0.204574 -0.373541 -0.81658 -0.440072 -0.738527 -0.674215 -0.00345322 -0.849858 -0.402722 0.339936 -0.899367 -0.396004 0.185257 -0.541426 0.674138 0.50239 -0.433405 0.672156 0.600305 -0.187871 0.744925 0.640149 -0.352629 0.754131 0.554021 -0.356276 0.587909 0.726244 -0.125584 0.710779 0.692114 0.223978 0.687306 0.690974 0.0193715 0.751898 0.658995 -0.0785801 0.778798 0.622333 0.805398 0.281073 0.521855 0.972595 0.199916 0.118711 0.947855 0.30922 0.0771558 0.783694 0.423093 0.45477 0.856687 0.410926 0.311814 0.888724 0.412618 0.199791 0.875876 0.456452 0.156503 0.91344 0.406084 0.0268827 0.739357 0.542033 0.399438 0.213579 0.682982 0.698513 0.101795 0.718725 0.687803 0.195561 0.695791 0.691108 0.17987 0.686763 0.704275 0.151234 0.680771 0.716715 0.066745 0.724306 0.686241 -0.374413 0.203218 0.90472 -0.423426 0.29531 0.856448 -0.690638 0.23534 0.683838 -0.599565 0.262564 0.756031 -0.528629 0.332094 0.781195 -0.747585 0.223098 0.625574 -0.766134 0.246163 0.593668 -0.715913 0.299663 0.630612 -0.723312 0.375965 0.579198 0.124016 0.688031 0.715006 -0.140619 0.593121 0.792738 -0.206551 0.526627 0.824622 0.142721 0.627947 0.765058 -0.54896 0.322165 0.771267 -0.55444 0.333339 0.762549 -0.559468 0.329865 0.760385 -0.203051 0.473208 0.857231 0.126095 0.538079 0.833409 0.287192 0.407783 0.866737 0.309482 0.254448 0.91623 0.263741 0.555276 0.788739 -0.0364935 0.497244 0.866843 -0.0293001 0.33125 0.943088 -0.0212456 0.165999 0.985897 0.446158 0.65811 0.606494 0.503686 0.595519 0.625826 0.592179 0.581781 0.557543 0.373659 0.692752 0.616825 0.32477 0.653834 0.683393 0.358422 0.730514 0.581277 0.329361 0.634489 0.699246 0.311323 0.555017 0.771385 0.280007 0.643706 0.712207 0.503207 -0.53624 0.677665 0.613872 -0.256681 0.74651 0.602788 -0.311083 0.734761 0.489629 -0.576553 0.654102 0.669542 0.149419 0.72759 0.661293 -0.0180788 0.74991 0.525845 -0.223634 0.820655 0.452491 -0.41756 0.787969 0.504282 -0.614835 0.606365 -0.609689 0.487571 0.624943 -0.663269 0.581015 0.471696 -0.657054 0.349749 0.667799 -0.124489 0.342454 0.931251 -0.100205 0.176519 0.979183 -0.168403 0.479686 0.861128 0.218788 0.6859 0.694026 0.244838 0.46006 0.853463 0.173606 0.363396 0.915316 0.165247 0.556618 0.814168 0.350653 0.243634 0.90426 0.244935 0.230642 0.941707 0.134417 0.214445 0.967443 0.0799105 0.299481 0.95075 0.12046 0.403135 0.907178 0.289338 0.745476 0.600458 0.25718 0.629612 0.733108 0.207024 0.462897 0.861898 -0.709743 0.170739 0.683456 -0.716871 0.183594 0.672599 -0.614639 0.104019 0.78192 -0.628768 0.105359 0.770422 -0.648317 0.109689 0.753427 -0.71364 0.209118 0.668571 -0.284563 -0.0954943 0.953889 -0.195089 -0.1451 0.969993 0.318689 -0.372685 0.871518 0.361328 -0.376233 0.853165 0.410337 -0.324925 0.852084 -0.119091 -0.18421 0.975645 0.587874 -0.504542 0.632331 0.601541 -0.435851 0.669464 0.64972 -0.55887 0.515294 0.601968 -0.447546 0.661315 0.446214 -0.283033 0.848991 0.587974 -0.295903 0.752813 0.579472 -0.574859 0.577711 0.453828 -0.458525 0.764065 0.282147 -0.297626 0.912037 0.731113 0.510226 0.452927 0.817212 0.482085 0.315846 0.583614 0.593086 0.554657 0.457274 0.556885 0.693383 0.921178 0.259614 0.28988 0.691272 0.58638 0.422258 0.495657 0.669598 0.55314 0.358639 0.624586 0.693737 0.139776 0.588178 0.796561 0.75216 0.598486 0.27581 0.764773 0.532884 0.362156 0.611833 0.582124 0.53553 0.573846 0.651103 0.496756 0.754596 0.471105 0.456778 0.644159 0.504347 0.575059 0.414457 0.595091 0.688543 0.437179 0.652793 0.618657 0.478047 0.697948 0.533235 -0.0301929 -0.183422 0.982571 0.278283 -0.166848 0.945897 0.29267 0.352161 0.889003 -0.0237361 0.33131 0.943224 0.63295 -0.00996552 0.774129 0.657744 0.377796 0.651646 0.693012 -0.583201 0.423805 0.627754 -0.631593 0.45499 0.608881 -0.247471 0.753672 0.738961 -0.107816 0.665066 0.703184 -0.462899 0.539683 0.606956 -0.171314 0.776052 0.379047 0.266616 0.886137 0.426634 0.284349 0.858562 0.546951 0.568289 0.614729 0.707096 0.0983519 0.700245 0.57774 0.548657 0.604311 0.45688 0.564408 0.687535 0.488863 0.289002 0.823098 0.235494 0.629102 0.740792 0.224556 0.464317 0.856729 0.232767 -0.332079 0.914081 0.433754 -0.307769 0.846839 0.38037 -0.356509 0.853358 0.064968 -0.401418 0.913588 0.584019 -0.277223 0.762935 0.6629 -0.266093 0.699827 0.904278 -0.249211 0.346663 0.79837 0.411186 0.439922 0.552849 0.71208 0.432783 0.722235 -0.216497 0.656891 0.552565 0.0227368 0.83316 0.304394 0.300772 0.903815 0.820362 0.339805 0.459934 0.807256 0.214686 0.54977 0.747188 0.363059 0.556685 0.763581 0.4167 0.493261 0.795993 0.160545 0.583627 0.695427 0.375798 0.612501 0.510812 0.232166 0.82775 0.608817 0.269134 0.746263 0.713933 0.317832 0.623925 0.474657 -0.139602 0.86903 0.542465 -0.102315 0.833824 0.427577 -0.186114 0.884613 0.941717 0.263976 -0.208531 0.869054 0.491938 0.0523743 0.799498 0.545415 0.251648 0.917433 0.395096 -0.0470784 0.499616 0.728186 0.469179 0.715509 0.530009 0.455124 0.82625 -0.0393475 0.561928 0.893851 -0.0935225 0.438502 0.892337 -0.0816748 0.443919 0.829635 -0.0374528 0.557049 0.796173 -0.401951 0.452265 0.818438 -0.362693 0.44566 -0.510431 0.641435 -0.572731 -0.688784 0.384131 -0.614833 -0.689038 0.383564 -0.614903 -0.506369 0.645375 -0.57191 -0.766702 0.0941004 -0.635069 -0.767105 0.0895675 -0.635238 -0.107738 0.949512 -0.294651 -0.0983328 0.929154 -0.356376 -0.122352 0.922541 -0.36599 -0.10042 0.94625 -0.307453 -0.14516 0.915627 -0.374908 -0.14516 0.915627 -0.374908 0.153772 -0.919921 0.360693 0.112119 -0.929505 0.351353 0.133285 -0.924864 0.356178 0.153772 -0.919921 0.360693 0.0975145 -0.945742 0.309941 0.0960687 -0.942175 0.321057 0.542931 -0.69405 0.47278 0.547721 -0.690158 0.472953 0.406604 -0.788556 0.461359 0.406604 -0.788556 0.461359 0.159002 0.82259 -0.545952 -0.197555 0.808518 -0.554321 -0.195557 0.809029 -0.554283 0.147876 0.824703 -0.545892 0.0549991 -0.97299 0.224199 0.161996 -0.931241 0.326417 0.165419 -0.926138 0.338975 0.0573654 -0.972511 0.22568 0.1775 -0.906224 0.383733 0.1775 -0.906224 0.383733 -0.308345 0.725485 -0.6153 -0.269087 0.797486 -0.540007 -0.270035 0.795928 -0.541829 -0.308345 0.725485 -0.615301 -0.111725 0.912217 -0.394179 -0.0973106 0.9177 -0.385173 -0.276593 0.859381 -0.43007 -0.276822 0.856041 -0.436536 -0.27687 0.85532 -0.437916 -0.276593 0.859381 -0.43007 -0.277081 0.851915 -0.444372 -0.277081 0.851915 -0.444372 -0.305146 -0.933316 0.189227 -0.168874 -0.91028 0.377984 -0.160946 -0.908966 0.384548 -0.295905 -0.931556 0.211293 -0.196323 -0.830037 0.522011 -0.206915 -0.824184 0.527168 0.0748735 -0.957854 0.277324 0.0711807 -0.958514 0.276016 -0.0196426 -0.971569 0.235941 -0.0241481 -0.971996 0.233753 -0.0116822 0.962537 -0.2709 -0.109407 0.959066 -0.261194 -0.10429 0.959323 -0.262341 -0.00545151 0.962513 -0.271181 0.333111 0.545744 -0.768895 0.386019 0.639323 -0.665023 0.378936 0.626736 -0.680889 0.333112 0.545744 -0.768895 0.422951 0.70537 -0.568828 0.422951 0.70537 -0.568828 -0.341913 -0.652375 0.676389 -0.343535 -0.628301 0.698012 -0.34639 -0.518979 0.781457 -0.34639 -0.518979 0.781457 -0.376472 -0.746311 0.548899 -0.352396 -0.757975 0.5489 -0.353885 -0.757273 0.548911 -0.376472 -0.746311 0.548899 -0.259224 -0.806821 0.530889 -0.261456 -0.8057 0.531497 0.289195 0.786424 -0.545806 0.323221 0.772372 -0.546781 0.321232 0.773575 -0.546253 0.290901 0.785636 -0.546033 -0.136766 -0.990545 -0.0107834 -0.162543 -0.986031 -0.0363792 -0.159695 -0.986596 -0.0335436 -0.136766 -0.990545 -0.0107834 -0.185304 -0.980901 -0.0591216 -0.185304 -0.980901 -0.0591216 -0.699008 -0.470342 0.53867 -0.722063 -0.305463 0.620739 -0.723173 -0.284681 0.629268 -0.699008 -0.470342 0.53867 -0.716851 -0.0939469 0.690868 -0.716851 -0.0939469 0.690868 0.115009 0.948859 0.294005 0.093989 0.960362 0.262434 0.0951142 0.959786 0.264129 0.115009 0.948859 0.294005 0.0740995 0.969796 0.232388 0.0740995 0.969796 0.232387 0.67102 -0.0948116 0.735352 0.719278 -0.0828624 0.689763 0.722663 -0.0819781 0.686322 0.67102 -0.0948116 0.735352 -0.755396 -0.0899824 -0.649061 -0.753831 -0.0944701 -0.650241 -0.734959 -0.144864 -0.662458 -0.734959 -0.144863 -0.662458 -0.0594984 -0.981251 0.183319 -0.0629185 -0.980599 0.185655 0.0398259 0.955206 -0.29325 0.0437725 0.955935 -0.290297 0.103187 -0.98079 0.16554 0.0781879 -0.984811 -0.155028 0.0546219 -0.975645 -0.212447 0.105888 -0.98364 0.14574 0.00448922 -0.943912 -0.330167 0.00448922 -0.943912 -0.330167 0.0122964 0.950671 0.309958 0.0293501 0.998679 0.0421654 0.0191947 0.97833 0.20616 0.0122964 0.950671 0.309958 0.0751547 0.957129 -0.279741 0.0622367 0.97586 -0.209343 -0.0520406 -0.902077 0.428426 -0.0598251 -0.899229 0.433368 0.168872 0.859927 -0.481671 0.16688 0.861284 -0.479939 0.458144 0.888876 0.00211405 0.362862 0.931225 0.0339221 0.393003 0.919222 0.024058 0.458144 0.888876 0.00211405 0.122713 0.989995 0.0696547 0.168283 0.983523 0.0660612 -0.12237 -0.992443 -0.00908502 -0.288433 -0.956356 0.0467824 -0.303302 -0.950996 0.0601155 -0.161061 -0.986941 -0.00277945 -0.110682 0.980032 0.165186 -0.101162 0.982332 0.157446 -0.1708 0.937695 0.302581 -0.163137 0.934931 0.315103 0.209126 -0.950559 -0.229574 0.109301 -0.988732 -0.102284 0.081659 -0.992837 -0.0872199 0.206278 -0.947808 -0.243126 -0.149604 0.887371 0.436109 -0.155361 0.879152 0.450504 -0.289761 0.751908 0.592176 -0.291474 0.750312 0.593359 0.374064 -0.780396 -0.501057 0.223498 -0.904053 -0.364331 0.234436 -0.893597 -0.382785 0.381576 -0.773986 -0.505318 -0.46665 0.593979 0.655306 -0.4623 0.596696 0.655921 -0.526978 0.553753 0.644711 -0.526978 0.553753 0.644711 0.585185 -0.580327 -0.566374 0.54068 -0.623129 -0.565133 0.532172 -0.630831 -0.564664 0.585185 -0.580327 -0.566373 -0.76783 0.638193 0.0561004 -0.660015 0.74851 0.0641345 -0.644895 0.761569 0.0642119 -0.762772 0.644123 0.0573092 -0.450979 0.892319 0.0196066 -0.424532 0.905364 0.00946893 0.867592 -0.27041 -0.417328 0.893934 -0.250751 -0.371491 0.89356 -0.251051 -0.372187 0.867592 -0.27041 -0.417328 0.924826 -0.241725 -0.293711 0.924336 -0.24097 -0.295866 0.476366 -0.379679 -0.793044 0.545241 -0.185398 -0.81752 0.554246 -0.181063 -0.812421 0.477516 -0.368705 -0.797518 0.678991 -0.243355 -0.69264 0.688965 -0.257677 -0.677443 -0.862856 -0.0425088 0.503659 -0.755237 -0.07685 0.650931 -0.752296 -0.0738147 0.654677 -0.858199 -0.0489038 0.510983 -0.586446 -0.115897 0.801654 -0.582054 -0.118901 0.80441 -0.777434 0.621529 0.0964259 -0.784158 0.615867 0.0761791 -0.785858 0.614333 0.0708637 -0.777434 0.621529 0.0964259 0.952141 -0.131806 -0.275778 0.951258 -0.139196 -0.275194 0.942081 0.201242 -0.268301 0.940213 0.211035 -0.267327 -0.422537 0.685239 0.593219 -0.480573 0.693357 0.536941 -0.459875 0.69094 0.557778 -0.422537 0.68524 0.593219 -0.608135 0.653296 0.450972 -0.597051 0.659084 0.457316 0.0612242 -0.984365 -0.165158 0.0614046 -0.989512 -0.130752 0.0614306 -0.990358 -0.124164 0.0612242 -0.984365 -0.165158 0.0815193 -0.996064 -0.0348031 0.0811562 -0.996058 -0.0358144 -0.834593 0.483939 0.263168 -0.90817 0.263125 0.325565 -0.909718 0.250704 0.331 -0.832613 0.485701 0.266178 0.752368 -0.451418 -0.479755 0.752539 -0.460161 -0.471102 0.746514 -0.546717 -0.379233 0.746524 -0.546405 -0.379663 -0.881252 -0.218953 0.418872 -0.860879 -0.401645 0.312359 -0.868226 -0.372351 0.327929 -0.880665 -0.205132 0.427025 -0.846616 -0.448866 0.285937 -0.846616 -0.448866 0.285937 0.942081 0.201242 -0.268301 0.869735 0.424012 -0.252536 0.868774 0.425315 -0.25365 0.940213 0.211035 -0.267327 0.88866 0.315345 -0.332927 0.88921 0.311965 -0.33464 -0.204712 0.976679 -0.0647311 -0.155985 0.984599 -0.0789527 -0.0522134 0.992761 -0.108167 -0.0522134 0.992761 -0.108167 0.175975 -0.981039 0.0812071 0.159015 -0.984981 0.0672773 0.23495 -0.963289 0.129897 0.23495 -0.963289 0.129897 -0.751478 0.557833 0.352283 -0.746124 0.562233 0.356641 0.718456 -0.541105 -0.437065 0.721184 -0.540663 -0.433102 0.691267 -0.544722 -0.474792 0.691267 -0.544722 -0.474792 -0.177756 0.940763 0.288734 -0.22327 0.940982 0.254369 -0.228646 0.940804 0.250218 -0.177756 0.940763 0.288734 -0.273633 0.937566 0.214697 -0.273633 0.937566 0.214697 0.675258 -0.42861 -0.600266 0.624259 -0.126698 -0.770875 0.620054 -0.102257 -0.777866 0.675467 -0.430447 -0.598715 0.591757 0.0250716 -0.805726 0.591757 0.0250716 -0.805726 0.85109 -0.234749 -0.469616 0.737266 -0.502794 -0.451262 0.749998 -0.483457 -0.451411 0.851016 -0.235069 -0.469589 -0.811058 -0.000353997 0.584966 -0.842966 -0.0496088 0.535675 -0.841028 -0.0463917 0.538999 -0.811058 -0.000353987 0.584966 0.896479 0.0622689 -0.438689 0.895423 0.0514256 -0.442237 0.416855 -0.908962 -0.00455834 0.472626 -0.724484 -0.501745 0.472676 -0.721747 -0.505626 0.432891 -0.89617 -0.0973926 0.472626 -0.724484 -0.501745 0.472676 -0.721747 -0.505626 0.467648 -0.85133 -0.237786 0.434647 -0.899371 -0.0470562 0.428745 -0.90319 -0.0206205 0.467648 -0.85133 -0.237786 0.434647 -0.899371 -0.0470562 0.428745 -0.90319 -0.0206205 -0.422284 -0.0803516 0.902895 -0.424758 -0.0911803 0.900703 -0.392624 0.0354074 0.919017 -0.392624 0.0354074 0.919017 -0.662549 -0.13525 0.736706 -0.658988 -0.135226 0.739898 -0.785397 -0.13382 0.604354 -0.787177 -0.133759 0.602047 -0.885339 -0.127615 0.44709 -0.787177 -0.133759 0.602047 -0.785397 -0.13382 0.604354 -0.884875 -0.127661 0.447994 -0.516499 -0.132073 0.846041 -0.511149 -0.131882 0.849314 -0.355467 -0.1245 0.92636 -0.348311 -0.124084 0.92913 -0.184203 -0.112889 0.976384 -0.175735 -0.11223 0.978019 -0.00918485 -0.0977894 0.995165 0.000114512 -0.0969008 0.995294 0.210157 -0.0747002 0.97481 0.225214 -0.072944 0.971575 0.44735 -0.0440747 0.893272 0.459399 -0.0423344 0.887221 0.607501 -0.0191005 0.794089 0.61407 -0.0179797 0.789047 0.742823 0.00584629 0.669462 0.750952 0.00749835 0.660314 0.884892 0.0390585 0.464155 0.890338 0.0405993 0.453486 0.965044 0.0668964 0.253408 0.966515 0.0675988 0.247545 0.993121 0.0862912 0.0791438 0.993436 0.0867619 0.0745515 0.989622 0.103192 -0.0999978 0.989297 0.103442 -0.102915 0.95358 0.116943 -0.277507 0.953283 0.117011 -0.278496 0.884921 0.127071 -0.448071 0.885355 0.127029 -0.447225 0.785481 0.133062 -0.604413 0.787257 0.133002 -0.60211 0.659029 0.134637 -0.739969 0.662639 0.134653 -0.736734 0.511099 0.131772 -0.849361 0.516551 0.131945 -0.846029 0.34817 0.124699 -0.9291 0.35547 0.125089 -0.92628 0.175545 0.113725 -0.977881 0.184173 0.11435 -0.976219 -0.000316127 0.0993168 -0.995056 0.00913926 0.100171 -0.994928 -0.225435 0.0763046 -0.971265 -0.210181 0.0780299 -0.974544 -0.459679 0.046372 -0.886874 -0.447548 0.0480963 -0.892965 -0.614389 0.0222156 -0.78869 -0.60782 0.0233364 -0.793732 -0.751154 -0.00346747 -0.660118 -0.743082 -0.00180258 -0.669198 -0.890465 -0.0372475 -0.453524 -0.88511 -0.0356917 -0.464011 -0.977439 -0.0752688 -0.19735 -0.976076 -0.0742297 -0.204366 -0.991628 -0.092262 -0.0903388 -0.99196 -0.0925577 -0.0863078 -0.993245 -0.102626 0.0541589 -0.994172 -0.101478 0.0364026 -0.953322 -0.117118 0.278319 -0.953589 -0.117054 0.27743 -0.0127223 -0.998343 -0.0561201 -0.00440313 -0.999516 -0.0307917 -0.00465105 -0.999501 -0.0312358 -0.0128045 -0.998304 -0.0567945 0.012861 -0.99986 -0.010702 0.0126164 -0.999861 -0.0108947 0.0364207 -0.999336 0.00121518 0.0363661 -0.999338 0.00120006 0.0627829 -0.998022 0.00318236 0.0630397 -0.998006 0.00315153 0.0878638 -0.99612 -0.00504923 0.0883926 -0.996071 -0.00535461 0.10773 -0.993929 -0.0223437 0.108366 -0.993841 -0.0231784 0.123325 -0.991145 -0.04922 0.123681 -0.991061 -0.0500127 0.126223 -0.988291 -0.0857235 0.126077 -0.988252 -0.0863809 0.10794 -0.986481 -0.123303 0.104995 -0.986338 -0.126938 0.0762318 -0.985803 -0.149605 0.0702615 -0.985887 -0.151953 0.0421642 -0.987273 -0.153345 0.0380416 -0.987651 -0.151985 0.0150664 -0.989685 -0.142468 0.0128803 -0.989879 -0.141328 -0.00459876 -0.991832 -0.127467 -0.00605314 -0.992037 -0.125799 -0.0178098 -0.994228 -0.105798 -0.0184685 -0.994402 -0.104036 -0.0231495 -0.996516 -0.0801237 -0.0231999 -0.996627 -0.0787167 -0.0199357 -0.998375 -0.0533773 -0.0196942 -0.998424 -0.0525445 -0.00847922 -0.999561 -0.0283834 -0.00834349 -0.999568 -0.0281777 0.0101256 -0.999919 -0.00777295 0.00983819 -0.99992 -0.00800946 0.0337963 -0.999409 0.00628373 0.0329464 -0.999439 0.00593969 0.0600599 -0.998119 0.0123342 0.0586795 -0.998202 0.0122248 0.0859603 -0.99625 0.00986261 0.0843321 -0.996385 0.010296 0.108373 -0.99411 -0.000931304 0.106847 -0.994276 0.000156653 0.131543 -0.99109 -0.0208848 0.128754 -0.991509 -0.0181988 0.144742 -0.988054 -0.0529036 0.14426 -0.988395 -0.0475765 0.133871 -0.986879 -0.0902645 0.13569 -0.98691 -0.0871651 0.107318 -0.986857 -0.120816 0.10754 -0.986854 -0.120644 0.0752544 -0.98802 -0.134732 0.0760536 -0.98797 -0.134651 0.0340547 -0.993003 -0.113074 0.0379342 -0.992454 -0.116603 -0.0013987 -0.988205 -0.153131 -0.00603054 -0.984301 -0.176393 -0.0119994 -0.986712 -0.162034 -0.0113617 -0.9881 -0.153393 -0.0108827 -0.996506 -0.0828068 -0.0106653 -0.996443 -0.0835893 -0.0101429 0.999917 0.0078882 0.00885883 0.999539 0.0290353 0.00872224 0.999546 0.0288277 -0.00982217 0.999919 0.00815404 0.0206268 0.99829 0.054697 0.0203679 0.998343 0.0538116 0.0239985 0.996335 0.0820989 0.0240481 0.996456 0.0806046 0.018624 0.993942 0.108319 0.019316 0.994131 0.106447 0.00521565 0.991444 0.130431 0.00674948 0.991665 0.128665 -0.0147551 0.989237 0.145579 -0.0124604 0.989441 0.144401 -0.0422477 0.986777 0.156481 -0.0379762 0.987171 0.155081 -0.0768802 0.985295 0.15259 -0.0707336 0.985378 0.155009 -0.109195 0.986036 0.125737 -0.106177 0.985883 0.129465 -0.12788 0.987933 0.0873775 -0.127741 0.987896 0.0879981 -0.125013 0.990888 0.0501231 -0.125335 0.990811 0.0508462 -0.109147 0.993767 0.0226857 -0.10974 0.993683 0.0234634 -0.0889776 0.996021 0.00500875 -0.0894299 0.995979 0.00527225 -0.063521 0.997975 -0.00342569 -0.0636936 0.997964 -0.00340479 -0.0366967 0.999325 -0.0014496 -0.0365762 0.99933 -0.0014163 -0.0126341 0.999862 0.0107718 -0.0123554 0.999863 0.0109922 0.00502308 0.999495 0.0313796 0.00527442 0.999479 0.031832 0.0134554 0.998269 0.0572526 0.0135329 0.99823 0.0579032 0.0114658 0.996366 0.0843951 0.0112584 0.996307 0.0851241 -0.000635017 0.994062 0.10881 -0.00117735 0.993984 0.109522 -0.0208899 0.991685 0.12698 -0.0217735 0.9916 0.127494 -0.0464129 0.989598 0.136171 -0.0476355 0.989514 0.136357 -0.0767018 0.98765 0.136619 -0.0774298 0.987604 0.13654 -0.10938 0.986458 0.122214 -0.109562 0.986456 0.122072 -0.136438 0.986462 0.0909783 -0.138296 0.986491 0.0878084 -0.147566 0.987636 0.0529073 -0.147083 0.987987 0.047428 -0.134196 0.990745 0.0203656 -0.131286 0.991189 0.0175759 -0.11052 0.993874 0.000167542 -0.108886 0.994054 -0.000976672 -0.087553 0.996103 -0.0106493 -0.0858022 0.99625 -0.0110971 -0.0611003 0.998047 -0.0129702 -0.0596142 0.998139 -0.0128421 -0.0343124 0.999389 -0.00661598 -0.0333873 0.999423 -0.00623489 </float_array>
          <technique_common>
            <accessor count="822" offset="0" source="#meshId3-normals-array" stride="3">
              <param name="X" type="float" />
              <param name="Y" type="float" />
              <param name="Z" type="float" />
            </accessor>
          </technique_common>
        </source>
        <source id="meshId3-tangents" name="meshId3-tangents">
          <float_array id="meshId3-tangents-array" count="2466"> -0.14054 -0.677738 0.721748 -0.114405 -0.703293 0.701634 -0.142742 -0.665762 0.732384 -0.154196 -0.648671 0.745285 -0.0271316 -0.78343 0.620888 -0.114626 -0.701902 0.702989 -0.14092 -0.662897 0.735329 -0.151248 -0.631083 0.760828 -0.157984 -0.626185 0.763501 0.358843 -0.84227 0.40226 0.302775 -0.86007 0.410618 0.253867 -0.878385 0.404959 0.358007 -0.836614 0.414619 0.269657 -0.872456 0.40756 0.149434 -0.925101 0.349082 0.132288 -0.94333 0.304348 0.24899 -0.8845 0.394542 0.341507 -0.812648 0.472203 -0.162707 -0.697649 0.69772 -0.158028 -0.686317 0.709927 -0.158102 -0.670253 0.725096 -0.155556 -0.671587 0.724412 -0.158055 -0.673282 0.722295 -0.15961 -0.680062 0.71557 0.114893 -0.857581 0.501352 0.150096 -0.861969 0.484233 0.168291 -0.868477 0.46629 0.101276 -0.849851 0.5172 0.177139 -0.857516 0.483 0.214225 -0.886246 0.410701 0.244438 -0.920207 0.305727 0.167375 -0.88399 0.436518 0.0375865 -0.817064 0.57532 0.385462 -0.706602 0.593408 0.388521 -0.704308 0.59414 0.412455 -0.71561 0.563723 0.408131 -0.754114 0.514529 0.406348 -0.700687 0.586446 0.425876 -0.684804 0.591332 0.429427 -0.685742 0.587665 0.4211 -0.737128 0.528505 0.406885 -0.793532 0.452495 0.227172 -0.840248 0.492317 0.264414 -0.827971 0.494519 0.236769 -0.906703 0.349041 0.23855 -0.91375 0.328869 0.147146 -0.964596 0.218867 0.182247 -0.968889 0.167451 0.383966 -0.805492 0.451389 0.404763 -0.817438 0.409831 0.394832 -0.751462 0.528595 -0.209419 -0.751907 0.625124 -0.168948 -0.688877 0.704915 -0.154408 -0.676329 0.720234 -0.170798 -0.696596 0.696838 -0.10607 -0.586941 0.802651 -0.128958 -0.620044 0.773896 0.590724 -0.596033 -0.543866 0.611935 -0.56419 -0.554279 0.539427 -0.519337 -0.662803 0.553584 -0.56025 -0.616169 0.662563 -0.561866 -0.495295 0.568275 -0.514161 -0.642419 0.472077 -0.487421 -0.73455 0.448559 -0.477372 -0.755586 0.409056 -0.448214 -0.794844 0.0830605 -0.847494 0.524265 -0.00586595 -0.791308 0.611389 -0.112681 -0.700688 0.704514 0.183401 -0.842784 0.506043 0.240667 -0.900096 0.36319 0.234226 -0.952351 0.195362 -0.292622 -0.914848 0.278254 -0.287767 -0.899908 0.327653 -0.248178 -0.875635 0.414332 -0.273709 -0.904156 0.328001 -0.266532 -0.887141 0.376752 -0.207877 -0.823407 0.528004 -0.153733 -0.67434 0.722241 -0.209688 -0.783492 0.584955 -0.253397 -0.86855 0.425924 -0.183043 -0.711396 0.678535 -0.238238 -0.829907 0.504477 -0.116123 -0.59503 0.79527 0.468732 -0.72923 0.498512 0.481696 -0.732546 0.480985 0.379608 -0.707316 0.596324 0.367015 -0.701822 0.610529 0.491046 -0.734885 0.467779 0.392692 -0.711771 0.582387 0.614495 -0.600206 -0.512004 0.609482 -0.604722 -0.512682 0.665315 -0.746229 0.0223006 0.677662 -0.734072 -0.043743 0.621391 -0.61747 -0.482291 0.651932 -0.751141 0.10379 0.611196 -0.591412 -0.525995 0.448894 -0.4918 -0.746075 0.45887 -0.499664 -0.734694 0.540872 -0.546863 -0.639061 0.321456 -0.412782 -0.852219 0.421546 -0.47929 -0.769792 0.536442 -0.541088 -0.647653 0.661069 -0.626473 -0.412939 0.377277 -0.437314 -0.816345 -0.864985 0.32327 0.383793 -0.707801 0.425567 0.563836 -0.81079 0.373706 0.450515 -0.933543 0.241995 0.264455 -0.389457 0.543516 0.743582 -0.556616 0.504622 0.659951 -0.675657 0.420546 0.605499 -0.891383 0.289424 0.348811 -0.984607 0.168534 0.0463306 -0.884468 0.443613 0.144647 -0.748083 0.575635 0.330177 -0.782068 0.547197 0.298237 -0.878067 0.458645 0.136541 -0.654306 0.633895 0.412384 -0.619076 0.655392 0.432674 -0.58728 0.670134 0.453897 -0.813956 0.517552 0.263846 -0.869705 0.458643 0.182373 -0.759686 0.330177 0.560233 -0.952843 0.204681 0.224045 -0.767838 0.189085 0.612104 -0.940808 0.158843 0.299415 -0.982798 0.184664 0.00287845 -0.983303 0.161482 -0.0838954 -0.866546 0.438192 0.238928 -0.630609 0.490314 0.601601 -0.604089 0.470612 0.643118 -0.819342 0.522827 0.235224 -0.365579 0.416443 0.832422 -0.253636 0.389383 0.885466 -0.208666 0.407718 0.888946 -0.555456 0.465832 0.688817 -0.833858 0.434053 0.340996 -0.859812 0.478159 0.17913 -0.934417 0.356098 -0.00763227 -0.80667 0.488056 0.333295 -0.630552 0.531865 0.565264 -0.804558 0.514757 0.296161 -0.919734 0.391509 0.0284686 -0.715498 0.0657362 0.695515 -0.88527 0.132263 0.445874 -0.778779 0.0853909 0.621459 -0.864907 0.123475 0.486508 -0.934996 0.182927 0.303843 -0.967988 0.197319 0.155128 -0.600538 0.457538 0.655754 -0.823514 0.387974 0.413885 -0.208121 0.466285 0.859804 -0.721763 0.513846 0.463704 -0.878719 0.454899 0.14464 -0.505927 0.482083 0.715286 -0.85835 0.14439 0.492328 -0.700253 0.184633 0.689606 -0.641044 0.196156 0.742014 -0.790576 0.137985 0.596615 -0.602531 0.19528 0.773836 -0.582169 0.187302 0.7912 -0.51744 0.131055 0.845624 -0.600263 0.198931 0.774668 -0.687668 0.164415 0.707164 -0.887296 0.109661 0.447974 -0.860444 0.134888 0.491368 -0.820703 0.155821 0.549697 -0.748235 0.565774 0.346474 -0.580183 0.690163 0.432507 -0.926871 0.347548 0.141848 -0.636962 0.696024 0.331406 -0.237639 0.868566 0.434879 -0.268896 0.835154 0.479805 -0.14083 -0.661827 0.73631 -0.113657 -0.701567 0.703481 -0.141904 -0.665502 0.732782 -0.151023 -0.630155 0.761641 -0.0266294 -0.783319 0.621049 -0.113773 -0.703353 0.701676 -0.140183 -0.678894 0.72073 -0.153294 -0.649092 0.745104 -0.157148 -0.626135 0.763714 0.134068 -0.943986 0.301523 0.148571 -0.927113 0.344076 0.254264 -0.879677 0.401893 0.249743 -0.884988 0.392968 0.271163 -0.872973 0.405449 0.306413 -0.858788 0.410602 0.36461 -0.83849 0.404961 0.359292 -0.835684 0.415382 0.341436 -0.813134 0.471418 -0.158722 -0.681251 0.714635 -0.157041 -0.671115 0.724529 -0.156599 -0.673517 0.722393 -0.156654 -0.686817 0.709747 -0.161425 -0.698312 0.697354 -0.154274 -0.672012 0.724292 0.243095 -0.92005 0.307265 0.214318 -0.88589 0.41142 0.167883 -0.867569 0.468123 0.166069 -0.883276 0.438456 0.177393 -0.856754 0.484256 0.14991 -0.860908 0.486173 0.114644 -0.856576 0.503125 0.101238 -0.84911 0.518424 0.0372092 -0.816344 0.576367 0.428769 -0.686982 0.586696 0.424784 -0.687109 0.58944 0.41337 -0.716919 0.561385 0.420826 -0.738122 0.527334 0.406132 -0.703679 0.583003 0.388574 -0.70658 0.5914 0.386373 -0.70783 0.591348 0.409796 -0.75404 0.513313 0.408798 -0.793651 0.450558 0.237132 -0.906958 0.348132 0.147553 -0.964714 0.218072 0.265551 -0.827891 0.494043 0.228564 -0.840275 0.491626 0.238696 -0.913878 0.328406 0.180566 -0.969266 0.16709 0.394082 -0.752912 0.527088 0.387684 -0.803205 0.452287 0.409383 -0.813173 0.413709 -0.127582 -0.620289 0.773928 -0.152975 -0.676733 0.720161 -0.104375 -0.587385 0.802549 -0.16729 -0.689637 0.704567 -0.208294 -0.752132 0.625229 -0.169585 -0.69705 0.696679 0.46833 -0.489815 -0.735356 0.565481 -0.516853 -0.642724 0.537331 -0.522486 -0.66203 0.44513 -0.479772 -0.756094 0.661608 -0.565218 -0.492751 0.610608 -0.567716 -0.552138 0.589473 -0.599736 -0.541145 0.55141 -0.563428 -0.615219 0.406184 -0.450772 -0.79487 -0.00522554 -0.790887 0.61194 -0.112109 -0.700314 0.704976 0.0833008 -0.846748 0.525431 0.241157 -0.899966 0.363188 0.232794 -0.952661 0.19556 0.184537 -0.842817 0.505574 -0.151371 -0.67879 0.718561 -0.202006 -0.836732 0.508992 -0.241214 -0.885429 0.397281 -0.206594 -0.787667 0.580431 -0.249182 -0.906489 0.340862 -0.278299 -0.913693 0.296166 -0.307962 -0.918917 0.246477 -0.272201 -0.910993 0.309836 -0.253117 -0.871155 0.420737 -0.113944 -0.596006 0.794854 -0.181277 -0.713726 0.67656 -0.237782 -0.830759 0.503288 0.388867 -0.714022 0.582199 0.376981 -0.709455 0.595449 0.481606 -0.735577 0.476426 0.474036 -0.733448 0.487179 0.461729 -0.730188 0.503619 0.36492 -0.703698 0.609625 0.644413 -0.755738 0.116583 0.660785 -0.75029 0.0206648 0.616266 -0.617129 -0.489253 0.602929 -0.603691 -0.521568 0.607699 -0.599246 -0.521159 0.674575 -0.736031 -0.0566278 0.416952 -0.480856 -0.771316 0.455086 -0.501788 -0.735599 0.318526 -0.415335 -0.852079 0.448379 -0.495844 -0.743704 0.611674 -0.596036 -0.520189 0.539328 -0.550201 -0.637499 0.375741 -0.440583 -0.815295 0.535478 -0.545034 -0.645137 0.659706 -0.630036 -0.409686 -0.66938 0.408078 0.620808 -0.554558 0.508503 0.658703 -0.80934 0.36928 0.456729 -0.889281 0.278507 0.362785 -0.387692 0.548071 0.741156 -0.706064 0.423851 0.567295 -0.864574 0.319772 0.387631 -0.933398 0.230328 0.275167 -0.986172 0.155031 0.0585725 -0.655522 0.636698 0.406087 -0.643591 0.6582 0.390594 -0.78053 0.55405 0.289485 -0.814098 0.519536 0.259473 -0.64378 0.666251 0.376374 -0.744457 0.586014 0.319956 -0.881113 0.45172 0.139961 -0.876266 0.464093 0.12952 -0.869435 0.46222 0.174455 -0.984977 0.172673 0.0019669 -0.941818 0.145882 0.302815 -0.952424 0.190046 0.238265 -0.985678 0.14981 -0.0774258 -0.760888 0.176575 0.624397 -0.753178 0.318661 0.575481 -0.198712 0.410564 0.889916 -0.247216 0.392485 0.885912 -0.601342 0.475639 0.641994 -0.551984 0.469134 0.689367 -0.361208 0.421218 0.831928 -0.627038 0.496733 0.600066 -0.862758 0.448093 0.234227 -0.817018 0.528311 0.231017 -0.833664 0.436814 0.337933 -0.629677 0.53817 0.56025 -0.807495 0.492167 0.32515 -0.857894 0.483875 0.172866 -0.801226 0.521933 0.292614 -0.931746 0.362912 -0.0119977 -0.917131 0.397813 0.0247874 -0.938143 0.171061 0.301039 -0.867519 0.111294 0.484794 -0.887335 0.119406 0.445398 -0.970923 0.185963 0.150755 -0.778955 0.0730167 0.622814 -0.714605 0.0540221 0.697439 -0.199598 0.471003 0.859254 -0.598375 0.45988 0.656093 -0.823582 0.38792 0.413801 -0.502464 0.488427 0.713421 -0.717722 0.521184 0.461782 -0.875795 0.461514 0.141375 -0.520505 0.110634 0.846661 -0.585128 0.169248 0.793083 -0.642749 0.181665 0.744225 -0.600727 0.178299 0.779318 -0.604988 0.179773 0.775674 -0.702013 0.173228 0.690775 -0.859677 0.132209 0.493433 -0.79048 0.126415 0.5993 -0.687661 0.150285 0.710307 -0.862492 0.123123 0.490865 -0.821375 0.143676 0.551996 -0.887992 0.0967551 0.449566 -0.111768 0.830182 0.546174 -0.46118 0.76727 0.445657 -0.599574 0.699345 0.389136 -0.31305 0.789772 0.527504 -0.856461 0.496428 0.141544 -0.686597 0.653771 0.318071 0.469505 -0.50309 -0.72558 0.307866 -0.582983 -0.751897 0.317055 -0.586588 -0.745246 0.464503 -0.507244 -0.725907 0.139077 -0.605878 -0.783307 0.149377 -0.614637 -0.774537 -0.222681 0.544715 0.808516 -0.391149 0.517143 0.761292 -0.395134 0.512433 0.762418 -0.230036 0.538094 0.810888 -0.527002 0.472695 0.706277 -0.529634 0.470321 0.705893 0.617326 0.296209 0.728813 0.735712 0.309021 0.602688 0.738806 0.330894 0.58709 0.635667 0.298741 0.711815 0.811831 0.326822 0.483857 0.814823 0.325574 0.47965 -0.829229 -0.31865 -0.459174 -0.759265 -0.308237 -0.573155 -0.752939 -0.328185 -0.570419 -0.825634 -0.320164 -0.464568 -0.653988 -0.29564 -0.696345 -0.641248 -0.305278 -0.703993 -0.0276334 -0.577443 -0.815963 -0.03287 -0.5826 -0.812094 -0.163263 -0.559575 -0.81254 -0.171853 -0.561989 -0.809096 0.0739983 0.541502 0.837437 -0.0624905 0.553928 0.830216 -0.0731865 0.55158 0.830905 0.0662236 0.542464 0.837465 0.500139 -0.167495 -0.849592 0.637127 -0.153893 -0.755239 0.645162 -0.158343 -0.747458 0.50972 -0.165839 -0.844206 0.742511 -0.132589 -0.65658 0.747109 -0.129716 -0.651922 -0.671942 0.291745 0.680719 -0.54339 0.337215 0.768774 -0.533593 0.344714 0.772303 -0.663948 0.299082 0.685364 -0.381504 0.326893 0.864636 -0.37019 0.325867 0.869925 0.102967 0.471456 0.875858 -0.177974 0.400755 0.898733 -0.205371 0.39253 0.896517 0.0730532 0.465038 0.882272 -0.420306 0.308422 0.853357 -0.438276 0.299508 0.847472 0.45188 -0.316817 -0.833925 0.219469 -0.408592 -0.885938 0.19206 -0.411024 -0.891164 0.440664 -0.329381 -0.835059 -0.141538 -0.502807 -0.852732 -0.18103 -0.497272 -0.848498 -0.410576 -0.28305 -0.866781 -0.382104 -0.281812 -0.880101 -0.00570075 -0.235874 -0.971767 0.0172591 -0.234191 -0.972037 0.0220504 0.2711 0.962298 0.377043 0.283175 0.881845 0.404996 0.281883 0.869782 0.0423221 0.271164 0.961602 0.774732 0.30638 0.553102 0.533156 0.433687 0.726402 0.512997 0.470106 0.718216 0.747697 0.343924 0.568037 0.193655 0.542876 0.81718 0.160619 0.559442 0.813158 -0.526529 -0.463185 -0.7129 -0.56478 -0.455611 -0.688071 -0.774463 -0.311866 -0.550405 -0.788122 -0.29082 -0.542482 -0.199861 -0.51311 -0.834729 -0.254053 -0.487018 -0.835626 -0.256253 -0.485927 -0.835589 -0.202365 -0.511934 -0.834848 -0.290166 -0.459226 -0.839592 -0.291285 -0.459115 -0.839266 0.232885 0.49524 0.83696 0.179176 0.517394 0.836779 0.175038 0.518384 0.837042 0.232071 0.49573 0.836896 -0.706731 0.105196 -0.699618 -0.635957 0.132882 -0.760198 -0.634248 0.128582 -0.762362 -0.704522 0.104915 -0.701884 -0.562517 0.155213 -0.812086 -0.559729 0.154807 -0.814087 -0.0797612 0.799844 0.594884 -0.180799 0.949382 0.256876 -0.196411 0.958251 0.207791 -0.0796429 0.799782 0.594984 -0.288327 0.942129 -0.171057 -0.288448 0.942068 -0.17119 0.509153 -0.310442 0.802738 0.581673 -0.266902 0.768388 0.583475 -0.268727 0.766383 0.511268 -0.310299 0.801449 0.647183 -0.224056 0.728665 0.649208 -0.223798 0.726941 0.718405 -0.162154 -0.676462 0.625143 -0.355895 -0.694648 0.620146 -0.361607 -0.696175 0.71695 -0.169821 -0.676124 -0.621318 0.413057 0.665844 -0.624454 0.410907 0.664238 -0.664542 0.348322 0.661102 -0.664763 0.346799 0.66168 0.30412 -0.192732 -0.932934 0.317037 -0.196027 -0.927934 -0.2181 0.294716 0.930363 -0.206762 0.292953 0.933503 -0.457542 -0.194579 -0.867637 -0.731444 0.0489944 -0.680139 -0.744493 0.101989 -0.659794 -0.474468 -0.178782 -0.861926 -0.830158 0.180557 -0.527481 -0.834096 0.178589 -0.521909 0.739967 -0.217139 0.636631 0.660273 -0.0510406 0.749289 0.648099 -0.169185 0.742525 0.731217 -0.219983 0.645701 0.385424 0.23085 0.893396 0.367932 0.172544 0.913704 -0.283515 -0.39801 -0.872472 -0.290051 -0.399754 -0.869521 0.211406 0.445715 0.869854 0.204744 0.445884 0.87136 -0.47429 0.242445 0.846327 -0.46429 0.149113 0.873041 -0.450905 0.169846 0.876263 -0.471678 0.241095 0.84817 -0.384142 -0.017333 0.923111 -0.366973 0.000308083 0.930231 0.440091 -0.0460547 -0.896771 0.528168 -0.199666 -0.825331 0.52334 -0.218966 -0.82351 0.448131 -0.0706218 -0.891174 -0.0647842 -0.172968 0.982795 -0.0352372 -0.161696 0.986211 0.296288 -0.244002 0.923405 0.321578 -0.251551 0.912858 -0.228749 0.180699 -0.956568 0.0968558 0.113005 -0.988862 0.128638 0.0972794 -0.986909 -0.212427 0.199167 -0.956665 0.525264 -0.302358 0.79541 0.535949 -0.308076 0.786033 0.628412 -0.31721 0.710265 0.629742 -0.316405 0.709445 -0.519137 0.2715 -0.810423 -0.41531 0.249831 -0.874701 -0.410104 0.266096 -0.872357 -0.51596 0.275238 -0.81119 0.598787 -0.333118 0.728345 0.59791 -0.336487 0.727517 0.535054 -0.373218 0.757909 0.53237 -0.376235 0.758307 -0.569197 0.203503 -0.796619 -0.553022 0.242937 -0.796962 -0.552821 0.246227 -0.796091 -0.568134 0.204953 -0.797006 -0.4891 -0.52738 -0.694731 -0.673111 -0.551293 -0.492948 -0.686987 -0.540816 -0.485353 -0.500636 -0.532104 -0.682809 -0.833137 -0.412985 -0.367866 -0.843863 -0.39186 -0.366524 -0.49313 -0.35969 -0.792115 -0.435838 -0.293024 -0.850989 -0.436073 -0.288278 -0.852488 -0.492837 -0.355671 -0.79411 -0.345646 -0.211622 -0.914191 -0.346278 -0.203996 -0.915684 -0.871912 -0.320251 -0.370416 -0.819054 -0.32549 -0.472449 -0.812966 -0.327187 -0.481699 -0.871002 -0.317938 -0.374527 -0.728058 -0.344458 -0.592689 -0.720541 -0.344613 -0.601717 -0.430801 -0.45933 -0.776805 -0.533267 -0.505388 -0.678387 -0.537466 -0.505938 -0.674653 -0.433462 -0.464186 -0.772426 -0.666029 -0.494244 -0.558685 -0.668958 -0.492385 -0.556824 -0.2256 -0.13245 -0.965174 -0.350689 -0.338512 -0.873171 -0.35945 -0.360527 -0.860707 -0.238483 -0.149431 -0.959581 -0.288375 -0.0882768 -0.95344 -0.287599 -0.0782766 -0.954547 -0.279237 0.0275321 -0.959827 -0.281242 0.038359 -0.95887 -0.838421 -0.0469114 -0.543001 -0.696877 0.0697512 -0.71379 -0.706379 0.0959857 -0.701295 -0.833295 -0.0362736 -0.551637 -0.512893 0.110246 -0.851344 -0.517172 0.11955 -0.847491 -0.551366 0.104577 -0.827683 -0.606799 0.0670016 -0.792027 -0.609053 0.0613598 -0.790753 -0.554493 0.104043 -0.825659 -0.635818 -0.0250819 -0.771431 -0.636616 -0.0241548 -0.770802 -0.390612 -0.183036 -0.902175 -0.401815 -0.329925 -0.854221 -0.403187 -0.342761 -0.848502 -0.398673 -0.191967 -0.896776 -0.638576 -0.320967 -0.699429 -0.634396 -0.314597 -0.706095 -0.57287 -0.238213 -0.784267 -0.569238 -0.229061 -0.78962 -0.450779 0.122911 -0.884133 -0.354643 0.0334509 -0.934403 -0.361535 0.0221103 -0.932096 -0.455542 0.119253 -0.88219 -0.270298 -0.100164 -0.957552 -0.263288 -0.11367 -0.957997 -0.281274 0.0383554 -0.958861 -0.320075 0.0951366 -0.942603 -0.322224 0.0965659 -0.941725 -0.282103 0.0427533 -0.958431 -0.371172 0.0683018 -0.926049 -0.370724 0.06272 -0.926623 -0.885339 -0.21296 -0.413307 -0.890495 -0.174763 -0.42009 -0.86092 -0.0996362 -0.498887 -0.858731 -0.0999244 -0.502589 -0.612958 -0.173752 -0.770774 -0.616022 -0.152241 -0.772877 -0.575242 -0.245521 -0.780267 -0.574076 -0.245359 -0.781176 -0.425226 -0.00125851 -0.905086 -0.432936 -0.00274156 -0.90142 -0.558423 -0.0740718 -0.826243 -0.550753 -0.0682665 -0.831872 -0.518014 0.0845376 -0.851184 -0.512068 0.0943203 -0.85375 -0.799866 0.0327948 -0.599282 -0.724786 0.0142327 -0.688827 -0.720199 0.00946682 -0.693703 -0.797123 0.034404 -0.602837 -0.641772 -0.0117102 -0.766807 -0.638912 -0.0103253 -0.76921 -0.727941 -0.256117 -0.636007 -0.781109 -0.117699 -0.613202 -0.784515 -0.0912883 -0.613354 -0.726495 -0.249414 -0.640311 -0.805377 0.0611895 -0.589597 -0.804003 0.0906811 -0.58767 -0.521878 -0.280546 -0.805567 -0.640874 -0.309083 -0.702672 -0.631448 -0.32015 -0.706242 -0.522556 -0.290468 -0.801601 -0.583731 -0.0644537 -0.809385 -0.537921 0.0647209 -0.840507 -0.540989 0.0687908 -0.838212 -0.583973 -0.0577535 -0.809716 -0.431093 -0.106214 -0.896034 -0.434148 -0.119255 -0.892913 0.874587 0.399714 0.274457 0.880718 0.368291 0.297821 0.880604 0.365131 0.302019 0.877089 0.393784 0.275043 -0.880547 -0.365275 -0.302013 -0.880373 -0.361357 -0.307189 -0.87458 -0.40666 -0.264078 -0.873489 -0.408263 -0.265214 -0.873233 -0.408456 -0.265758 -0.874586 -0.406675 -0.264035 0.87341 0.408207 0.265559 0.873066 0.408361 0.266451 -0.788049 -0.459679 -0.409479 -0.787545 -0.453469 -0.4173 -0.844714 -0.409085 -0.34512 -0.846919 -0.40351 -0.346277 -0.0932551 0.990804 0.0980309 -0.0932678 0.990805 0.0980133 -0.0932374 0.990788 0.0982181 -0.0933277 0.990791 0.0981022 -0.0931554 0.990784 0.0983348 -0.0931588 0.990785 0.0983217 -0.0932374 0.990788 0.0982181 -0.093159 0.990784 0.0983285 -0.0931927 0.990835 0.0977833 -0.0933107 0.990832 0.0976996 -0.0931843 0.990872 0.0974137 -0.0932956 0.990867 0.0973539 -0.0932026 0.990912 0.0969849 -0.0932801 0.990909 0.0969484 -0.0932444 0.990954 0.0965151 -0.0932195 0.990959 0.0964895 -0.0932578 0.990999 0.096046 -0.0931264 0.991016 0.0959905 -0.0932492 0.991043 0.0955979 -0.0931558 0.991058 0.0955248 -0.093328 0.99107 0.0952371 -0.0933478 0.991069 0.0952304 -0.0934899 0.99107 0.0950799 -0.0936067 0.991047 0.0952017 -0.0936679 0.991044 0.0951779 -0.0938135 0.991002 0.0954642 -0.0937736 0.991002 0.0955025 -0.093858 0.990961 0.0958507 -0.0937455 0.990968 0.0958867 -0.0937657 0.990932 0.0962426 -0.0936033 0.990945 0.0962607 -0.0935546 0.99091 0.0966705 -0.0933915 0.990926 0.0966656 -0.0932527 0.990894 0.0971251 -0.0931211 0.990908 0.0971062 -0.0928853 0.990885 0.0975671 -0.0927966 0.990895 0.0975496 -0.0924815 0.990884 0.0979595 -0.09244 0.990888 0.097963 -0.0920765 0.990889 0.0982886 -0.0920698 0.990886 0.0983262 -0.0916963 0.990898 0.0985522 -0.0917064 0.99089 0.0986262 -0.0913719 0.990908 0.0987513 -0.0913787 0.990899 0.0988355 -0.0911018 0.99092 0.098885 -0.0910952 0.990916 0.0989325 -0.0908159 0.990941 0.0989356 -0.0908025 0.990943 0.0989262 -0.0905676 0.99097 0.0988779 -0.0905991 0.990977 0.098774 -0.0905477 0.990983 0.0987576 -0.0906885 0.99099 0.0985603 -0.0907842 0.990972 0.0986557 -0.0910513 0.990973 0.0984025 -0.0911892 0.990941 0.0985879 -0.0915491 0.99093 0.0983667 -0.0916328 0.990902 0.0985712 -0.0959949 0.990581 0.0976406 -0.091226 0.993 0.0750295 -0.0986052 0.992769 0.0684632 -0.0987429 0.992621 0.0703794 -0.0984668 0.992343 0.0745673 -0.0974773 0.990343 0.098586 -0.0929953 0.990793 0.0983952 -0.092995 0.990793 0.098393 0.998065 -0.0092624 -0.0614869 0.998255 -0.0025803 -0.0589899 0.998169 -0.00275637 -0.0604286 0.998026 -0.00926695 -0.062118 0.998299 0.0134481 -0.0567259 0.998198 0.0132332 -0.0585337 0.997825 0.0362988 -0.0550313 0.997736 0.0362398 -0.0566493 0.996586 0.0625206 -0.053925 0.996522 0.0627729 -0.0548023 0.994705 0.088008 -0.0530772 0.994667 0.0885522 -0.0528727 0.992724 0.108761 -0.0516755 0.992708 0.109422 -0.0505784 0.990854 0.125723 -0.049005 0.990854 0.126082 -0.0480897 0.990378 0.130488 -0.0460982 0.990358 0.130426 -0.0466821 0.992358 0.114372 -0.0463122 0.99253 0.111907 -0.0485814 0.995121 0.084646 -0.0506965 0.995419 0.0791969 -0.0535664 0.997044 0.0514452 -0.0570667 0.997144 0.0474484 -0.0587526 0.997766 0.024156 -0.0622883 0.997798 0.0219214 -0.0626034 0.997869 0.00374488 -0.0651403 0.997882 0.0021559 -0.0650169 0.997757 -0.0108448 -0.0660475 0.997755 -0.0116298 -0.0659607 0.997725 -0.0179527 -0.0649822 0.99769 -0.0180524 -0.0654846 0.997906 -0.016584 -0.0625154 0.997815 -0.0163132 -0.0640155 0.998189 -0.00677038 -0.0597694 0.998039 -0.00657612 -0.0622426 0.998292 0.0105558 -0.0574615 0.99811 0.0103056 -0.0605751 0.997876 0.0333928 -0.0559403 0.997718 0.0325381 -0.0591552 0.996719 0.0592947 -0.0550993 0.996639 0.0578775 -0.0579801 0.994875 0.0853043 -0.0542824 0.994878 0.0836178 -0.0567871 0.99271 0.10827 -0.0529614 0.99276 0.106675 -0.0552086 0.989904 0.132449 -0.0504657 0.990151 0.129552 -0.0530723 0.987988 0.147243 -0.0468986 0.987895 0.146624 -0.050638 0.989317 0.138392 -0.0458152 0.988826 0.140384 -0.0501637 0.992274 0.113923 -0.049139 0.991976 0.11462 -0.05335 0.995 0.0833005 -0.0551056 0.994749 0.0844536 -0.0578043 0.997255 0.0412057 -0.0615178 0.996925 0.0455933 -0.063736 0.997619 0.00918092 -0.0683599 0.997852 0.00558415 -0.0652753 0.997775 -0.00118811 -0.0666552 0.997995 -0.00165378 -0.0632681 0.997989 -0.00565268 -0.0631341 0.998 -0.00539854 -0.0629825 -0.977672 -0.00826077 -0.209974 -0.978113 0.0146981 -0.207555 -0.979012 0.0144062 -0.203295 -0.978555 -0.00793382 -0.205832 -0.978417 0.0314066 -0.20424 -0.979189 0.0307897 -0.200601 -0.978869 0.0401006 -0.200518 -0.979367 0.0396651 -0.19816 -0.979408 0.0399194 -0.197906 -0.979619 0.0401085 -0.196819 -0.979856 0.031107 -0.19727 -0.979855 0.0322407 -0.197089 -0.979875 0.0146806 -0.199073 -0.979812 0.0167356 -0.199221 -0.97902 -0.00963964 -0.203534 -0.979092 -0.00572177 -0.203337 -0.976547 -0.0435429 -0.210856 -0.977046 -0.0371372 -0.209767 -0.972652 -0.0799028 -0.21809 -0.973194 -0.0763203 -0.216955 -0.969401 -0.105893 -0.221467 -0.969608 -0.105722 -0.220644 -0.96907 -0.111114 -0.220355 -0.969113 -0.111297 -0.220074 -0.970745 -0.101652 -0.217533 -0.970672 -0.102059 -0.217669 -0.972778 -0.0858187 -0.215263 -0.972825 -0.0862133 -0.214893 -0.974923 -0.0627866 -0.213501 -0.97521 -0.0629651 -0.212136 -0.976698 -0.0361726 -0.211547 -0.977224 -0.0360635 -0.209125 -0.97781 -0.0101011 -0.20925 -0.978512 -0.00982731 -0.205957 -0.978359 0.0114032 -0.2066 -0.979145 0.0116269 -0.202829 -0.978792 0.024855 -0.203342 -0.979484 0.0248789 -0.199982 -0.979318 0.0282395 -0.200346 -0.979774 0.0280006 -0.19814 -0.979795 0.0211436 -0.198882 -0.979986 0.0206552 -0.197994 -0.979825 0.00494293 -0.199798 -0.97981 0.00418547 -0.199886 -0.978988 -0.0179648 -0.203126 -0.978882 -0.0190763 -0.203534 -0.976844 -0.0469896 -0.208729 -0.976831 -0.0477428 -0.208619 -0.973087 -0.0811787 -0.215664 -0.973286 -0.081539 -0.214629 -0.968628 -0.113586 -0.221037 -0.968675 -0.116267 -0.219431 -0.965893 -0.132397 -0.222534 -0.966364 -0.133306 -0.219931 -0.967176 -0.126473 -0.220397 -0.968107 -0.124372 -0.217485 -0.97012 -0.107842 -0.21734 -0.970836 -0.106554 -0.214765 -0.972647 -0.0877906 -0.215059 -0.973371 -0.0861977 -0.21241 -0.974979 -0.0624605 -0.213342 -0.975744 -0.0609817 -0.210251 -0.976669 -0.034935 -0.211889 -0.977508 -0.0339538 -0.208146 </float_array>
          <technique_common>
            <accessor count="822" offset="0" source="#meshId3-tangents-array" stride="3">
              <param name="X" type="float" />
              <param name="Y" type="float" />
              <param name="Z" type="float" />
            </accessor>
          </technique_common>
        </source>
        <source id="meshId3-bitangents" name="meshId3-bitangents">
          <float_array id="meshId3-bitangents-array" count="2466"> -0.962856 0.263316 0.0597709 -0.985768 -0.00720631 -0.167958 -0.972222 -0.0443647 -0.229816 -0.987808 0.11757 -0.102043 -0.934889 -0.200009 -0.293222 -0.894471 -0.234941 -0.380426 -0.827701 -0.328628 -0.454879 -0.922964 -0.185418 -0.337279 -0.984486 0.0401042 -0.170819 -0.29896 0.304546 0.904365 -0.325281 0.311716 0.892763 -0.195494 0.363438 0.910876 -0.193195 0.36807 0.909505 -0.421928 0.273399 0.864425 -0.181907 0.321298 0.929342 -0.590159 0.171734 0.788809 -0.579789 0.190184 0.792259 -0.590429 0.205409 0.780513 -0.974877 0.222694 -0.00466868 -0.970784 0.23946 0.0154028 -0.982001 0.183575 -0.0444271 -0.985453 0.156317 -0.0666924 -0.967923 0.250323 0.0215328 -0.962609 0.267935 0.0399256 -0.632807 -0.452224 -0.628529 -0.647868 -0.455721 -0.610398 -0.704184 -0.436935 -0.559653 -0.690131 -0.434462 -0.578759 -0.830341 -0.393675 -0.394403 -0.88045 -0.357275 -0.31171 -0.89491 -0.335482 -0.294258 -0.782786 -0.388329 -0.486258 -0.689286 -0.438039 -0.577067 -0.729225 -0.627325 -0.273303 -0.732375 -0.627329 -0.264736 -0.885676 -0.459832 0.0642884 -0.889082 -0.456293 0.0364692 -0.727411 -0.636482 -0.256447 -0.893052 -0.423053 0.153249 -0.895093 -0.23671 0.37786 -0.895947 -0.247303 0.368945 -0.90557 -0.285351 0.313877 -0.973175 -0.214748 0.082542 -0.929839 -0.0828087 0.358528 -0.930888 -0.108846 0.348712 -0.9707 -0.234435 0.0527412 -0.94277 -0.0698362 0.326049 -0.983037 -0.183112 0.0103911 -0.766882 -0.00592574 0.641761 -0.678167 0.0322963 0.734198 -0.801579 -0.000596672 0.597889 -0.926809 0.356433 0.118238 -0.928793 0.35062 0.120038 -0.932983 0.339691 0.118965 -0.944517 0.317134 0.0855194 -0.927438 0.349518 0.133025 -0.918478 0.368902 0.142512 -0.611179 -0.770595 0.180674 -0.434205 -0.825406 0.360793 -0.587793 -0.795871 0.145221 -0.698802 -0.714969 0.0222594 -0.336831 -0.814143 0.472986 -0.547235 -0.819204 0.171574 -0.722655 -0.691184 -0.00578769 -0.746679 -0.664777 -0.0232723 -0.759826 -0.649657 -0.0246914 -0.748913 -0.400153 -0.528211 -0.793264 -0.368574 -0.484649 -0.739535 -0.414401 -0.530433 -0.968528 -0.243033 -0.0537407 -0.962547 -0.269456 -0.0299629 -0.966985 -0.248972 -0.0543349 -0.943068 0.324217 0.0742039 -0.921041 0.353803 0.162812 -0.950328 0.30301 0.0711381 -0.956762 0.290853 0.00335971 -0.889973 0.376591 0.257152 -0.94616 0.306197 0.104998 -0.96346 0.264552 0.0419276 -0.962935 0.269287 0.0155028 -0.958896 0.283647 0.00793637 -0.948235 0.309948 0.0691609 -0.948086 0.311396 0.0645401 -0.950133 0.299859 0.0856226 -0.606704 -0.675951 -0.41833 -0.618127 -0.673076 -0.406063 -0.585857 -0.682648 -0.436764 -0.596385 -0.681222 -0.424573 -0.627201 -0.670907 -0.395604 -0.587966 -0.681239 -0.43613 -0.680832 -0.731335 0.0402018 -0.710861 -0.703158 -0.0156865 -0.720468 -0.649602 -0.242781 -0.723465 -0.654844 -0.218581 -0.719629 -0.693226 -0.0396536 -0.708395 -0.652138 -0.269988 -0.65049 -0.75394 0.0918497 -0.658735 -0.746278 0.0955905 -0.655372 -0.748678 0.0998471 -0.601304 -0.782666 0.160834 -0.68866 -0.719627 0.0887977 -0.69255 -0.718167 0.0678998 -0.710193 -0.704007 -7.33882e-05 -0.694528 -0.719165 -0.0208109 -0.721264 -0.691661 0.0371863 -0.0777755 0.669225 -0.738979 -0.151576 0.688083 -0.709624 -0.0593949 0.713169 -0.698472 0.00277647 0.742599 -0.66973 -0.0247069 0.800869 -0.598329 -0.156537 0.71645 -0.679849 -0.119646 0.747889 -0.652952 0.00603975 0.777094 -0.629355 0.106918 0.79044 -0.603137 0.218179 0.667221 -0.71219 0.163737 0.642279 -0.748778 0.119134 0.601011 -0.790312 0.194258 0.602388 -0.774205 0.138082 0.636293 -0.758989 0.0428399 0.578307 -0.814693 -0.0863856 0.505693 -0.858377 0.0854806 0.555942 -0.826814 0.117964 0.551939 -0.825499 -0.00150084 0.860619 -0.509247 0.100953 0.91004 -0.402041 0.144697 0.981948 -0.121823 0.199072 0.973922 0.108838 0.182066 0.966118 0.182943 0.180146 0.928997 -0.323283 0.324023 0.85804 -0.398468 0.480997 0.855249 -0.192851 0.512428 0.847439 -0.138797 0.381458 0.803455 -0.457111 0.604995 0.785955 -0.127498 0.734381 0.673302 -0.085725 0.698317 0.698483 -0.156443 0.389237 0.877658 -0.279664 0.0692096 0.695111 -0.715563 0.227451 0.672747 -0.704043 0.268576 0.690356 -0.671771 0.1123 0.680254 -0.724323 0.314917 0.840972 -0.439993 0.337378 0.806581 -0.485389 0.322722 0.795438 -0.51296 0.232477 0.961228 0.148306 0.272353 0.924558 0.266489 0.239612 0.956064 0.168902 0.25581 0.942379 0.215601 0.269358 0.923583 0.272838 0.242566 0.894253 0.376128 -0.0659906 0.788948 -0.610906 -0.130328 0.580674 -0.803637 0.3966 0.843776 -0.361593 0.41593 0.857498 -0.30282 0.368396 0.838971 -0.400516 0.467427 0.850158 -0.242369 0.00493547 0.961862 -0.27349 -0.139782 0.911819 -0.386067 -0.158248 0.912235 -0.37787 -0.0574576 0.953269 -0.296609 -0.00574943 0.968516 -0.248885 -0.0624439 0.95993 -0.273193 -0.221888 0.933854 -0.280503 -0.224952 0.887482 -0.402209 -0.122023 0.933992 -0.335811 0.180374 0.976467 0.118231 0.186347 0.980826 0.0570642 0.188287 0.98211 0.00271836 0.111767 0.622277 -0.774777 -0.0973746 0.468435 -0.878116 0.0371162 0.460876 -0.886688 -0.221035 0.246952 -0.943482 -0.470392 0.288804 -0.833861 -0.344723 0.381706 -0.857593 0.82887 0.327906 0.453269 0.894004 0.236664 0.380458 0.971889 0.046829 0.230737 0.923496 0.184907 0.336102 0.934001 0.201925 0.294733 0.985538 0.00937528 0.169197 0.96446 -0.258291 -0.0557088 0.987991 -0.115454 0.102688 0.984444 -0.0377856 0.171588 0.577374 -0.172882 -0.797967 0.178844 -0.317009 -0.931408 0.192145 -0.361318 -0.912431 0.568728 -0.194391 -0.799225 0.438814 -0.262791 -0.859292 0.341 -0.303693 -0.889657 0.316072 -0.297633 -0.90084 0.191145 -0.369768 -0.90925 0.580321 -0.212164 -0.786266 0.963946 -0.2635 -0.0370965 0.982332 -0.181766 0.0445529 0.968108 -0.249498 -0.0227532 0.971137 -0.23799 -0.0159537 0.975228 -0.221159 0.00428513 0.985771 -0.154212 0.066888 0.894829 0.334977 0.295077 0.880215 0.357758 0.311819 0.703445 0.438108 0.559666 0.782907 0.388436 0.485977 0.83011 0.39457 0.393994 0.647026 0.457236 0.610158 0.632373 0.453522 0.628031 0.690811 0.434989 0.577551 0.689518 0.438445 0.576482 0.894861 0.233813 -0.380203 0.894307 0.419629 -0.155327 0.886827 0.456828 -0.0696113 0.895844 0.246695 -0.369602 0.730548 0.633281 0.25545 0.735939 0.624203 0.262229 0.733288 0.624632 0.268558 0.88929 0.455519 -0.0408099 0.903872 0.283883 -0.320041 0.928057 0.10555 -0.35717 0.939388 0.067703 -0.336106 0.927321 0.0791513 -0.365803 0.972845 0.21607 -0.0829872 0.970652 0.234734 -0.0522914 0.983333 0.181569 -0.00938097 0.803519 0.00384375 -0.595267 0.772012 0.0148119 -0.635436 0.694067 -0.0167409 -0.719715 0.91875 -0.367881 -0.143394 0.93334 -0.338429 -0.119762 0.927707 -0.348322 -0.134284 0.929266 -0.349034 -0.120995 0.927196 -0.355323 -0.118549 0.944901 -0.315855 -0.0860159 0.726258 0.687407 0.00465898 0.550811 0.816687 -0.172133 0.589849 0.793874 -0.147794 0.749748 0.661366 0.0217308 0.33762 0.811297 -0.477294 0.435718 0.823026 -0.364387 0.613195 0.768312 -0.183542 0.700855 0.712876 -0.0246994 0.762046 0.647134 0.02242 0.792624 0.369827 0.484742 0.739937 0.414707 0.529633 0.749227 0.400865 0.527225 0.962469 0.269791 0.0294505 0.96735 0.247544 0.0543694 0.96829 0.24405 0.0534133 0.96396 -0.262268 -0.0446858 0.948287 -0.297025 -0.111929 0.954818 -0.289757 -0.0660598 0.964372 -0.264117 -0.0151658 0.902746 -0.344849 -0.257154 0.928739 -0.334617 -0.159608 0.941855 -0.331066 -0.057477 0.958916 -0.283555 0.00872114 0.959907 -0.280304 -0.00289938 0.950421 -0.2984 -0.0875051 0.949209 -0.306893 -0.0694224 0.949 -0.309137 -0.0619184 0.587407 0.678985 0.440377 0.586499 0.680417 0.439376 0.62472 0.669407 0.402018 0.616393 0.67153 0.411225 0.605385 0.674384 0.422747 0.597956 0.679028 0.425875 0.709758 0.647874 0.276593 0.724778 0.644989 0.242253 0.720176 0.693006 0.0330011 0.711279 0.702855 0.00871114 0.679945 0.731661 -0.0484363 0.728537 0.651402 0.211918 0.693221 0.717088 -0.0723127 0.65654 0.747157 -0.103497 0.690221 0.717747 -0.0918374 0.660751 0.744205 -0.0978116 0.65326 0.751421 -0.0928358 0.602836 0.780846 -0.163915 0.723209 0.68951 -0.039307 0.712252 0.701921 -0.00182129 0.69655 0.717268 0.0185822 0.131922 -0.757061 0.639886 0.156942 -0.713455 0.682899 0.0660557 -0.715459 0.695525 0.00891782 -0.782504 0.622581 0.0335396 -0.795122 0.605522 0.153676 -0.690296 0.707018 0.0826781 -0.670362 0.737414 0.0120787 -0.746218 0.665592 -0.0890408 -0.793733 0.601715 0.0674298 -0.486242 0.871219 -0.0302298 -0.531796 0.846333 -0.128195 -0.595114 0.793351 -0.0891391 -0.553306 0.828195 -0.127017 -0.578075 0.806038 -0.175624 -0.634209 0.752951 -0.227739 -0.664692 0.711561 -0.202564 -0.598732 0.774912 -0.124712 -0.547011 0.827784 -0.170024 -0.96775 -0.18588 -0.188514 -0.975131 -0.116544 -0.0850441 -0.916441 0.391028 -0.166957 -0.931553 0.323009 -0.142914 -0.984237 0.10418 0.00976011 -0.869324 0.494146 -0.692999 -0.700938 0.168637 -0.738112 -0.668615 0.0902439 -0.517351 -0.844112 0.140793 -0.38633 -0.876521 0.287159 -0.612422 -0.779936 0.12899 -0.488291 -0.850827 0.194074 -0.334623 -0.853305 0.399874 -0.387898 -0.800021 0.457714 -0.0764785 -0.69731 0.712678 -0.321749 -0.837078 0.442468 -0.119026 -0.675831 0.727383 -0.235114 -0.668811 0.705275 -0.345036 -0.802536 0.48671 -0.27639 -0.687405 0.671627 -0.329309 -0.791299 0.515172 -0.256333 -0.927611 -0.27172 -0.243453 -0.944929 -0.218722 -0.260684 -0.92663 -0.270925 -0.230409 -0.896818 -0.377664 -0.228365 -0.958027 -0.173301 -0.22339 -0.962432 -0.15434 -0.377415 -0.846197 0.376176 0.0674648 -0.787043 0.613198 0.126775 -0.585202 0.800916 -0.475296 -0.845322 0.243977 -0.42373 -0.853141 0.304307 -0.374602 -0.83459 0.403897 0.236815 -0.933966 0.26763 0.0772162 -0.961907 0.262246 0.169067 -0.913885 0.369094 0.236794 -0.891387 0.386468 0.0196103 -0.970519 0.240226 0.15349 -0.910367 0.384283 0.00512292 -0.963649 0.267122 0.0669527 -0.95477 0.289709 0.131992 -0.936161 0.325854 -0.175524 -0.982523 -0.0619647 -0.176278 -0.984321 -0.00609989 -0.169261 -0.977753 -0.123897 0.317296 -0.491034 0.811301 0.17905 -0.411454 0.893671 0.0362517 -0.461995 0.886141 0.245596 -0.469211 0.848247 -0.129843 -0.472551 0.871686 -0.128966 -0.540069 0.831681 0.31125 0.863338 -0.397204 0.325959 0.807084 -0.492307 0.321265 0.805757 -0.497538 0.309747 0.860988 -0.40343 0.588868 0.686548 -0.426481 0.554838 0.700482 -0.448865 0.830586 0.540228 -0.135204 0.610393 0.764857 -0.205948 0.607533 0.768304 -0.201527 0.831068 0.542168 -0.124015 0.366655 0.876187 -0.312825 0.361991 0.877938 -0.313348 0.779295 -0.103375 -0.618072 0.670118 -0.202926 -0.713977 0.662719 -0.198563 -0.722064 0.765404 -0.123957 -0.6315 0.565561 -0.234126 -0.790776 0.561241 -0.235858 -0.793334 0.537339 -0.22849 -0.811825 0.641051 -0.202508 -0.7403 0.644452 -0.192151 -0.740108 0.542847 -0.226363 -0.80875 0.750194 -0.134794 -0.647333 0.761296 -0.138246 -0.633496 0.839322 0.429948 -0.332691 0.836015 0.429255 -0.341788 0.898898 0.255059 -0.356267 0.897296 0.249696 -0.364022 0.984501 -0.173553 0.0252294 0.978298 0.198653 -0.0589066 0.977958 0.203055 -0.0486551 0.986786 -0.159992 0.0256026 0.864197 0.158857 0.477418 0.753543 0.330315 0.568388 0.745924 0.342338 0.571316 0.858426 0.163462 0.486195 0.645888 0.401469 0.649347 0.640563 0.402407 0.654024 0.673362 0.623343 0.397526 0.795185 0.500301 0.342606 0.801474 0.497665 0.331617 0.681247 0.619856 0.389464 0.91759 0.246982 0.311493 0.923845 0.22724 0.308013 0.955455 0.197974 -0.218889 0.944296 0.326481 0.0414148 0.938704 0.338154 0.0669784 0.958206 0.212613 -0.191407 0.864042 0.423222 0.272607 0.855067 0.429577 0.290386 0.838266 -0.168961 0.518423 0.960893 -0.0666558 0.268779 0.968096 -0.0695732 0.240729 0.8475 -0.153989 0.507968 0.97027 -0.241296 -0.0187691 0.961465 -0.271 -0.0463089 0.908747 -0.0489638 -0.414465 0.921374 -0.0428205 -0.386312 0.999791 -0.020433 -0.000905511 0.999559 -0.0194385 0.0224311 0.999689 0.00526835 -0.0243914 0.919711 -0.00200149 -0.392591 0.908351 -0.0155377 -0.417919 0.999089 -0.00623475 -0.0422138 0.537426 -0.779932 -0.320747 0.752818 -0.634966 -0.173447 0.770222 -0.621452 -0.143374 0.574444 -0.76412 -0.293486 0.885217 -0.455784 0.0930122 0.891804 -0.435291 0.123321 0.778371 -0.599889 -0.185126 0.750338 -0.6306 -0.198334 0.529359 -0.795865 -0.293903 0.5088 -0.803794 -0.308282 0.904613 -0.423955 0.0440131 0.900707 -0.433921 -0.0209422 0.8995 -0.436362 -0.0220915 0.904056 -0.425375 0.0417013 0.921199 -0.371688 -0.115069 0.920214 -0.374248 -0.11465 0.92851 -0.369154 -0.0399257 0.929206 -0.368435 0.0288424 0.930683 -0.3645 0.0311168 0.928181 -0.370172 -0.0381155 0.694137 -0.088063 -0.714436 0.754413 -0.100429 -0.648672 0.756457 -0.100471 -0.646281 0.696379 -0.0883968 -0.712209 0.805753 -0.117226 -0.580535 0.807692 -0.117761 -0.577725 -0.710651 0.372864 -0.596613 -0.667785 0.0732523 -0.740741 -0.662151 0.0266739 -0.748896 -0.710665 0.372997 -0.596514 -0.634817 -0.321818 -0.702454 -0.634762 -0.321998 -0.702421 0.852957 0.0573713 -0.518818 0.807975 0.0804306 -0.583702 0.806542 0.0812186 -0.585571 0.851691 0.0581414 -0.520809 0.758725 0.0964037 -0.644239 0.756993 0.0970018 -0.646183 0.183377 0.9822 -0.0406954 0.303043 0.930845 -0.204187 0.30525 0.92872 -0.210481 0.188982 0.980904 -0.0459778 0.208185 0.906249 -0.367929 0.204438 0.906769 -0.368747 0.134979 0.926114 -0.35227 0.133887 0.926685 -0.351183 0.950774 0.000242874 0.309885 0.946324 0.000475507 0.32322 0.975113 0.0269052 0.220068 0.977412 0.0191606 0.210474 0.88318 0.0137879 -0.468831 0.677404 0.166573 -0.716504 0.665392 0.194204 -0.72079 0.873881 0.0221186 -0.485637 0.55751 0.276459 -0.782786 0.551601 0.277734 -0.786512 0.672531 0.22153 -0.706135 0.750452 0.00584899 -0.6609 0.761314 0.119359 -0.637302 0.682034 0.218707 -0.697852 0.919674 -0.174962 -0.351552 0.927767 -0.13389 -0.348312 0.957555 -0.166869 -0.23504 0.955139 -0.177718 -0.236907 0.962699 -0.248723 -0.106525 0.964485 -0.243677 -0.101934 0.751767 -0.388742 0.532659 0.80794 -0.332543 0.486466 0.801395 -0.355222 0.481232 0.753408 -0.389581 0.529719 0.915083 -0.140035 0.378172 0.914883 -0.180784 0.360978 0.889576 -0.113736 0.442401 0.798652 -0.213344 0.562707 0.796318 -0.218312 0.564108 0.879339 -0.144779 0.453653 0.991742 0.0980763 0.082635 0.994246 0.0942194 0.0509722 0.939703 0.247369 -0.236152 0.932724 0.250251 -0.259616 0.950758 0.252557 -0.179651 0.989279 0.0981769 0.108116 0.988324 0.0693702 0.13566 0.955157 0.248985 -0.160256 0.837685 0.348069 -0.42087 0.829832 0.363566 -0.423318 0.721898 0.577938 -0.380593 0.720047 0.580448 -0.38028 0.768488 0.563267 -0.303574 0.881797 0.346804 -0.319625 0.881393 0.361494 -0.304085 0.766932 0.570255 -0.294322 0.650916 0.732271 -0.200217 0.654815 0.728512 -0.201213 0.660312 0.744356 -0.0996102 0.662477 0.742836 -0.096534 0.577558 0.788548 -0.211234 0.633902 0.743432 -0.213253 0.641235 0.735815 -0.217702 0.578604 0.788172 -0.209768 -0.413787 -0.560874 0.717078 -0.33362 -0.368523 0.867692 -0.334903 -0.357114 0.871957 -0.409319 -0.549519 0.728345 -0.320157 -0.182235 0.929672 -0.328127 -0.163592 0.93036 0.0640869 0.89303 -0.445411 0.10453 0.922638 -0.37123 0.106725 0.92405 -0.36707 0.0663033 0.894638 -0.441845 0.158827 0.946987 -0.279265 0.160297 0.948852 -0.272003 -0.113334 0.867919 -0.483603 -0.178503 0.927191 -0.329321 -0.178596 0.927451 -0.32854 -0.115471 0.873483 -0.472964 -0.0943513 0.906712 -0.41106 -0.0784073 0.902687 -0.423093 0.264367 -0.887248 0.378023 0.381107 -0.859463 0.340706 0.381026 -0.859405 0.340943 0.274966 -0.884387 0.377166 0.460962 -0.861563 0.212656 0.462286 -0.862218 0.207055 -0.587112 -0.772113 0.243188 -0.51197 -0.711419 0.481425 -0.503212 -0.701865 0.504145 -0.581999 -0.769007 0.264397 0.101324 0.987337 -0.122062 0.111328 0.987166 -0.114494 -0.18577 0.979155 0.0821316 -0.192101 0.976726 0.0954174 -0.344257 -0.726805 0.594341 -0.532364 -0.71721 0.449664 -0.538092 -0.716511 0.443925 -0.356485 -0.727414 0.586334 -0.605898 -0.749033 0.268026 -0.61324 -0.742506 0.269482 0.832014 0.141737 -0.536342 0.79248 0.127974 -0.59632 0.790747 0.124199 -0.599411 0.829933 0.142129 -0.539453 0.767522 0.085015 -0.63536 0.766898 0.0853555 -0.636067 -0.388428 -0.855746 0.341793 -0.117355 -0.906595 0.405356 -0.099269 -0.905352 0.412896 -0.384468 -0.852786 0.353471 0.161749 0.832588 -0.52975 0.17671 0.830229 -0.528671 0.338434 0.802717 -0.491027 0.344486 0.805588 -0.482034 0.1421 -0.967963 -0.207015 0.36485 -0.915184 -0.171238 0.339817 -0.927828 -0.153815 0.130042 -0.971442 -0.198469 0.458454 -0.887967 -0.0365272 0.462515 -0.88634 -0.0219463 -0.182672 0.978791 0.0927379 -0.37565 0.900646 0.218459 -0.376036 0.899879 0.220941 -0.190833 0.976543 0.0997307 -0.269285 0.946516 0.177744 -0.268085 0.948021 0.171424 -0.417454 -0.0273001 0.908288 -0.427418 0.00477918 0.904041 -0.506053 0.0670748 0.85989 -0.509759 0.0666447 0.857732 0.77027 0.0858605 -0.631912 0.771512 0.081455 -0.630979 0.783515 0.108602 -0.611809 0.784369 0.108967 -0.610648 -0.504444 -0.829952 0.238151 -0.50583 -0.826974 0.245457 0.41471 0.837687 -0.355383 0.420196 0.838465 -0.347004 0.503797 0.834345 -0.223736 0.509839 0.833296 -0.213735 -0.573252 -0.337475 0.746655 -0.651794 -0.338158 0.678833 -0.655007 -0.33882 0.675402 -0.57706 -0.337315 0.743788 -0.716418 -0.34761 0.604908 -0.718969 -0.347654 0.601848 0.118861 0.866428 -0.484949 -0.0130397 0.984934 -0.172439 -0.00829053 0.99056 -0.136826 0.126291 0.867472 -0.481188 0.0345198 0.997811 0.0564014 0.0583303 0.995564 0.0738189 0.0573569 0.930692 -0.36128 0.213822 0.807258 -0.550104 0.196919 0.814723 -0.54539 0.0520308 0.927562 -0.370029 0.0379897 -0.997921 0.052069 0.00702716 -0.996669 -0.0812431 0.00180789 -0.996552 -0.0829524 0.0340705 -0.998331 0.0466348 -0.10239 0.992392 -0.0683749 -0.0986577 0.991531 -0.0844576 -0.247649 -0.118395 0.961589 -0.0309784 -0.582653 0.81213 -0.0333623 -0.588014 0.808163 -0.208134 -0.204486 0.956486 0.0355291 0.584549 -0.81058 0.039001 0.59034 -0.806212 0.128119 0.331459 -0.93473 0.219314 0.156378 -0.963041 0.231607 0.131949 -0.963819 0.128079 0.33144 -0.934742 -0.219627 -0.156524 0.962946 -0.232235 -0.132242 0.963628 0.447944 -0.884443 0.130794 0.44649 -0.886596 0.120806 0.363736 -0.911809 0.190526 0.358572 -0.91429 0.188415 -0.74319 -0.00375132 -0.66907 -0.746349 -0.00441914 -0.66554 -0.61193 0.0207918 -0.790639 -0.609625 0.0210361 -0.792411 -0.455519 0.0454107 -0.889067 -0.609651 0.0213106 -0.792384 -0.61193 0.0207918 -0.790639 -0.456418 0.0452739 -0.888613 -0.851201 -0.0283398 -0.524073 -0.854412 -0.029311 -0.518769 -0.930032 -0.0516949 -0.363823 -0.932725 -0.0527744 -0.356706 -0.978459 -0.0731366 -0.193051 -0.980008 -0.0741924 -0.184607 -0.995601 -0.0919071 -0.0182201 -0.995646 -0.0927918 -0.00891956 -0.97321 -0.111093 0.201299 -0.969849 -0.112098 0.216397 -0.889484 -0.126063 0.439233 -0.883331 -0.126534 0.451347 -0.788817 -0.131967 0.600293 -0.783712 -0.132134 0.606907 -0.662928 -0.133215 0.736736 -0.653688 -0.133302 0.744931 -0.45628 -0.127699 0.880625 -0.44553 -0.127539 0.886136 -0.244739 -0.115927 0.962634 -0.238828 -0.115875 0.964123 -0.0701547 -0.102647 0.992241 -0.0655252 -0.102601 0.992562 0.109026 -0.0859016 0.99032 0.111979 -0.0860076 0.989982 0.286293 -0.0662615 0.955848 0.287325 -0.0666172 0.955514 0.456336 -0.0442065 0.888709 0.455542 -0.0448409 0.889084 0.61189 -0.0205359 0.790677 0.60965 -0.0214352 0.792381 0.746415 0.00384229 0.665469 0.743257 0.00270598 0.669001 0.854576 0.0279461 0.518573 0.851332 0.0266705 0.523949 0.932935 0.0508657 0.356434 0.930211 0.0495328 0.363668 0.980221 0.0720073 0.18434 0.978663 0.0707234 0.192918 0.995842 0.0906761 0.00873403 0.995826 0.0894511 0.0181536 0.970017 0.110495 -0.216465 0.973459 0.109044 -0.201216 0.883452 0.125754 -0.45133 0.889664 0.125055 -0.439158 0.783774 0.13208 -0.606839 0.788869 0.132023 -0.600214 0.653818 0.13402 -0.744688 0.662958 0.134283 -0.736515 0.445746 0.129112 -0.885799 0.456272 0.129765 -0.880328 0.188142 0.114382 -0.975458 0.197366 0.091878 -0.976015 0.083369 0.0767979 -0.993555 0.0791568 0.0783359 -0.993779 -0.0613967 0.0687307 -0.995744 -0.0460554 0.094463 -0.994462 -0.28728 0.0679199 -0.955435 -0.286393 0.0680268 -0.955694 0.0608652 -0.0567938 0.996529 0.0588819 -0.0309977 0.997784 0.0603124 -0.0314597 0.997684 0.0614863 -0.0574778 0.996452 0.0568619 -0.00995428 0.998332 0.0586697 -0.0101365 0.998226 0.0549507 0.00321682 0.998484 0.0565683 0.00325746 0.998393 0.0536194 0.00655707 0.99854 0.0544952 0.00659529 0.998492 0.0533156 -0.000358933 0.998578 0.0531391 -0.000652506 0.998587 0.0537919 -0.0166142 0.998414 0.0528031 -0.0175283 0.998451 0.0547592 -0.0427263 0.997585 0.0539655 -0.0436075 0.99759 0.0567444 -0.07908 0.995252 0.0574001 -0.0796625 0.995168 0.0597885 -0.117362 0.991288 0.0621229 -0.120889 0.99072 0.0626403 -0.14501 0.987445 0.0648447 -0.147494 0.986935 0.0642292 -0.150486 0.986524 0.0652384 -0.149315 0.986635 0.0650873 -0.141211 0.987838 0.0650679 -0.14021 0.987981 0.0650856 -0.127495 0.989701 0.0647703 -0.125926 0.989923 0.0645189 -0.106737 0.992192 0.0643815 -0.105021 0.992384 0.0633173 -0.0814457 0.994665 0.0638427 -0.0800541 0.994744 0.0615286 -0.0545118 0.996616 0.0630575 -0.0536904 0.996565 0.059551 -0.0288388 0.997809 0.0620304 -0.0286418 0.997663 0.0575388 -0.00717784 0.998317 0.0606527 -0.00739838 0.998132 0.0556974 0.00816096 0.998414 0.0589288 0.00787509 0.998231 0.0542643 0.015603 0.998405 0.0571683 0.0155859 0.998243 0.0532376 0.0144782 0.998477 0.0557209 0.0150322 0.998333 0.0527503 0.00481505 0.998596 0.0548759 0.00605439 0.998475 0.0527822 -0.0140356 0.998507 0.0549794 -0.0111863 0.998425 0.0541281 -0.0454799 0.997498 0.0570263 -0.0396955 0.997583 0.057706 -0.0831669 0.994863 0.0617436 -0.0793844 0.99493 0.0622569 -0.114609 0.991458 0.0664768 -0.113938 0.991261 0.0656687 -0.129911 0.989349 0.0684807 -0.129548 0.989205 0.0657467 -0.110669 0.99168 0.0685713 -0.113826 0.991131 0.0689594 -0.152862 0.985839 0.0652355 -0.176407 0.982153 0.065577 -0.162473 0.984531 0.0622615 -0.153804 0.986138 0.0624454 -0.0833273 0.994564 0.0623072 -0.0840939 0.994508 -0.209892 -0.00984181 0.977675 -0.207886 -0.0265611 0.977792 -0.203618 -0.0264495 0.978693 -0.205751 -0.0100009 0.978553 -0.205608 -0.0493037 0.977392 -0.201926 -0.0486059 0.978194 -0.203075 -0.0755519 0.976244 -0.200655 -0.0741761 0.97685 -0.201031 -0.102403 0.974218 -0.199934 -0.100475 0.974644 -0.19964 -0.126775 0.971634 -0.199594 -0.124743 0.971906 -0.199067 -0.145586 0.969111 -0.199534 -0.143968 0.969257 -0.199334 -0.161797 0.966482 -0.199841 -0.159561 0.966749 -0.201111 -0.165222 0.965534 -0.200943 -0.166289 0.965386 -0.204998 -0.146113 0.967795 -0.204012 -0.14903 0.967558 -0.209542 -0.113025 0.971245 -0.20867 -0.113509 0.971377 -0.212778 -0.0761199 0.974131 -0.212393 -0.0768588 0.974157 -0.213871 -0.0457651 0.975789 -0.213899 -0.0466622 0.975741 -0.213976 -0.024026 0.976543 -0.213575 -0.0243469 0.976623 -0.213284 -0.010222 0.976937 -0.211918 -0.0101913 0.977234 -0.211456 -0.00634724 0.977367 -0.209036 -0.00626497 0.977888 -0.209113 -0.0131765 0.977803 -0.205821 -0.0133007 0.978499 -0.206853 -0.0296627 0.977922 -0.203093 -0.0300984 0.978697 -0.204413 -0.0533024 0.977432 -0.201069 -0.0540089 0.978087 -0.202001 -0.0803525 0.976083 -0.199791 -0.0811716 0.97647 -0.200002 -0.106737 0.973964 -0.199065 -0.107563 0.974065 -0.198765 -0.128591 0.971575 -0.19874 -0.129272 0.971489 -0.198566 -0.142737 0.969638 -0.198798 -0.143173 0.969526 -0.199731 -0.149466 0.968384 -0.199514 -0.14953 0.968419 -0.202822 -0.142514 0.968789 -0.201768 -0.142326 0.969037 -0.207711 -0.118282 0.971013 -0.206257 -0.115404 0.971669 -0.212778 -0.0839413 0.973488 -0.210966 -0.0781807 0.974362 -0.215781 -0.0492735 0.975198 -0.213383 -0.0455682 0.975905 -0.215991 -0.024183 0.976096 -0.213592 -0.0224367 0.976665 -0.215156 -0.00847107 0.976543 -0.21257 -0.00742364 0.977118 -0.213736 -0.000389647 0.976891 -0.210643 -3.3332e-06 0.977563 -0.211991 -0.000808795 0.977271 -0.208238 -0.000854791 0.978078 </float_array>
          <technique_common>
            <accessor count="822" offset="0" source="#meshId3-bitangents-array" stride="3">
              <param name="X" type="float" />
              <param name="Y" type="float" />
              <param name="Z" type="float" />
            </accessor>
          </technique_common>
        </source>
        <source id="meshId3-tex0" name="meshId3-tex0">
          <float_array id="meshId3-tex0-array" count="1644"> 0.343458 0.233829 0.382785 0.246768 0.331157 0.263536 0.300218 0.249509 0.433234 0.258402 0.37545 0.278078 0.305116 0.308438 0.266652 0.288121 0.243432 0.267582 0.53452 0.600846 0.482581 0.580641 0.486499 0.543959 0.538388 0.549117 0.434937 0.579811 0.439687 0.54086 0.443071 0.510643 0.489488 0.511503 0.539997 0.508551 0.224234 0.223479 0.268487 0.208877 0.274977 0.233087 0.228856 0.248112 0.306445 0.199673 0.320741 0.217721 0.555621 0.31517 0.559588 0.352748 0.503742 0.361037 0.481513 0.332356 0.559766 0.387729 0.504279 0.396469 0.454456 0.396908 0.448077 0.370499 0.436993 0.346106 0.48452 0.660011 0.442 0.64915 0.459504 0.626436 0.502058 0.636399 0.407896 0.637451 0.409938 0.618502 0.410699 0.599407 0.464532 0.611027 0.508803 0.620909 0.543322 0.458769 0.540296 0.48548 0.488916 0.486183 0.490362 0.461565 0.442351 0.490647 0.441917 0.464181 0.47446 0.599863 0.520097 0.609274 0.422771 0.589593 0.23745 0.151845 0.279447 0.133078 0.273189 0.173699 0.229809 0.188221 0.323425 0.123149 0.316507 0.159167 0.353246 0.924244 0.307046 0.955937 0.288964 0.930822 0.321046 0.891482 0.260907 0.987924 0.243175 0.969049 0.217595 0.954317 0.26121 0.906972 0.30454 0.859498 0.49128 0.283255 0.438492 0.299568 0.365517 0.328042 0.552246 0.423897 0.498043 0.429232 0.448873 0.430345 0.210741 0.0234651 0.235073 0.0125238 0.256443 0.0498954 0.22507 0.0622719 0.258825 0.0005 0.288147 0.0382101 0.312938 0.0705679 0.273889 0.0803709 0.234838 0.0973599 0.280461 0.106338 0.238829 0.124306 0.323341 0.0962554 0.395457 0.738028 0.370732 0.707669 0.406721 0.6781 0.440012 0.698429 0.346034 0.677262 0.373323 0.657857 0.367116 0.782797 0.345032 0.749558 0.353876 0.729304 0.37567 0.762936 0.322944 0.716277 0.332048 0.695697 0.345107 0.842473 0.321584 0.812198 0.332263 0.778659 0.3546 0.809121 0.297153 0.777046 0.309106 0.7434 0.322586 0.852167 0.347006 0.881673 0.298096 0.816569 0.746353 0.373044 0.82728 0.380983 0.813895 0.420209 0.750319 0.419917 0.886637 0.375686 0.85883 0.411181 0.838056 0.447638 0.807561 0.457636 0.752126 0.462094 0.847972 0.152023 0.819065 0.114018 0.845742 0.0976601 0.879093 0.136968 0.78864 0.0783054 0.811218 0.0587119 0.83322 0.0384003 0.872446 0.0812272 0.910801 0.122525 0.826523 0.473555 0.80007 0.485179 0.81741 0.494657 0.800905 0.506479 0.757001 0.522461 0.752262 0.49475 0.871347 0.270924 0.907073 0.249446 0.896749 0.287251 0.844623 0.297264 0.940891 0.24049 0.941899 0.291543 0.944444 0.345743 0.87854 0.325333 0.815553 0.320965 0.90177 0.16187 0.858638 0.177103 0.925594 0.148172 0.929767 0.169718 0.904284 0.182755 0.86176 0.200233 0.83713 0.526236 0.814621 0.534716 0.85257 0.562769 0.830226 0.56838 0.791372 0.583171 0.773107 0.552276 0.851335 0.353639 0.782205 0.345786 0.915676 0.355204 0.907816 0.21273 0.866297 0.23308 0.93615 0.200069 0.862358 0.659017 0.827096 0.684802 0.811205 0.67589 0.82887 0.648289 0.792809 0.712128 0.788999 0.696946 0.788544 0.682222 0.795461 0.666682 0.801379 0.646486 0.857533 0.608839 0.829446 0.61307 0.79978 0.617071 0.778161 0.0557257 0.799773 0.0368352 0.777826 0.0372388 0.788632 0.0254253 0.792809 0.00550572 0.808755 0.0159865 0.0897696 0.683067 0.160056 0.713453 0.115655 0.72852 0.0512848 0.703889 0.217778 0.733165 0.167129 0.745342 0.127756 0.75876 0.0846716 0.743067 0.0280707 0.724951 0.228687 0.484859 0.224965 0.455176 0.271803 0.451918 0.275035 0.483902 0.219704 0.41684 0.26757 0.415362 0.319714 0.395699 0.323685 0.446817 0.325457 0.486878 0.105128 0.775377 0.0594645 0.759955 0.0909905 0.793937 0.0530336 0.784559 0.0088108 0.769876 0.0134587 0.744874 0.239728 0.595034 0.289728 0.595195 0.289042 0.630065 0.233138 0.620892 0.345403 0.603568 0.345106 0.638003 0.340967 0.67509 0.266594 0.658455 0.221853 0.644686 0.194986 0.394638 0.194167 0.37459 0.243778 0.366722 0.248972 0.383183 0.192008 0.354702 0.226262 0.343154 0.268776 0.332245 0.286373 0.356666 0.293346 0.37323 0.274567 0.50827 0.228134 0.503806 0.325822 0.508921 0.328901 0.534281 0.276027 0.531644 0.227685 0.52902 0.207294 0.40576 0.259162 0.395518 0.304911 0.386024 0.101106 0.834578 0.0577801 0.819995 0.108123 0.870671 0.0641222 0.860732 0.0220846 0.841928 0.0143912 0.805414 0.00673281 0.0384648 0.0323319 0.0240717 0.07791 0.0621345 0.050154 0.0856213 0.0500939 0.00550574 0.0960021 0.0373417 0.141971 0.0688863 0.109852 0.101355 0.0933003 0.132906 0.223311 0.691463 0.15026 0.663071 0.276177 0.707708 0.283629 0.56306 0.234408 0.562102 0.337884 0.568135 0.0983317 0.923922 0.0747221 0.958527 0.0430897 0.94719 0.0592828 0.914162 0.0477466 0.9995 0.0241741 0.98829 0.0005 0.977313 0.0118275 0.934865 0.0201714 0.897062 0.108224 0.89754 0.0652847 0.88745 0.0235819 0.869396 0.157985 0.333752 0.191338 0.313557 0.131357 0.314092 0.156012 0.283726 0.180686 0.253403 0.224562 0.293253 0.118428 0.296054 0.140212 0.262479 0.110407 0.276046 0.132443 0.242778 0.15448 0.209568 0.161965 0.228887 0.0973341 0.249258 0.120438 0.213972 0.0859221 0.21575 0.110276 0.180589 0.133723 0.15031 0.142694 0.183473 0.0869784 0.176098 0.111404 0.140635 0.135763 0.111284 0.628376 0.535479 0.64837 0.571697 0.604228 0.563087 0.597881 0.526717 0.675026 0.607508 0.616158 0.602518 0.536113 0.611374 0.541855 0.565727 0.542983 0.524114 0.620142 0.945226 0.596743 0.924989 0.632794 0.885809 0.660088 0.902647 0.574152 0.903549 0.605799 0.868921 0.63548 0.831578 0.666955 0.847152 0.699069 0.862077 0.546743 0.46494 0.590577 0.479758 0.590098 0.500259 0.542582 0.492117 0.60744 0.49102 0.616727 0.510679 0.732513 0.639121 0.72987 0.694334 0.684835 0.69844 0.666731 0.659583 0.728923 0.745976 0.695187 0.736642 0.659565 0.714943 0.633016 0.688179 0.604183 0.664053 0.718075 0.815968 0.714008 0.837003 0.689967 0.822867 0.692574 0.80244 0.646661 0.80698 0.650061 0.784341 0.57971 0.404094 0.618428 0.418265 0.603663 0.451904 0.562165 0.435239 0.640628 0.423614 0.626188 0.459875 0.703642 0.628796 0.639821 0.630486 0.571276 0.638753 0.72432 0.786181 0.696039 0.773048 0.654629 0.752096 0.573933 0.304316 0.57362 0.29016 0.596993 0.310384 0.581656 0.319408 0.577251 0.275815 0.612554 0.301934 0.648426 0.326969 0.615416 0.337832 0.588323 0.339565 0.616771 0.373401 0.587396 0.369554 0.644578 0.377472 0.577251 0.975438 0.570381 0.956284 0.578948 0.944095 0.591979 0.963023 0.561721 0.943061 0.562281 0.925101 0.99072 0.709009 0.99072 0.746286 0.986628 0.746286 0.986628 0.709009 0.99072 0.76861 0.986628 0.76861 0.971611 0.635634 0.971611 0.615119 0.975974 0.615119 0.975974 0.635634 0.971611 0.587688 0.975974 0.587688 0.971611 0.352548 0.971611 0.335074 0.975974 0.335074 0.975974 0.352548 0.971611 0.310872 0.975974 0.310872 0.99072 0.379286 0.99072 0.414262 0.986628 0.414262 0.986628 0.379286 0.99072 0.438089 0.986628 0.438089 0.99072 0.789167 0.986628 0.789167 0.99072 0.81542 0.986628 0.81542 0.971611 0.677105 0.971611 0.654202 0.975974 0.654202 0.975974 0.677105 0.99072 0.536897 0.99072 0.565434 0.986628 0.565434 0.986628 0.536897 0.99072 0.609035 0.986628 0.609035 0.971611 0.490754 0.971611 0.454253 0.975974 0.454253 0.975974 0.490754 0.971611 0.434905 0.975974 0.434905 0.971611 0.280269 0.971611 0.268056 0.975974 0.268056 0.975974 0.280269 0.971611 0.254721 0.975974 0.254721 0.99072 0.309647 0.99072 0.327407 0.986628 0.327407 0.986628 0.309647 0.99072 0.3403 0.986628 0.3403 0.99072 0.456951 0.986628 0.456951 0.99072 0.481053 0.986628 0.481053 0.971611 0.389304 0.971611 0.368379 0.975974 0.368379 0.975974 0.389304 0.971611 0.310872 0.971611 0.29138 0.975974 0.29138 0.975974 0.310872 0.971611 0.280269 0.975974 0.280269 0.99072 0.353229 0.986628 0.353229 0.99072 0.379286 0.986628 0.379286 0.99072 0.81542 0.99072 0.847167 0.986628 0.847167 0.986628 0.81542 0.99072 0.872935 0.986628 0.872935 0.971611 0.729107 0.971611 0.704613 0.975974 0.704613 0.975974 0.729107 0.99072 0.00550574 0.99072 0.0456865 0.986628 0.0456865 0.986628 0.00550574 0.99072 0.0813717 0.986628 0.0813717 0.424853 0.183645 0.396797 0.183645 0.396797 0.180706 0.424853 0.180706 0.370924 0.183645 0.370924 0.180706 0.971611 0.0840041 0.971611 0.0482844 0.975974 0.0482844 0.975974 0.0840041 0.971611 0.00550574 0.975974 0.00550574 0.99072 0.609035 0.99072 0.662921 0.986628 0.662921 0.986628 0.609035 0.971611 0.541074 0.975974 0.541074 0.971611 0.490754 0.975974 0.490754 0.99072 0.509035 0.986628 0.509035 0.971611 0.413235 0.975974 0.413235 0.990721 0.92373 0.990721 0.960363 0.986628 0.960363 0.986628 0.92373 0.990721 0.99927 0.986628 0.99927 0.971611 0.8387 0.971611 0.804978 0.975974 0.804978 0.975974 0.8387 0.971611 0.774447 0.975974 0.774447 0.990721 0.895366 0.986628 0.895366 0.971611 0.749888 0.975974 0.749888 0.971611 0.254721 0.971611 0.234733 0.975974 0.234733 0.975974 0.254721 0.971611 0.210022 0.975974 0.210022 0.99072 0.232322 0.99072 0.276492 0.986628 0.276492 0.986628 0.232322 0.971611 0.191292 0.975974 0.191292 0.971611 0.176303 0.975974 0.176303 0.99072 0.179105 0.99072 0.198486 0.986628 0.198486 0.986628 0.179105 0.971611 0.158794 0.975974 0.158794 0.971611 0.136797 0.975974 0.136797 0.99072 0.137779 0.99072 0.160834 0.986628 0.160834 0.986628 0.137779 0.971611 0.11165 0.975974 0.11165 0.971611 0.0840041 0.975974 0.0840041 0.99072 0.0813717 0.99072 0.111083 0.986628 0.111083 0.986628 0.0813717 0.960627 0.414276 0.960627 0.439709 0.956594 0.439709 0.956594 0.414276 0.960627 0.464382 0.956594 0.464382 0.944268 0.833883 0.944268 0.880915 0.941577 0.880915 0.941577 0.833883 0.944268 0.91858 0.941577 0.91858 0.944268 0.390222 0.944268 0.447955 0.941577 0.447955 0.941577 0.390222 0.944268 0.493688 0.941577 0.493688 0.960627 0.689234 0.960627 0.736305 0.956594 0.736305 0.956594 0.689234 0.960627 0.774363 0.956594 0.774363 0.960627 0.380966 0.960627 0.394592 0.956594 0.394592 0.956594 0.380966 0.944268 0.947664 0.941577 0.947664 0.944268 0.975896 0.941577 0.975896 0.960627 0.516338 0.960627 0.554416 0.956594 0.554416 0.956594 0.516338 0.960627 0.587569 0.956594 0.587569 0.944268 0.645326 0.944268 0.688835 0.941577 0.688835 0.941577 0.645326 0.944268 0.734507 0.941577 0.734507 0.960627 0.634201 0.960627 0.654418 0.956594 0.654418 0.956594 0.634201 0.944268 0.524355 0.941577 0.524355 0.944268 0.558228 0.941577 0.558228 0.960627 0.344219 0.960627 0.364974 0.956594 0.364974 0.956594 0.344219 0.960627 0.380966 0.956594 0.380966 0.960627 0.00550574 0.960627 0.0515418 0.956594 0.0515418 0.956594 0.00550574 0.960627 0.0965673 0.956594 0.0965673 0.960627 0.486046 0.956594 0.486046 0.960627 0.516338 0.956594 0.516338 0.944268 0.783303 0.941577 0.783303 0.944268 0.833883 0.941577 0.833883 0.960627 0.6141 0.956594 0.6141 0.944268 0.600718 0.941577 0.600718 0.944268 0.645326 0.941577 0.645326 0.960627 0.232608 0.960627 0.26275 0.956594 0.26275 0.956594 0.232608 0.960627 0.292334 0.956594 0.292334 0.960627 0.19769 0.960627 0.210372 0.956594 0.210372 0.956594 0.19769 0.960627 0.232608 0.956594 0.232608 0.960627 0.163346 0.960627 0.182932 0.956594 0.182932 0.956594 0.163346 0.960627 0.292334 0.960627 0.320565 0.956594 0.320565 0.956594 0.292334 0.960627 0.135108 0.956594 0.135108 0.956594 0.848149 0.956594 0.831451 0.959492 0.831451 0.959492 0.848149 0.944268 0.350901 0.941577 0.350901 0.960627 0.813054 0.960627 0.830227 0.956594 0.830227 0.956594 0.813054 0.956594 0.863421 0.959492 0.863421 0.960627 0.796413 0.956594 0.796413 0.960627 0.813054 0.956594 0.813054 0.125643 0.932096 0.205119 0.932096 0.205119 0.936872 0.125643 0.936872 0.125643 0.76615 0.125643 0.76137 0.205119 0.76137 0.205119 0.76615 0.125643 0.927305 0.205119 0.927305 0.125643 0.922487 0.205119 0.922487 0.125643 0.917633 0.205119 0.917633 0.125643 0.912718 0.205119 0.912718 0.125643 0.907711 0.205119 0.907711 0.125643 0.902108 0.205119 0.902108 0.125643 0.894794 0.205119 0.894794 0.125643 0.886312 0.205119 0.886312 0.125643 0.879015 0.205119 0.879015 0.125643 0.87344 0.205119 0.87344 0.125643 0.868463 0.205119 0.868463 0.125643 0.86358 0.205119 0.86358 0.125643 0.858752 0.205119 0.858752 0.125643 0.853955 0.205119 0.853955 0.125643 0.849175 0.205119 0.849175 0.125643 0.844397 0.205119 0.844397 0.125643 0.839605 0.205119 0.839605 0.125643 0.834787 0.205119 0.834787 0.125643 0.829931 0.205119 0.829931 0.125643 0.825017 0.205119 0.825017 0.125643 0.820012 0.205119 0.820012 0.125643 0.814408 0.205119 0.814408 0.125643 0.807088 0.205119 0.807088 0.125643 0.798602 0.205119 0.798602 0.125643 0.791299 0.205119 0.791299 0.125643 0.785724 0.205119 0.785724 0.125643 0.78075 0.205119 0.78075 0.125643 0.774142 0.205119 0.774142 0.125643 0.770948 0.205119 0.770948 0.325014 0.195795 0.326116 0.197793 0.31534 0.204683 0.313011 0.200478 0.32757 0.199552 0.318408 0.208391 0.329341 0.201018 0.322128 0.211476 0.331377 0.202153 0.326372 0.213854 0.33362 0.202914 0.331011 0.215443 0.336004 0.203284 0.335929 0.216203 0.338458 0.203241 0.341006 0.216094 0.341381 0.202358 0.346905 0.214326 0.34516 0.200197 0.354293 0.210108 0.348598 0.197534 0.361003 0.204889 0.350522 0.195176 0.364867 0.200108 0.351487 0.192933 0.366869 0.195463 0.352038 0.190601 0.367992 0.190648 0.35217 0.188253 0.368231 0.185784 0.351875 0.18596 0.367585 0.180991 0.351172 0.183787 0.366084 0.176418 0.350079 0.181799 0.363758 0.172215 0.348634 0.180048 0.360696 0.168508 0.346874 0.178587 0.356984 0.165423 0.34485 0.177456 0.352749 0.163042 0.342616 0.176693 0.348118 0.161449 0.34024 0.17632 0.343205 0.160683 0.337791 0.176357 0.338122 0.160789 0.334867 0.177226 0.332214 0.162551 0.331075 0.179366 0.324824 0.166761 0.327616 0.182011 0.318111 0.171969 0.325673 0.184361 0.314243 0.176732 0.324692 0.186606 0.312235 0.181363 0.32414 0.188947 0.311688 0.189747 0.324005 0.191306 0.310855 0.191108 0.324305 0.193611 0.311505 0.195903 0.360564 0.124359 0.362407 0.12306 0.373084 0.135916 0.369168 0.138671 0.363974 0.121439 0.37642 0.132489 0.365213 0.119536 0.379055 0.128484 0.36609 0.117408 0.380923 0.124039 0.366572 0.115113 0.381954 0.119291 0.366645 0.112721 0.382121 0.114357 0.366296 0.110305 0.381397 0.109354 0.365053 0.107521 0.378914 0.103726 0.36243 0.104039 0.373804 0.0969194 0.359347 0.100951 0.367782 0.0908962 0.35676 0.0993218 0.362559 0.0876258 0.354407 0.0986269 0.357697 0.0861719 0.352016 0.0983488 0.352762 0.0855973 0.34966 0.0984857 0.347879 0.0858956 0.34741 0.0990355 0.343173 0.0870599 0.345328 0.0999756 0.33879 0.0890471 0.343476 0.101282 0.334875 0.0918088 0.341903 0.102911 0.331544 0.0952453 0.340659 0.104823 0.328916 0.099256 0.33978 0.106961 0.327056 0.103705 0.3393 0.109265 0.326033 0.108454 0.339233 0.111663 0.325872 0.113384 0.339591 0.114083 0.326596 0.118374 0.340849 0.116863 0.329076 0.123986 0.343491 0.120331 0.334177 0.130785 0.346586 0.123401 0.340192 0.136805 0.349174 0.125017 0.345418 0.140077 0.351522 0.125706 0.350283 0.141536 0.353904 0.125981 0.355213 0.142111 0.356251 0.125843 0.360087 0.141813 0.358491 0.125294 0.364788 0.140651 </float_array>
          <technique_common>
            <accessor count="822" offset="0" source="#meshId3-tex0-array" stride="2">
              <param name="S" type="float" />
              <param name="T" type="float" />
            </accessor>
          </technique_common>
        </source>
        <vertices id="meshId3-vertices">
          <input semantic="POSITION" source="#meshId3-positions" />
        </vertices>
        <polylist count="876" material="defaultMaterial">
          <input offset="0" semantic="VERTEX" source="#meshId3-vertices" />
          <input offset="0" semantic="NORMAL" source="#meshId3-normals" />
          <input offset="0" semantic="TANGENT" source="#meshId3-tangents" />
          <input offset="0" semantic="BINORMAL" source="#meshId3-bitangents" />
          <input offset="0" semantic="TEXCOORD" source="#meshId3-tex0" set="0" />
          <vcount>3 3 3 3 3 3 3 3 3 3 3 3 3 3 3 3 3 3 3 3 3 3 3 3 3 3 3 3 3 3 3 3 3 3 3 3 3 3 3 3 3 3 3 3 3 3 3 3 3 3 3 3 3 3 3 3 3 3 3 3 3 3 3 3 3 3 3 3 3 3 3 3 3 3 3 3 3 3 3 3 3 3 3 3 3 3 3 3 3 3 3 3 3 3 3 3 3 3 3 3 3 3 3 3 3 3 3 3 3 3 3 3 3 3 3 3 3 3 3 3 3 3 3 3 3 3 3 3 3 3 3 3 3 3 3 3 3 3 3 3 3 3 3 3 3 3 3 3 3 3 3 3 3 3 3 3 3 3 3 3 3 3 3 3 3 3 3 3 3 3 3 3 3 3 3 3 3 3 3 3 3 3 3 3 3 3 3 3 3 3 3 3 3 3 3 3 3 3 3 3 3 3 3 3 3 3 3 3 3 3 3 3 3 3 3 3 3 3 3 3 3 3 3 3 3 3 3 3 3 3 3 3 3 3 3 3 3 3 3 3 3 3 3 3 3 3 3 3 3 3 3 3 3 3 3 3 3 3 3 3 3 3 3 3 3 3 3 3 3 3 3 3 3 3 3 3 3 3 3 3 3 3 3 3 3 3 3 3 3 3 3 3 3 3 3 3 3 3 3 3 3 3 3 3 3 3 3 3 3 3 3 3 3 3 3 3 3 3 3 3 3 3 3 3 3 3 3 3 3 3 3 3 3 3 3 3 3 3 3 3 3 3 3 3 3 3 3 3 3 3 3 3 3 3 3 3 3 3 3 3 3 3 3 3 3 3 3 3 3 3 3 3 3 3 3 3 3 3 3 3 3 3 3 3 3 3 3 3 3 3 3 3 3 3 3 3 3 3 3 3 3 3 3 3 3 3 3 3 3 3 3 3 3 3 3 3 3 3 3 3 3 3 3 3 3 3 3 3 3 3 3 3 3 3 3 3 3 3 3 3 3 3 3 3 3 3 3 3 3 3 3 3 3 3 3 3 3 3 3 3 3 3 3 3 3 3 3 3 3 3 3 3 3 3 3 3 3 3 3 3 3 3 3 3 3 3 3 3 3 3 3 3 3 3 3 3 3 3 3 3 3 3 3 3 3 3 3 3 3 3 3 3 3 3 3 3 3 3 3 3 3 3 3 3 3 3 3 3 3 3 3 3 3 3 3 3 3 3 3 3 3 3 3 3 3 3 3 3 3 3 3 3 3 3 3 3 3 3 3 3 3 3 3 3 3 3 3 3 3 3 3 3 3 3 3 3 3 3 3 3 3 3 3 3 3 3 3 3 3 3 3 3 3 3 3 3 3 3 3 3 3 3 3 3 3 3 3 3 3 3 3 3 3 3 3 3 3 3 3 3 3 3 3 3 3 3 3 3 3 3 3 3 3 3 3 3 3 3 3 3 3 3 3 3 3 3 3 3 3 3 3 3 3 3 3 3 3 3 3 3 3 3 3 3 3 3 3 3 3 3 3 3 3 3 3 3 3 3 3 3 3 3 3 3 3 3 3 3 3 3 3 3 3 3 3 3 3 3 3 3 3 3 3 3 3 3 3 3 3 3 3 3 3 3 3 3 3 3 3 3 3 3 3 3 3 3 3 3 3 3 3 3 3 3 3 3 3 3 3 3 3 3 3 3 3 3 3 3 3 3 3 3 3 3 3 3 3 3 3 3 3 3 3 3 3 3 3 3 3 3 3 3 3 3 3 3 3 3 3 3 3 3 3 3 3 3 3 3 3 3 3 3 3 3 3 3 3 3 3 3 3 3 3 3 3 3 3 3 3 3 3 3 3 3 3 3 3 3 3 3 3 3 3 3 3 3 3 3 3 3 3 3 3 3 3 3 3 3 3 3 3 3 3 3 3 3 3 3 3 3 3 3 3 3 3 3 3 3 3 3 3 3 3 3 3 3 3 3 3 3 3 3 3 3 3 3 </vcount>
          <p>3 0 1 1 2 3 2 1 4 4 5 2 5 6 7 7 2 5 2 7 8 8 3 2 12 9 10 10 11 12 11 10 13 13 14 11 14 15 16 16 11 14 11 16 17 17 12 11 21 18 19 19 20 21 20 19 22 22 23 20 23 0 3 3 20 23 20 3 8 8 21 20 27 24 25 25 26 27 26 25 28 28 29 26 29 30 31 31 26 29 26 31 32 32 27 26 36 33 34 34 35 36 35 34 37 37 38 35 38 39 40 40 35 38 35 40 41 41 36 35 45 42 43 43 44 45 44 43 17 17 16 44 16 15 46 46 44 16 44 46 47 47 45 44 49 41 40 40 48 49 48 40 39 39 50 48 50 13 10 10 48 50 48 10 9 9 49 48 54 51 52 52 53 54 53 52 55 55 56 53 56 22 19 19 53 56 53 19 18 18 54 53 60 57 58 58 59 60 59 58 61 61 62 59 62 63 64 64 59 62 59 64 65 65 60 59 5 4 66 66 67 5 67 66 24 24 27 67 27 32 68 68 67 27 67 68 6 6 5 67 29 28 69 69 70 29 70 69 42 42 45 70 45 47 71 71 70 45 70 71 30 30 29 70 75 72 73 73 74 75 74 73 76 76 77 74 77 78 79 79 74 77 74 79 80 80 75 74 82 80 79 79 81 82 81 79 78 78 83 81 83 55 52 52 81 83 81 52 51 51 82 81 87 84 85 85 86 87 86 85 88 88 89 86 89 37 34 34 86 89 86 34 33 33 87 86 93 90 91 91 92 93 92 91 94 94 95 92 95 88 85 85 92 95 92 85 84 84 93 92 99 96 97 97 98 99 98 97 100 100 101 98 101 94 91 91 98 101 98 91 90 90 99 98 103 57 60 60 102 103 102 60 65 65 104 102 104 100 97 97 102 104 102 97 96 96 103 102 108 105 106 106 107 108 107 106 109 109 110 107 110 111 112 112 107 110 107 112 113 113 108 107 117 114 115 115 116 117 116 115 118 118 119 116 119 120 121 121 116 119 116 121 122 122 117 116 112 111 123 123 124 112 124 123 125 125 126 124 126 127 128 128 124 126 124 128 113 113 112 124 132 129 130 130 131 132 131 130 133 133 134 131 134 135 136 136 131 134 131 136 137 137 132 131 139 114 117 117 138 139 138 117 122 122 140 138 140 141 142 142 138 140 138 142 143 143 139 138 126 125 144 144 145 126 145 144 146 146 147 145 147 148 149 149 145 147 145 149 127 127 126 145 151 137 136 136 150 151 150 136 135 135 152 150 152 109 106 106 150 152 150 106 105 105 151 150 154 143 142 142 153 154 153 142 141 141 155 153 155 133 130 130 153 155 153 130 129 129 154 153 159 156 157 157 158 159 158 157 160 160 161 158 161 162 163 163 158 161 158 163 164 164 159 158 147 146 165 165 166 147 166 165 156 156 159 166 159 164 167 167 166 159 166 167 148 148 147 166 119 118 168 168 169 119 169 168 170 170 171 169 171 172 173 173 169 171 169 173 120 120 119 169 177 174 175 175 176 177 176 175 178 178 179 176 179 180 181 181 176 179 176 181 182 182 177 176 186 183 184 184 185 186 185 184 187 187 188 185 188 189 190 190 185 188 185 190 191 191 186 185 181 180 192 192 193 181 193 192 194 194 195 193 195 196 197 197 193 195 193 197 182 182 181 193 201 198 199 199 200 201 200 199 202 202 203 200 203 204 205 205 200 203 200 205 206 206 201 200 210 207 208 208 209 210 209 208 211 211 212 209 212 213 214 214 209 212 209 214 215 215 210 209 217 183 186 186 216 217 216 186 191 191 218 216 218 219 220 220 216 218 216 220 221 221 217 216 188 187 222 222 223 188 223 222 207 207 210 223 210 215 224 224 223 210 223 224 189 189 188 223 195 194 225 225 226 195 226 225 227 227 228 226 228 229 230 230 226 228 226 230 196 196 195 226 234 231 232 232 233 234 233 232 235 235 236 233 236 237 238 238 233 236 233 238 239 239 234 233 241 206 205 205 240 241 240 205 204 204 242 240 242 178 175 175 240 242 240 175 174 174 241 240 244 221 220 220 243 244 243 220 219 219 245 243 245 202 199 199 243 245 243 199 198 198 244 243 249 246 247 247 248 249 248 247 250 250 251 248 251 252 253 253 248 251 248 253 254 254 249 248 228 227 255 255 256 228 256 255 246 246 249 256 249 254 257 257 256 249 256 257 229 229 228 256 212 211 258 258 259 212 259 258 260 260 261 259 261 262 263 263 259 261 259 263 213 213 212 259 261 260 264 264 265 261 265 264 266 266 267 265 267 268 269 269 265 267 265 269 262 262 261 265 267 266 270 270 271 267 271 270 272 272 273 271 273 274 275 275 271 273 271 275 268 268 267 271 273 272 276 276 277 273 277 276 239 239 238 277 238 237 278 278 277 238 277 278 274 274 273 277 282 279 280 280 281 282 281 280 283 283 284 281 284 285 286 286 281 284 281 286 287 287 282 281 291 288 289 289 290 291 290 289 292 292 293 290 293 294 295 295 290 293 290 295 296 296 291 290 300 297 298 298 299 300 299 298 301 301 302 299 302 279 282 282 299 302 299 282 287 287 300 299 306 303 304 304 305 306 305 304 307 307 308 305 308 309 310 310 305 308 305 310 311 311 306 305 315 312 313 313 314 315 314 313 296 296 295 314 295 294 316 316 314 295 314 316 317 317 315 314 321 318 319 319 320 321 320 319 322 322 323 320 323 301 298 298 320 323 320 298 297 297 321 320 284 283 324 324 325 284 325 324 303 303 306 325 306 311 326 326 325 306 325 326 285 285 284 325 308 307 327 327 328 308 328 327 312 312 315 328 315 317 329 329 328 315 328 329 309 309 308 328 333 330 331 331 332 333 332 331 334 334 335 332 335 336 337 337 332 335 332 337 338 338 333 332 340 338 337 337 339 340 339 337 336 336 341 339 341 322 319 319 339 341 339 319 318 318 340 339 345 342 343 343 344 345 344 343 346 346 347 344 347 292 289 289 344 347 344 289 288 288 345 344 351 348 349 349 350 351 350 349 352 352 353 350 357 354 355 355 356 357 356 355 358 358 359 356 363 360 361 361 362 363 362 361 364 364 365 362 369 366 367 367 368 369 368 367 370 370 371 368 353 352 372 372 373 353 373 372 374 374 375 373 379 376 377 377 378 379 378 377 354 354 357 378 383 380 381 381 382 383 382 381 384 384 385 382 389 386 387 387 388 389 388 387 390 390 391 388 395 392 393 393 394 395 394 393 396 396 397 394 401 398 399 399 400 401 400 399 402 402 403 400 371 370 404 404 405 371 405 404 406 406 407 405 411 408 409 409 410 411 410 409 360 360 363 410 415 412 413 413 414 415 414 413 416 416 417 414 403 402 418 418 419 403 419 418 420 420 421 419 425 422 423 423 424 425 424 423 426 426 427 424 431 428 429 429 430 431 430 429 376 376 379 430 435 432 433 433 434 435 434 433 436 436 437 434 441 438 439 439 440 441 440 439 442 442 443 440 447 444 445 445 446 447 446 445 448 448 449 446 453 450 451 451 452 453 452 451 348 348 351 452 359 358 454 454 455 359 455 454 456 456 457 455 407 406 458 458 459 407 459 458 380 380 383 459 391 390 460 460 461 391 461 460 408 408 411 461 465 462 463 463 464 465 464 463 466 466 467 464 471 468 469 469 470 471 470 469 472 472 473 470 427 426 474 474 475 427 475 474 462 462 465 475 473 472 476 476 477 473 477 476 428 428 431 477 481 478 479 479 480 481 480 479 482 482 483 480 487 484 485 485 486 487 486 485 398 398 401 486 483 482 488 488 489 483 489 488 490 490 491 489 495 492 493 493 494 495 494 493 484 484 487 494 491 490 496 496 497 491 497 496 498 498 499 497 503 500 501 501 502 503 502 501 492 492 495 502 499 498 504 504 505 499 505 504 506 506 507 505 511 508 509 509 510 511 510 509 500 500 503 510 515 512 513 513 514 515 514 513 516 516 517 514 521 518 519 519 520 521 520 519 522 522 523 520 527 524 525 525 526 527 526 525 528 528 529 526 533 530 531 531 532 533 532 531 534 534 535 532 539 536 537 537 538 539 538 537 512 512 515 538 523 522 540 540 541 523 541 540 542 542 543 541 547 544 545 545 546 547 546 545 548 548 549 546 553 550 551 551 552 553 552 551 554 554 555 552 559 556 557 557 558 559 558 557 530 530 533 558 529 528 560 560 561 529 561 560 562 562 563 561 567 564 565 565 566 567 566 565 568 568 569 566 573 570 571 571 572 573 572 571 574 574 575 572 517 516 576 576 577 517 577 576 578 578 579 577 555 554 580 580 581 555 581 580 582 582 583 581 549 548 584 584 585 549 585 584 556 556 559 585 563 562 586 586 587 563 587 586 588 588 589 587 593 590 591 591 592 593 592 591 594 594 595 592 599 596 597 597 598 599 598 597 600 600 601 598 605 602 603 603 604 605 604 603 596 596 599 604 609 606 607 607 608 609 608 607 564 564 567 608 575 574 610 610 611 575 611 610 602 602 605 611 615 612 613 613 614 615 617 616 524 524 527 617 621 618 619 619 620 621 623 622 612 612 615 623 535 534 624 624 625 535 625 624 626 626 627 625 631 628 629 629 630 631 635 632 633 633 634 635 629 628 636 636 637 629 637 636 638 638 639 637 639 638 640 640 641 639 641 640 642 642 643 641 643 642 644 644 645 643 645 644 646 646 647 645 647 646 648 648 649 647 649 648 650 650 651 649 651 650 652 652 653 651 653 652 654 654 655 653 655 654 656 656 657 655 657 656 658 658 659 657 659 658 660 660 661 659 661 660 662 662 663 661 663 662 664 664 665 663 665 664 666 666 667 665 667 666 668 668 669 667 669 668 670 670 671 669 671 670 672 672 673 671 673 672 674 674 675 673 675 674 676 676 677 675 677 676 678 678 679 677 679 678 680 680 681 679 681 680 682 682 683 681 683 682 684 684 685 683 685 684 686 686 687 685 687 686 688 688 689 687 689 688 690 690 691 689 691 690 692 692 693 691 692 632 635 635 693 692 697 694 695 695 696 697 696 695 698 698 699 696 699 698 700 700 701 699 701 700 702 702 703 701 703 702 704 704 705 703 705 704 706 706 707 705 707 706 708 708 709 707 709 708 710 710 711 709 711 710 712 712 713 711 713 712 714 714 715 713 715 714 716 716 717 715 717 716 718 718 719 717 719 718 720 720 721 719 721 720 722 722 723 721 723 722 724 724 725 723 725 724 726 726 727 725 727 726 728 728 729 727 729 728 730 730 731 729 731 730 732 732 733 731 733 732 734 734 735 733 735 734 736 736 737 735 737 736 738 738 739 737 739 738 740 740 741 739 741 740 742 742 743 741 743 742 744 744 745 743 745 744 746 746 747 745 747 746 748 748 749 747 749 748 750 750 751 749 751 750 752 752 753 751 753 752 754 754 755 753 755 754 756 756 757 755 757 756 694 694 697 757 761 758 759 759 760 761 760 759 762 762 763 760 763 762 764 764 765 763 765 764 766 766 767 765 767 766 768 768 769 767 769 768 770 770 771 769 771 770 772 772 773 771 773 772 774 774 775 773 775 774 776 776 777 775 777 776 778 778 779 777 779 778 780 780 781 779 781 780 782 782 783 781 783 782 784 784 785 783 785 784 786 786 787 785 787 786 788 788 789 787 789 788 790 790 791 789 791 790 792 792 793 791 793 792 794 794 795 793 795 794 796 796 797 795 797 796 798 798 799 797 799 798 800 800 801 799 801 800 802 802 803 801 803 802 804 804 805 803 805 804 806 806 807 805 807 806 808 808 809 807 809 808 810 810 811 809 811 810 812 812 813 811 813 812 814 814 815 813 815 814 816 816 817 815 817 816 818 818 819 817 819 818 820 820 821 819 821 820 758 758 761 821 </p>
        </polylist>
      </mesh>
    </geometry>
  </library_geometries>
  <library_visual_scenes>
    <visual_scene id="root" name="root">
      <node id="Ground_LOW" name="Ground_LOW">
        <matrix>1 0 0 0 0 1 0 0 0 0 1 0 0 0 0 1</matrix>
        <instance_geometry url="#meshId0">
          <bind_material>
            <technique_common>
              <instance_material symbol="defaultMaterial" target="#Beach" />
            </technique_common>
          </bind_material>
        </instance_geometry>
      </node>
      <node id="Water_LOW" name="Water_LOW">
        <matrix>1 0 0 0 0 1 0 0 0 0 1 0 0 0 0 1</matrix>
        <instance_geometry url="#meshId1">
          <bind_material>
            <technique_common>
              <instance_material symbol="defaultMaterial" target="#Water" />
            </technique_common>
          </bind_material>
        </instance_geometry>
      </node>
      <node id="Boat_LOW" name="Boat_LOW">
        <matrix>1 0 0 0 0 1 0 0 0 0 1 0 0 0 0 1</matrix>
        <instance_geometry url="#meshId2">
          <bind_material>
            <technique_common>
              <instance_material symbol="defaultMaterial" target="#Boat" />
            </technique_common>
          </bind_material>
        </instance_geometry>
      </node>
      <node id="Ribbon_LOW" name="Ribbon_LOW">
        <matrix>1 0 0 0 0 1 0 0 0 0 1 0 0 0 0 1</matrix>
        <instance_geometry url="#meshId3">
          <bind_material>
            <technique_common>
              <instance_material symbol="defaultMaterial" target="#Ribbon" />
            </technique_common>
          </bind_material>
        </instance_geometry>
      </node>
    </visual_scene>
  </library_visual_scenes>
  <scene>
    <instance_visual_scene url="#root" />
  </scene>
</COLLADA>
